cohort,fold,event,x1,x2,x3,x4,x5,x6,x7,x8,x9,x10
development,1,1,0.757996,0.178916,-0.615758,1.805406,0.498621,0.867026,0.755352,-0.231324,0.508302,0.307292
development,2,1,1.435902,-0.821264,3.091026,0.810677,-0.337803,-0.461082,-0.440729,-1.890968,1.887363,0.674287
development,3,0,-1.276232,-0.669603,-0.724639,-1.493631,-0.261373,0.042547,1.721498,0.343292,0.136829,-0.592851
development,4,0,0.267006,-0.514818,-0.260764,-1.168374,-2.034917,0.552387,-0.601345,2.856715,-1.462684,-0.248825
development,5,1,-0.205891,1.983868,-0.158658,0.375262,0.204368,0.362453,1.472769,0.229524,-0.233647,-0.168913
development,1,0,-0.186319,1.067093,-0.003364,0.155278,-0.37876,-0.305543,0.390333,-2.578442,0.226333,-1.180845
development,2,0,-0.303334,1.009749,0.553865,-0.535703,0.233057,0.16732,-0.485399,-1.289383,0.385644,0.103367
development,3,0,-0.232392,-2.668573,-0.710189,-0.34527,-0.089184,0.313994,-0.791845,0.130536,0.272812,-0.74117
development,4,0,-0.64044,0.549163,-0.817021,-0.204383,-0.227233,-0.113518,0.706975,0.510042,1.542279,-0.50962
development,5,0,-1.098194,1.269053,-1.011425,0.400936,0.04765,-1.233341,-0.364892,-0.772907,-0.17415,0.173595
development,1,0,1.196569,-0.185218,0.650999,-1.732414,1.859918,-1.876622,-0.419354,0.095049,0.163858,-0.333852
development,2,0,-1.728991,-1.03253,0.782261,-0.145893,-0.332058,1.853729,0.874493,-1.918856,0.168901,-1.601704
development,3,0,-0.831136,-0.219503,-0.528405,1.084117,-0.578306,0.268846,0.045134,-1.219306,0.315105,1.261045
development,4,0,0.508994,0.151388,1.562719,0.841372,-1.078418,0.280312,-0.00287,-0.603302,-1.083408,2.023938
development,5,0,-0.576929,-1.733086,0.092302,-0.044024,0.330259,-0.074977,-0.199548,0.081978,-0.192286,1.045792
development,1,0,1.689366,-0.191777,-0.285251,1.70956,-0.242033,0.168062,0.041425,-0.040103,0.553679,1.885703
development,2,0,0.608234,-0.740175,-0.318515,-1.205033,0.183663,-0.074624,-0.452833,-0.247861,0.979013,0.591528
development,3,0,-1.245843,-0.434014,0.306888,0.383851,2.01575,-0.327578,0.792765,0.596056,-1.299221,-0.322876
development,4,0,-1.561695,0.238046,-1.991328,1.37282,0.44208,-0.016675,0.072268,0.777915,0.557318,0.297617
development,5,0,1.339883,0.367947,-0.474313,-0.633283,-1.003044,0.914623,0.409806,1.049884,-0.815331,-0.60126
development,1,0,1.411127,-0.194044,0.836102,1.079484,0.854381,0.741057,0.687293,-1.205622,-1.103348,0.230827
development,2,0,0.101422,0.19892,1.108349,0.761608,-1.677256,-0.72834,-1.131482,-1.17522,-0.837915,-0.521638
development,3,0,-1.79356,-0.191412,-0.631462,-0.881116,0.314801,0.06749,-0.807603,-0.415352,1.580873,1.296086
development,4,0,0.727189,-0.188275,0.603977,-0.108435,1.790969,1.680621,-0.389478,-0.589727,-0.452109,1.491094
development,5,0,-2.059019,0.085783,-1.844649,-0.89636,0.400015,0.724666,0.4758,-0.034104,0.495561,0.455865
development,1,1,1.83814,-1.407794,0.257573,0.491061,0.429805,0.439782,0.775189,-0.27872,0.989075,0.45468
development,2,0,-0.072177,-0.479493,0.827625,0.392532,0.501161,1.46874,0.539933,-0.715613,-0.218955,-0.482831
development,3,0,-2.378172,-0.661705,-0.027177,0.129467,-0.347843,0.587232,0.032304,0.742575,-0.206641,1.599002
development,4,0,2.209526,0.281026,-0.867358,0.114621,0.668463,-1.169957,-1.234816,1.13048,0.721983,-1.877682
development,5,1,-1.125253,-0.491022,0.56386,0.032464,-0.836019,-0.912694,-0.904947,-0.820807,-0.90609,-0.809275
development,1,1,0.987097,0.523203,0.752031,-0.749133,-2.049243,-0.974644,0.216134,-0.683244,0.952779,1.972109
development,2,0,-0.907589,1.032935,2.417874,0.567909,0.210163,-0.927749,0.392068,0.476354,0.200058,-1.463095
development,3,1,-0.497382,0.044286,1.015933,0.067908,1.549895,1.269241,1.286318,0.32976,0.19305,0.257324
development,4,0,1.844276,-0.975691,0.469093,-0.832209,-0.39343,-1.079326,0.738089,1.870644,2.394994,0.873049
development,5,0,-1.471924,1.481614,0.348191,-1.150556,1.189777,-0.769813,0.919449,0.165981,0.588816,-0.667815
development,1,0,0.174587,-0.969803,-1.412642,-1.79962,-0.811736,0.182713,-1.051234,0.301847,-0.573137,0.98073
development,2,0,-0.908968,0.252904,-0.676401,-0.674682,0.177696,-1.896733,-0.013728,-0.430741,-1.043059,-0.616463
development,3,0,0.563093,2.027675,-0.77636,-0.21971,1.457789,0.04728,-1.655662,-0.998806,-0.019761,-0.044783
development,4,0,-3.245046,1.577401,-0.548736,-2.032243,-0.504253,-1.783822,-2.288466,1.933852,0.270791,1.38693
development,5,0,-0.723004,-0.473939,0.526644,-0.111398,-0.758925,-0.694975,0.59788,-0.396379,1.032898,0.571228
development,1,1,0.962271,2.341008,-0.340511,-0.263428,0.827388,-1.208607,1.25358,-0.962673,0.105966,1.3666
development,2,1,-0.645545,-0.290619,0.954696,-0.934988,-0.091222,-0.327174,-0.470064,1.033867,0.772052,0.001093
development,3,0,-0.697588,0.227989,-0.309546,0.753393,-1.097671,0.907035,0.563377,-0.63069,1.956614,0.601957
development,4,0,-0.761924,1.416195,1.639927,0.802263,0.091346,0.395883,0.264504,-1.499677,-0.467388,-0.90428
development,5,0,0.155612,0.887532,-1.659015,0.201691,0.976222,-2.821268,-0.812375,-0.00352,2.40887,-0.349859
development,1,0,1.243158,-1.001181,-0.201374,1.433835,-0.104066,-0.18479,-0.496925,-0.485279,-0.585475,0.346442
development,2,0,0.253588,-2.066617,-0.053323,-0.817946,-0.756952,1.60198,-1.185485,0.637816,0.439496,-0.213985
development,3,0,-1.078439,-0.057894,-0.447784,-0.193621,0.132903,-0.138947,1.077509,-2.28024,1.16805,-0.084697
development,4,0,-0.450973,1.046214,0.732396,0.393069,-0.85271,-1.532173,-0.723083,-1.006552,-0.140645,-0.26062
development,5,0,-0.246887,-2.307595,0.088074,-0.064772,-1.423428,1.30871,-0.442793,0.111316,0.646514,-1.243983
development,1,0,-0.449607,-0.407004,-0.680901,0.981272,-1.412608,-0.909528,1.271252,0.109394,-2.602668,1.636179
development,2,0,1.828388,-0.232608,0.430383,-1.217248,-0.349245,-0.898317,0.899927,0.261941,-0.180842,0.538877
development,3,0,-1.055165,-1.204824,-2.17299,0.901609,1.411625,-0.686899,2.07959,0.072918,-1.724071,1.007281
development,4,0,-1.127285,-0.364651,-0.945234,-1.610741,1.667944,-0.071255,-0.189902,0.283531,-0.832157,-0.434999
development,5,0,-1.263041,-0.004274,-2.283982,-1.338846,0.081703,-0.84201,-0.241257,0.775471,-1.047677,2.80209
development,1,0,0.267117,0.650392,-0.269847,-1.082579,1.627442,1.599991,0.89468,-1.303748,2.301471,-0.628098
development,2,0,0.384205,-3.089038,0.379217,-0.844938,-0.270358,-1.550695,-0.266568,-0.62843,-1.188643,-0.356131
development,3,1,-0.171144,-0.082044,0.670916,-0.504932,-1.123267,-0.504722,1.26588,-0.463931,0.452748,0.105265
development,4,0,1.479414,1.124997,-1.352633,0.440708,-0.072203,0.314115,0.352091,-0.218065,0.736154,-0.719297
development,5,0,0.49667,0.375887,-0.431881,-0.338619,-0.06061,-2.564515,0.564532,1.371873,0.513193,-0.970252
development,1,0,0.404944,-0.451823,-0.123487,-0.644712,0.140853,-0.745257,1.176846,1.669319,-1.378867,-0.328814
development,2,0,-1.838456,2.883755,0.062606,1.076124,-0.816008,-0.735021,-1.746416,-0.29285,-0.60114,-0.119132
development,3,0,-0.709201,-0.346292,0.158094,-1.20736,0.790924,-0.925406,1.163807,1.30774,0.558014,-0.19863
development,4,1,1.872313,1.110741,-0.889328,-1.563529,1.332623,0.446872,0.853363,0.939514,-1.481883,0.875769
development,5,0,0.765281,0.53485,-0.495984,-1.571892,1.035226,0.780681,1.436468,1.308414,-0.688244,-0.384727
development,1,1,0.113927,-2.153106,0.121825,1.194238,0.548503,0.762142,-0.296192,0.333392,1.240379,-0.612645
development,2,1,1.242873,1.971276,0.554914,0.188641,-0.198352,1.902121,0.1109,-0.291107,-0.159033,-0.261888
development,3,0,-0.870116,0.387856,-0.316757,-0.080352,-1.331286,-0.467561,-1.042776,0.832365,0.969543,0.157847
development,4,1,-0.319757,0.713102,0.666375,-1.704157,-0.23647,1.033591,-0.653549,-0.301047,0.108616,1.957197
development,5,0,-1.904889,-0.634052,0.068698,-1.492853,0.375005,0.420288,-0.543748,-0.660096,0.385747,-1.35252
development,1,0,-2.631342,2.548253,-1.587837,-0.330977,0.333016,1.300362,0.04904,-0.144664,0.649946,2.551226
development,2,1,-1.131089,-0.878482,1.877442,0.517915,1.146372,0.122471,0.620086,-0.004701,0.633868,-0.049666
development,3,0,-0.531039,-1.510538,1.529892,0.417797,-1.072885,-0.589452,-0.286659,-1.001178,-0.880573,0.254878
development,4,0,0.025425,0.873265,2.059825,0.415717,-0.75453,-0.982163,1.387014,-0.392363,-0.642103,0.28356
development,5,0,0.117428,1.050569,0.419906,0.190313,0.287547,1.041698,-0.616125,1.747029,-0.858028,0.372831
development,1,0,0.326062,-1.720935,1.294945,0.427071,-0.93162,-1.016418,1.406538,-0.261537,0.471698,1.054535
development,2,0,1.186888,-0.427261,1.339036,0.978215,-2.06593,0.616524,1.309926,-1.304156,-2.303342,-0.608491
development,3,1,-0.328712,0.791662,0.526974,-1.105719,-0.03279,-1.883504,0.876741,-0.969429,0.254312,-0.710069
development,4,1,1.853229,0.491412,0.536863,-0.496347,-0.123848,-1.345691,-0.639902,-0.093567,-1.382918,2.001094
development,5,0,-0.615274,-0.85147,-0.188229,0.036009,2.184625,-0.672338,-1.82379,0.469273,0.018849,-0.163982
development,1,1,0.417971,-0.306038,-1.298139,0.459479,-0.459453,0.286243,0.326979,-0.225389,0.055404,0.14506
development,2,1,0.926015,0.340222,0.326652,-0.812909,-0.257287,0.355077,-0.390083,1.854705,-0.302227,0.400114
development,3,0,-0.581126,-1.73394,0.127618,0.899819,-1.027437,0.481886,0.108059,0.601108,0.60842,0.171403
development,4,0,-0.177116,-1.285993,-0.179607,-1.32951,0.760916,0.375362,1.206897,0.536105,0.784781,0.256023
development,5,0,-0.896747,-0.436547,1.264711,1.164161,-1.08444,-0.476494,1.531207,-1.874099,-0.767241,-0.060659
development,1,0,-1.015033,-0.300592,-1.105581,-0.61988,0.493047,0.335563,-0.82294,0.237103,0.337959,2.10965
development,2,0,1.119762,-0.719782,-0.774231,-1.383721,-0.121582,1.326521,-0.744304,-0.79607,-0.732063,-0.032382
development,3,0,0.008806,-0.971617,-0.675745,0.501102,0.905844,0.718479,-1.649623,1.263838,0.617333,-0.356451
development,4,0,-0.804565,0.924144,0.837138,0.793745,-1.382467,-0.199774,-1.810104,-0.165989,0.582804,0.161484
development,5,0,0.879978,-0.333825,0.533987,0.531963,0.426601,0.836693,-0.42025,0.966239,-0.16446,1.364953
development,1,0,-1.136845,1.45938,0.861433,1.946788,1.234133,-0.219629,-0.13086,-0.565341,-0.359317,-2.392724
development,2,0,-1.005089,0.945455,0.547318,-1.345365,1.435013,0.524815,-0.609498,1.248841,-0.82043,-1.358664
development,3,1,-1.113258,1.839355,1.965656,-0.208958,-0.496128,-0.454531,0.243177,0.177423,0.154068,0.729126
development,4,0,0.797675,0.271761,0.338558,-0.179361,-0.188278,1.187258,-0.95592,2.349036,-0.010205,0.143215
development,5,1,0.176484,0.261057,0.099589,2.239012,0.371228,0.801138,-0.143721,-1.641685,-0.123692,0.228315
development,1,0,-0.735981,-1.149344,-0.199491,1.006933,-1.214991,-0.881623,-1.046395,1.329438,-1.298605,-1.292154
development,2,0,2.2656,-0.715928,-1.012414,-0.246367,0.641625,0.081601,-0.889403,0.570788,1.068107,0.268199
development,3,1,0.903238,0.069546,0.995132,-1.713919,-2.011582,-0.188441,1.132876,0.523048,0.210833,-0.035789
development,4,0,-0.10231,-1.181145,-0.147418,0.040666,0.218157,0.777631,-0.75509,0.304872,1.66423,-0.573675
development,5,0,-1.076967,-0.712194,-1.412033,0.370543,-0.404102,-0.140826,1.979511,0.310388,-0.988471,-1.628978
development,1,1,1.906835,2.006174,0.266471,-0.57765,0.198535,-0.513781,0.675796,-0.377254,-0.551546,-0.664305
development,2,0,-0.821858,-0.425294,0.931815,-0.329296,-0.249565,-0.753204,0.379137,-0.062747,1.097836,0.140757
development,3,0,-0.131248,-0.123082,0.816201,-0.322638,-1.579089,0.207962,-1.769794,0.099939,-0.047441,0.507652
development,4,0,-1.624323,-1.230474,0.62556,1.70196,-0.171337,0.846701,-0.807353,0.969574,0.578959,0.284178
development,5,1,-0.392248,1.009588,-1.195708,0.263713,-1.873348,-0.868653,0.500738,0.864588,-0.20856,0.295022
development,1,1,0.011806,2.775483,0.441953,0.677372,-1.389161,0.32522,-1.008965,-0.605503,-0.022038,-0.80922
development,2,0,0.197809,1.307236,-0.152375,0.525938,-1.874274,1.447436,-0.336044,1.370532,0.739911,-0.254435
development,3,0,-1.177675,-1.422525,0.054855,-0.109318,0.163124,0.603531,-0.323731,0.073928,0.507078,-0.220237
development,4,0,-0.940724,0.498964,0.600142,-1.054964,0.257845,-0.115029,0.954183,-0.486091,0.229443,0.320627
development,5,0,0.806077,-0.804614,-0.297121,1.072309,-0.224941,0.548741,-0.315483,0.118616,0.10806,-0.806085
development,1,1,1.32878,0.73281,-1.811852,0.122241,-1.119176,-1.739023,1.303402,0.40057,-1.511984,-0.72388
development,2,0,-1.089373,-0.023726,-0.718261,-0.208503,-0.679651,-1.839227,-1.071573,-1.431049,-0.724105,-0.755148
development,3,1,0.682719,1.517086,0.494068,-1.962869,1.026483,-0.106596,0.800546,-0.144739,-0.065619,0.137213
development,4,0,1.668686,-0.700708,-0.559735,-0.558148,-0.431153,-0.473694,-1.591911,-2.30086,-1.678227,0.927892
development,5,1,0.972334,0.021027,-1.55576,-0.745992,-0.000129,0.760282,-1.411919,-0.902567,0.118833,-0.362427
development,1,0,-0.034122,-1.003112,0.39801,0.553472,-1.454433,0.51994,0.487194,-0.915057,-0.308471,0.391323
development,2,0,-0.292899,-0.231824,1.000256,2.07622,-0.421804,-0.254345,0.823952,0.313395,0.675855,-0.216998
development,3,0,0.077934,0.554816,-2.390681,0.627531,2.664932,0.053816,1.73597,1.155397,1.6815,-0.767663
development,4,0,0.320486,-1.303745,-0.765173,-0.261188,-0.39853,1.357871,-0.186384,-0.013985,0.265887,-0.518159
development,5,0,0.028858,1.422407,1.708457,-0.33487,-0.003028,0.426797,0.855521,0.579079,-0.478138,-0.148849
development,1,0,1.043335,0.404108,-0.917931,-0.214052,-0.336999,-0.874709,-1.376153,0.034019,-0.711549,0.351245
development,2,0,-1.522071,0.074033,-0.842139,0.754107,-0.20731,-0.604387,0.433279,-1.041636,-0.456926,-0.03657
development,3,0,0.814344,-0.147575,0.921336,-1.867855,0.553255,-1.122995,-0.992865,-1.217637,-0.629365,-1.405382
development,4,0,1.353131,0.749172,0.60797,0.639798,1.298064,0.470681,-0.255661,-0.846843,1.017822,0.491086
development,5,0,-0.077636,0.752059,-0.312361,0.599918,0.335577,0.336757,-0.850264,0.968115,-0.043755,1.034626
development,1,0,0.369137,0.373261,-0.466123,-0.323061,1.915335,-0.258425,0.868488,0.15574,0.110248,2.282698
development,2,0,1.293218,-1.564077,-0.83302,0.048454,1.321595,0.551862,-1.440083,-1.116777,-0.938909,0.349801
development,3,1,1.636694,1.594003,-0.42272,-0.03767,-0.455094,0.320592,-0.766687,-1.133744,0.203093,0.071184
development,4,1,0.434257,1.212907,-2.066627,-0.393229,-0.141257,0.518088,-1.409092,-1.477542,-0.258615,-0.618829
development,5,1,-0.028793,-0.504154,0.876106,-0.054788,-0.384387,-1.298144,-0.552073,-0.450906,-0.284481,-0.34005
development,1,0,-1.663245,-2.284602,-0.469973,1.073898,-0.393299,-0.926295,0.032023,-0.929837,-0.016585,-1.053434
development,2,0,-0.535745,-0.097807,-0.36519,-1.006873,2.236416,-0.298251,-2.532404,0.176361,0.949123,0.533638
development,3,0,1.163166,0.119881,-0.627243,0.625624,1.500379,-0.28576,0.330668,-0.128817,-0.235705,0.517317
development,4,0,1.10559,0.233061,-2.121117,0.636348,-0.518765,-0.859155,0.661397,0.590555,-0.457704,0.836907
development,5,1,0.395084,0.196677,-0.648497,-1.261148,-0.400414,1.409942,-1.061377,-0.178823,-0.280997,0.116981
development,1,1,-1.179406,0.045657,-0.078194,0.064805,1.404995,-0.201912,3.052176,1.07287,-0.541893,-1.786285
development,2,0,1.223683,-0.767312,-0.811256,-0.439782,-2.088871,-0.62652,0.519923,1.389546,0.557067,-1.554361
development,3,1,0.318463,0.740269,0.96328,-0.044992,0.266713,1.306307,-0.411668,1.928264,-0.709916,3.340413
development,4,0,1.750011,1.225138,-0.651433,0.257233,0.704005,-0.536334,-2.563362,-0.480062,1.67193,0.966371
development,5,0,-1.290146,1.204935,-1.203172,0.572357,-0.021359,-1.491214,-0.08833,1.596626,-0.512139,0.400201
development,1,1,-0.55231,-0.657768,1.061973,-1.436499,-0.661637,-0.126925,-1.084537,0.086355,0.55749,0.729848
development,2,0,-0.965316,0.059383,0.335036,-0.330137,0.596645,-2.277091,0.31084,0.631158,-0.629345,-0.348674
development,3,0,-0.980614,-0.755083,0.649456,-0.167914,-0.27809,0.131498,0.465911,-0.687214,0.156397,-0.422321
development,4,0,-0.488775,0.744466,-0.822006,-0.228518,1.675641,0.062025,-0.23999,0.019666,-1.552579,0.072412
development,5,0,0.697029,1.133181,0.510375,1.887614,0.110836,0.674728,-0.097704,-1.255407,-0.603397,-1.762932
development,1,0,-0.602384,-0.060613,-1.438056,-1.810358,-1.639927,-0.319293,-2.652014,1.942272,-0.244695,-0.690362
development,2,0,-1.185109,-1.222339,0.688912,-0.071335,-0.383791,0.709773,2.186406,-0.20429,-0.652991,-0.29295
development,3,1,1.296521,2.365967,-0.917417,-0.034219,1.422089,0.198696,-0.715963,0.391582,0.020698,0.579344
development,4,0,1.463463,-0.769132,-1.15183,-0.011867,-0.255518,-0.031398,-0.792813,-0.838089,0.384601,0.746194
development,5,0,0.684385,1.423067,-0.256333,1.674446,0.436208,0.517273,-0.221263,-0.502669,-0.047653,1.110396
development,1,0,1.316394,-2.77958,-0.171086,0.351172,-1.261226,-1.498361,0.090845,0.265197,0.312801,-1.03015
development,2,0,-2.212678,0.916188,-0.6234,1.342059,1.097656,-1.100368,-0.265015,0.767658,-1.359142,-1.934107
development,3,0,0.320816,0.430744,0.432311,-0.315391,2.696725,-2.298805,0.381931,-0.502667,0.144437,-0.53128
development,4,1,0.309944,-0.681442,0.162597,-0.919956,-1.047831,-0.234836,-2.184613,0.619532,-0.492783,1.010995
development,5,1,-0.307496,0.751694,0.34937,0.428977,-0.359748,-0.610558,-0.359941,1.529821,-0.314607,-1.838569
development,1,0,0.27527,-0.898871,0.563746,-1.632483,-0.848632,-0.395854,0.343931,1.165116,0.229838,0.758429
development,2,0,-1.148675,-0.311223,-0.726385,1.934161,-0.160238,0.189783,-1.571504,-0.434405,-1.152705,0.868016
development,3,1,1.89547,1.484205,-0.554681,-0.051177,-0.077817,-0.291668,1.022781,0.336859,-0.000639,0.023908
development,4,1,-0.451699,0.765733,0.59068,-1.114721,-0.110327,1.346923,-0.143528,1.082579,0.726136,0.033148
development,5,0,-0.849536,-0.509751,0.6697,0.123844,-0.223431,0.068127,-1.120197,-1.192431,-0.869491,-1.342317
development,1,0,0.762312,-0.779614,-0.64355,-1.446898,-0.909086,1.582586,-1.346707,-0.910325,-0.090881,-0.592986
development,2,0,1.025967,-0.257633,-0.500522,1.37795,0.253911,2.051237,-0.085788,0.523236,-0.627796,-0.17525
development,3,1,-1.174582,-0.607271,-0.8669,-0.85515,-0.143756,-3.039403,0.788147,1.565846,1.1658,0.152785
development,4,1,0.388373,0.617102,0.791552,-1.470733,0.859687,0.658876,-1.283835,-0.334978,-1.280934,-0.582286
development,5,0,-1.061942,-1.48577,-1.764289,-0.96562,-0.021556,-1.020057,0.825533,0.359165,0.215816,0.582355
development,1,0,0.987848,-1.488913,0.991068,-0.279034,-2.925288,1.486214,-1.265113,-1.833684,0.64018,1.094037
development,2,0,-0.593141,-0.64559,-1.813208,-1.118377,-0.123566,-1.222347,-0.301255,0.697434,1.589178,-1.752181
development,3,0,-0.896268,1.93411,-0.737735,-1.879703,0.146965,-0.705968,-0.395581,1.360383,0.148093,1.109235
development,4,0,-2.801076,1.575427,0.809751,1.095457,2.689775,-1.33817,0.168414,0.143206,1.733368,0.09436
development,5,0,-1.260483,1.84242,-0.779611,-0.520744,-0.85683,0.845766,-0.180084,1.08942,1.357775,1.100275
development,1,0,0.260148,-1.081464,-1.799089,-0.6394,0.265597,-1.303803,-1.36779,0.436654,-1.13523,-0.527228
development,2,1,-0.226728,1.421219,0.1019,-0.344777,0.860285,-0.465847,1.736681,1.247723,0.828519,-1.722258
development,3,0,0.748169,0.520506,-0.533732,-0.381596,0.096683,0.178928,-0.586843,0.544196,1.065648,-1.614308
development,4,0,0.575535,1.173992,-0.446844,-1.300586,0.550062,0.165862,-0.908472,-1.869731,0.319139,-0.308923
development,5,0,2.253159,-0.167907,0.078083,0.164395,-0.717908,1.019824,-1.070699,-0.889314,0.034411,0.617776
development,1,0,0.832961,-0.110389,-1.769613,0.26183,1.165503,0.54696,-2.751249,1.754956,1.22951,-0.514272
development,2,0,0.884223,0.382826,0.432702,1.477961,-1.3304,-1.565884,0.247804,0.056491,0.749524,0.166519
development,3,0,-1.343149,3.261913,0.136433,0.83786,-0.075186,-1.156123,0.34035,0.342337,1.130588,0.676166
development,4,1,-0.279171,1.53686,0.367129,-0.318389,-0.284793,-0.194505,0.164806,-0.532042,-0.764672,1.774541
development,5,0,1.091512,-0.479374,-1.404569,0.478092,-0.060913,1.402396,-1.014434,0.942655,1.36066,0.790262
development,1,1,1.006885,0.710844,-0.143265,-0.447012,-0.045757,0.585395,0.749961,1.228138,-0.549696,1.259821
development,2,0,-0.870287,1.182083,-0.538989,-0.923644,-0.505596,-0.80053,-0.305945,0.88821,0.836927,0.102093
development,3,0,-0.724362,1.710405,0.737093,-0.410807,1.760687,-0.52911,0.656981,-0.973216,0.168404,0.447255
development,4,0,0.928794,0.623062,-0.297802,-1.284776,0.864739,1.90696,-1.361772,-0.383154,0.395153,1.412203
development,5,0,1.352666,1.086071,1.419988,-0.309023,-0.716775,-0.694904,0.027077,-0.944095,-0.958626,-0.866216
development,1,0,-1.241226,-0.271558,-1.16106,-1.18268,1.328183,-1.700503,1.13317,-1.930914,0.037734,-0.894536
development,2,0,-0.401709,-1.065925,0.028162,1.131806,1.550417,0.944495,0.466959,0.628025,0.241386,0.364111
development,3,0,-0.175684,0.119379,0.613132,0.95844,-0.80411,-0.906043,-1.006914,1.47421,-0.019039,1.235433
development,4,0,0.614028,0.543911,-0.16303,-0.50601,0.773048,-0.89137,-2.857274,-0.86554,-1.00507,1.593884
development,5,1,1.92222,0.159321,1.277381,-0.485197,-0.146602,-1.835187,1.178477,-1.517015,-1.156636,-0.99583
development,1,0,0.048587,0.335995,-1.270405,0.082681,-1.604214,-0.695836,-1.226673,0.208866,0.369487,0.809156
development,2,1,-1.273723,0.622324,-0.946066,-1.018921,0.337203,-0.064116,-0.650809,-0.515405,-2.06463,-0.079761
development,3,0,-0.99786,0.943762,-0.894557,-0.816482,-1.175368,-0.996639,-0.380395,0.142938,-1.09905,1.022242
development,4,0,-0.695445,-1.926096,-0.25571,1.593478,1.349006,0.18414,0.403392,1.421793,1.961977,-1.103417
development,5,0,-1.136264,0.452828,1.252884,-0.560063,0.165574,0.123311,1.019624,1.343428,0.112001,0.288668
development,1,0,-0.190275,1.263077,0.435408,0.255657,0.515619,-1.179921,0.522611,0.529263,-0.468243,-0.911499
development,2,0,-1.050584,-0.721544,1.11534,-0.393536,1.269508,-1.87188,1.75421,0.060087,0.343648,1.161245
development,3,1,-0.176771,-0.021469,0.109321,1.463886,-0.175048,0.169257,-0.776836,-1.456592,0.155166,-1.25458
development,4,0,1.026541,1.01991,1.337549,-1.75226,0.042311,1.54115,-0.785051,0.483933,0.796989,1.030804
development,5,0,-1.234993,0.618975,1.43281,2.027346,2.3753,-1.182029,-2.081191,1.843081,0.17853,0.635972
development,1,1,0.450733,-0.01386,0.52325,0.360856,1.068282,0.300967,-1.127984,-1.438366,0.453932,1.261457
development,2,1,0.060404,1.24988,0.185087,0.816357,0.10393,0.966585,-1.653471,-0.61745,-0.068478,-0.300627
development,3,0,-2.079629,0.709228,0.823787,-0.340654,0.778852,1.121198,0.904204,-0.10183,-1.39052,0.531374
development,4,0,-0.977934,-0.556913,0.874458,-1.578212,1.666948,-0.194916,-0.015133,0.390987,0.045463,-0.926546
development,5,0,-2.593337,-0.360186,0.083829,1.909438,-0.745449,0.10769,-1.516158,0.616062,-0.020444,1.403589
development,1,0,0.076149,-0.974434,0.453966,-0.971286,-0.529315,0.343855,-0.031214,0.095094,-0.435997,-0.772557
development,2,0,0.107477,0.230171,0.163844,-0.803722,0.855572,-1.49,-1.282562,-0.376339,0.667183,-2.037149
development,3,0,1.522896,-0.970249,-1.119863,0.153328,0.321973,-1.740135,-0.21991,-1.402059,0.155727,0.930126
development,4,0,0.764339,0.07847,-1.021543,-1.957159,0.64354,-1.477196,0.476284,1.322504,-0.398081,0.473999
development,5,0,0.053559,-1.100948,0.276443,0.814792,-1.687456,-1.021115,0.290902,1.078553,0.051749,0.362618
development,1,0,-0.842719,-0.357681,-0.876467,2.058381,0.560306,-0.221705,-1.150804,-1.00968,1.926656,-0.783641
development,2,1,0.261657,-0.606205,0.033359,0.304854,1.002859,-1.06637,-1.714431,-0.135308,-1.189056,-0.025685
development,3,0,-2.013761,-0.462645,-0.728221,-0.945544,-0.202056,0.079202,2.239427,-0.40005,1.130846,-0.764455
development,4,1,-0.372542,-0.192601,0.624778,0.165237,0.468851,0.714862,0.429452,0.923767,1.644737,0.36121
development,5,0,1.916072,-0.087639,-1.913776,-1.300011,-0.937328,0.366527,0.288938,-0.505464,-0.65568,-0.233177
development,1,0,-0.809181,-1.19835,0.134582,0.184192,0.344742,-0.071643,-0.605136,0.966917,0.708107,0.821144
development,2,0,-1.409063,-0.28586,-0.358927,2.01115,0.252988,0.793343,0.253664,-1.180367,-0.637276,0.35294
development,3,1,0.527558,-1.135792,1.610289,0.407668,1.009606,-0.054962,0.121846,0.481121,-1.56158,-0.54279
development,4,1,-0.082434,0.896222,0.754885,0.402313,0.282302,0.91183,0.113598,-0.307247,0.427696,-0.842835
development,5,1,1.229363,1.231234,-0.06337,1.106316,-0.678633,0.645051,-2.249573,0.041973,-0.392238,-1.05929
development,1,0,0.503697,-0.244937,1.054221,-1.030588,-2.215892,1.005028,0.654829,0.30247,-0.817455,0.78642
development,2,0,0.521745,0.450749,0.215098,-0.121098,-1.386091,0.895287,0.569499,-1.126841,0.210484,0.206272
development,3,0,0.729222,0.307385,-0.161408,-0.384817,-0.859301,-0.811909,-0.815604,2.191043,0.132247,-0.046811
development,4,0,-0.276849,-0.983048,-0.892069,0.833945,-0.957548,-0.849345,-0.47516,-0.60833,0.033717,1.029983
development,5,0,0.217748,-0.30689,0.678138,0.369653,-0.596971,0.040814,0.897921,0.815072,0.428541,0.259077
development,1,1,1.156849,0.700403,-0.638933,0.234956,-0.526532,-1.540524,-0.145077,0.168909,-1.005666,1.696804
development,2,0,0.256039,-0.959661,-1.700005,0.906448,-0.630819,-0.000842,0.358751,-1.35097,-0.770054,0.981736
development,3,0,-0.991079,-0.400442,-0.299893,0.495574,-0.147077,-0.018507,1.010561,0.066087,-0.745659,1.3989
development,4,0,-0.445009,-0.456769,-0.882581,-0.136254,1.297481,-0.716454,-0.15553,-2.624065,0.566869,1.39864
development,5,0,-0.372864,0.173671,-0.624186,-0.577984,-1.321599,1.24932,0.275063,-0.216624,-1.117321,1.248511
development,1,1,0.080273,-0.273873,0.971908,-1.672444,-1.478946,1.629242,1.356383,-0.047377,0.018576,1.053188
development,2,0,-1.318737,0.990529,0.056744,-0.100867,1.093691,0.26037,1.60386,-1.307063,-0.590824,1.384988
development,3,1,-0.456951,2.273399,0.885883,0.558214,0.260251,-0.914392,-0.492952,0.017305,-0.268197,-0.492019
development,4,0,-1.616093,-0.49195,-0.603072,-0.183307,1.698953,0.558893,-1.284662,-0.97751,1.428534,1.886762
development,5,0,-0.545993,-0.50794,-2.190964,0.795481,-0.096079,-0.059117,1.004343,-0.051122,0.31475,-0.228392
development,1,0,-0.248568,0.94284,1.375,2.182949,1.572424,-0.536838,0.435729,-0.01901,-1.281276,-1.024024
development,2,0,-0.177978,0.743868,-1.181352,0.951987,0.203292,-1.429317,1.036685,-0.318647,-1.864838,1.577069
development,3,0,-2.33602,-0.298295,-0.404172,-0.884042,-0.525631,0.54487,-0.593384,-0.111711,-0.818058,-0.342572
development,4,0,-0.624496,1.093553,-1.157174,-0.360845,-0.971365,-0.822542,-1.031409,0.862348,-1.53404,-0.698263
development,5,0,-1.169251,0.253048,0.62283,0.181098,0.489456,0.452542,0.076057,1.208482,0.182555,0.379962
development,1,0,0.043615,-0.904217,0.173879,-0.707927,-0.029509,1.252782,-1.554457,1.230489,-0.176719,-1.673962
development,2,0,1.411552,-0.856195,-1.381745,0.624994,-1.639363,0.678533,-0.683306,1.642563,-0.806577,0.535783
development,3,1,0.693708,-0.364271,-0.369718,0.219984,1.494596,-0.703076,-0.292009,-1.936541,1.184755,0.106342
development,4,1,1.975715,0.811071,-0.238491,1.217735,-0.710966,-1.118572,-0.034127,-0.182618,-0.39843,-0.924422
development,5,0,-1.757177,0.230442,-0.229049,-0.614945,1.049797,-0.148511,1.396474,1.42522,0.33997,1.703922
development,1,0,-0.185121,-0.358517,1.248087,-0.401505,-0.689305,-1.895941,-1.09702,1.239472,-1.14857,-1.188365
development,2,0,-0.827475,0.699269,-0.309619,-1.247867,0.344285,-0.739431,0.631292,-0.01816,0.416216,-0.41729
development,3,0,0.909707,0.045599,-0.894894,-0.717129,0.077366,-0.424453,1.221803,0.419857,0.749621,0.420018
development,4,0,-1.177629,2.446716,0.693406,0.303516,0.185605,-1.399376,-0.180401,-0.128428,-0.342202,0.162203
development,5,1,-0.128452,1.056734,-0.123667,0.565901,0.392722,-1.159722,0.700436,-0.199384,-2.424807,-0.14113
development,1,0,-0.181992,0.234789,-1.55195,-2.097777,-0.83616,1.030662,0.368135,0.368353,0.733737,1.614401
development,2,0,0.044975,0.978941,-0.716202,-0.282345,-1.336513,0.658724,-0.681538,0.183982,0.40863,-0.481131
development,3,0,-0.401439,-0.994706,-0.069566,0.649822,0.460138,-0.611581,-1.440783,0.101207,1.308345,0.064952
development,4,0,0.358399,-1.508012,0.217568,-0.987307,-1.635777,-0.857068,0.834912,-0.240078,0.371172,-0.232505
development,5,0,-1.569814,0.270507,-1.549571,0.177834,0.476728,0.785928,-0.43306,-0.811099,-0.959352,0.513588
development,1,0,0.016365,-1.593431,-0.701724,-0.345747,-1.033297,-2.312607,-0.021947,-1.128376,-0.566532,-1.311462
development,2,0,0.507893,-0.704622,0.369894,0.005502,0.708856,0.136391,0.358437,-0.237408,-0.838595,-2.446509
development,3,0,-0.894216,0.167877,-0.708309,-0.273054,1.439773,0.981327,0.058528,-0.673892,-0.694462,-1.578716
development,4,1,-0.205687,1.443411,0.209253,2.208387,0.348897,-0.060097,-1.514282,0.508263,1.11308,-0.519076
development,5,0,-0.004223,-0.269357,-0.752735,-0.296871,-1.524703,-0.627814,-0.84629,0.542812,-0.134868,-0.404497
development,1,0,0.052046,-0.13909,2.01805,0.490902,-1.40963,-1.216184,-1.677529,0.650057,0.456552,2.157899
development,2,0,2.112149,0.117285,0.430061,-1.360563,0.033174,0.354834,1.709414,-0.887684,0.622654,-0.13839
development,3,1,0.077434,0.263889,0.061418,-0.403687,2.882427,-0.666675,0.156197,-0.131971,-1.545388,1.398192
development,4,1,-0.46602,0.486702,-0.060841,-0.912396,-0.412202,1.293934,0.891859,-0.270024,1.277431,0.341376
development,5,1,-0.393107,0.62708,-2.041456,1.553405,0.18797,-1.314661,0.872278,0.383187,0.845357,0.681509
development,1,0,-0.633745,-0.173855,-0.47869,-0.442581,1.533239,0.873223,-0.115446,-1.958143,-0.619515,0.502466
development,2,0,-0.184918,0.227402,-0.788612,0.506926,-0.368658,1.194395,0.330427,-0.51291,0.402359,-0.673974
development,3,0,0.159214,0.240306,-0.262954,-0.678085,-0.273738,1.163882,0.401422,0.311164,-1.939901,0.772255
development,4,1,1.341226,1.232767,1.503441,-2.45597,-0.43347,-0.780992,-1.70108,0.352471,-0.229043,-0.678445
development,5,0,0.554837,0.891669,-1.192446,-1.305228,0.979185,0.213761,0.812182,1.766641,0.547437,0.583315
development,1,0,-1.169157,0.827933,0.946169,-0.064507,-1.675289,0.346536,0.312833,0.480644,-0.087586,0.990721
development,2,0,-0.436761,-0.398021,0.174261,0.96305,-1.360469,0.562686,0.280117,-2.35937,-0.436514,-0.525305
development,3,0,0.696631,0.757718,1.41707,0.730488,-0.637196,1.223627,-0.145335,-0.42231,-0.057292,-0.094968
development,4,0,-0.364754,-0.275654,0.567256,-0.004499,-1.974011,0.782678,0.195177,-0.441479,-0.282511,1.876255
development,5,0,2.002161,-0.169498,-1.015001,1.588721,1.630762,0.147946,0.185411,-1.543149,0.236248,-0.595289
development,1,0,0.199483,-2.012,0.254616,-1.559858,1.196713,0.25956,1.030464,0.416788,-0.316577,0.488432
development,2,0,-1.43766,0.054485,-1.045301,-0.427143,2.009888,-0.900836,-0.00586,0.215295,0.572578,-1.209385
development,3,0,0.138643,-0.235765,-1.66903,0.381427,0.755217,-0.516272,-0.518195,0.930728,2.332271,0.190562
development,4,0,0.329718,0.794573,-0.428951,-1.386801,0.249984,1.636247,-1.12077,2.353341,1.141308,-0.759487
development,5,0,-0.040862,-1.748656,-0.382391,-1.527415,-0.790147,-1.223362,0.601827,0.688582,1.456307,-1.306248
development,1,0,-0.960517,0.046716,0.903706,2.07072,-2.02262,-0.203876,-1.672225,0.203304,1.309739,-0.365968
development,2,0,1.492272,1.082644,0.405423,0.685476,-0.171228,-0.379297,-0.751051,0.168767,0.186067,1.669644
development,3,0,2.027947,0.167834,-0.768032,0.568291,0.507404,-0.258383,0.281895,-0.765019,-0.338119,-1.513504
development,4,0,-0.304007,-0.682249,-1.33964,-0.78708,1.406255,-0.130545,-0.327468,1.386838,-0.833944,-0.846177
development,5,0,-0.982166,0.134294,-0.15333,-1.116579,1.069047,2.191977,1.086958,0.234873,0.134761,-0.161937
development,1,0,-0.513465,0.424752,-0.597719,0.315931,1.107907,0.414436,0.093228,-0.680501,0.435742,0.393273
development,2,0,-0.711458,-0.442709,-0.617555,0.114117,0.314049,-0.129044,2.408496,0.473563,-0.523291,-0.534736
development,3,0,0.46263,-0.266456,0.463513,0.745112,-1.323288,0.410736,-1.221819,0.471105,-0.510928,1.568752
development,4,0,-1.85524,0.348472,0.677869,1.719227,0.987154,-0.50048,-0.485046,-0.819232,0.358975,1.271376
development,5,0,-0.299792,-2.464065,-0.366594,0.45204,0.270488,-1.640459,-0.945598,1.101513,0.929085,-0.769595
development,1,0,-0.488539,-0.896506,-0.165881,-0.43883,1.189312,0.016925,0.024887,0.851103,-0.349375,0.172613
development,2,1,0.827732,0.114215,1.281236,1.268318,-2.495049,1.295202,0.285618,-1.241948,-0.942419,-1.223903
development,3,0,0.098388,-1.336224,-0.62742,-1.519701,-1.292398,0.230329,-1.610326,2.438211,0.959771,-0.542581
development,4,0,-2.323754,0.442785,0.151855,2.027379,0.955998,-1.323287,-1.950859,-1.282624,-0.27113,0.498307
development,5,0,0.988046,-1.801241,-0.965846,0.352492,-0.504325,1.227516,0.874426,-0.109196,1.065162,0.643332
development,1,0,-0.530991,-3.496962,0.66089,-0.69974,-1.947081,0.75195,-0.451206,-0.429696,-2.745309,0.505752
development,2,0,-1.852659,-1.636849,-0.281831,-1.456071,0.485203,-0.93539,-1.240131,0.544746,2.193008,-1.910049
development,3,1,0.708703,0.515441,-0.190256,1.963655,-0.075921,0.619658,1.434089,0.031865,-0.735818,1.094264
development,4,0,-0.99471,0.939429,1.509094,-0.143875,-0.444266,0.324352,-0.952155,1.116786,0.016165,0.665214
development,5,0,-0.234861,-0.920273,-0.601841,1.689417,-0.633736,1.209271,1.136893,1.398092,0.181701,2.15642
validation,0,0,-0.097901,-0.133819,-1.483515,0.720412,1.013298,-2.926638,-0.456541,-0.513118,0.0401,0.456785
validation,0,0,-0.781596,-0.651742,0.104955,0.177949,1.703061,0.432387,0.612278,-0.217459,0.816127,0.777618
validation,0,0,-0.60062,-0.481049,-0.051823,-0.895034,-0.281633,1.194911,-0.385425,-1.721245,-1.259761,1.929659
validation,0,0,0.458202,0.239107,-0.005865,0.45909,1.521338,0.600859,-0.604916,-0.458703,-0.188807,-0.008141
validation,0,0,-0.499113,0.118485,0.454176,-0.75657,0.735005,0.629806,-0.877329,-0.009617,-1.933861,1.02264
validation,0,0,0.038507,0.360092,-0.625331,0.389497,0.419029,1.384763,-0.533666,-0.056274,1.569942,0.279131
validation,0,0,-0.109443,1.607036,-0.189948,0.302202,-1.104202,0.14262,0.39425,-1.247844,1.537294,-1.445914
validation,0,1,0.443837,1.0194,-0.998799,0.371937,-1.672563,0.798188,0.322019,-0.146713,1.15517,-1.134636
validation,0,0,0.156144,0.280929,0.327957,-0.504811,-0.449562,-0.260831,-0.060022,-1.72852,0.425134,-0.930436
validation,0,1,1.25359,0.262262,0.871285,1.595837,1.429177,-0.510355,1.249951,0.690387,0.819139,-0.078331
validation,0,0,-0.390565,-1.147994,1.146105,0.821719,-0.132285,-0.466893,-0.605087,0.568106,-0.261591,0.175897
validation,0,0,-0.999503,-0.296273,0.469506,1.168233,-0.414469,0.699962,0.374173,0.126132,-1.1341,0.807725
validation,0,1,-1.190855,0.187216,-0.502785,-0.280331,0.342372,0.066643,-1.501063,1.46665,-0.679093,-2.000829
validation,0,0,1.076299,-0.957473,-0.036498,1.345473,-0.606875,-0.532112,-0.802887,-0.393619,1.767119,0.476763
validation,0,0,0.581506,-0.075786,-0.066555,0.415604,-1.957873,0.275899,-0.532153,-0.305349,-1.357028,0.369653
validation,0,0,0.190125,-1.366104,-0.328052,0.730178,-0.820892,-0.062807,-0.210626,0.510859,0.613331,1.090679
validation,0,0,0.124986,1.071788,-1.262306,-0.199296,1.422468,0.25918,0.732445,0.958201,0.806914,-1.434997
validation,0,0,-1.07095,0.414793,1.725757,1.953524,0.62431,0.017037,-0.077716,0.776958,0.464521,-0.145988
validation,0,0,0.439709,1.13084,-0.789058,-0.245383,-1.341177,0.647458,0.874127,0.05625,-0.615075,-0.296061
validation,0,0,-0.159461,-0.285666,1.090394,-1.894585,0.44802,-0.564857,-0.316918,0.301301,0.521719,-0.304078
validation,0,0,-0.103684,-0.98103,0.119956,1.470193,-1.557455,-0.019398,0.744995,0.082646,-0.446586,2.72139
validation,0,0,-0.796908,0.426205,-0.336256,0.004109,-0.471468,1.339956,2.267347,-1.218013,0.755663,1.402
validation,0,0,-2.552183,0.860687,-0.072951,-0.468946,0.282039,0.306019,-0.804485,0.887939,0.467928,-0.576975
validation,0,0,-1.46676,-0.464946,-1.605742,-1.773466,0.197442,0.995073,-1.529616,-1.475677,1.385673,-0.500184
validation,0,0,-2.816736,1.003284,0.808514,0.58949,0.945049,-1.113284,1.067898,-0.028747,0.104747,-1.646538
validation,0,0,1.024937,-0.407997,-0.804666,2.417837,-1.232865,-1.136024,-0.759765,0.82998,1.359566,0.405604
validation,0,0,-0.058514,-0.825312,-0.64783,0.787773,0.20715,-0.187837,0.833616,0.511578,1.041737,0.174436
validation,0,1,0.020104,0.640938,1.145636,0.112517,-0.277962,0.510024,0.240828,-0.098092,1.356086,-0.514086
validation,0,0,-0.32551,-0.042089,-1.057877,-1.300074,0.616234,0.795735,-1.314243,0.401065,0.213442,-0.563856
validation,0,0,-0.779364,-1.326386,-0.004813,-0.976088,-0.753951,-0.459192,0.439574,-0.863285,0.492837,1.432487
validation,0,0,-0.451022,-0.499402,0.013857,0.602905,0.642547,0.15424,1.251002,1.148634,-0.143527,0.379047
validation,0,1,1.171991,-0.470926,-1.978539,-2.29918,-0.469251,0.068588,1.262367,0.741929,-0.922523,2.233154
validation,0,0,-0.817115,0.365434,-1.047205,0.165994,-0.510851,-0.093602,0.287458,-1.487311,0.682793,0.723671
validation,0,1,2.061687,1.688089,0.110999,0.177911,-1.051346,-0.466219,-1.241848,0.018036,-0.456562,-0.086471
validation,0,1,-0.13,0.945952,0.005654,-0.020367,-0.093186,-0.967385,-0.421892,0.650563,2.488102,0.048993
validation,0,0,0.780567,0.836221,1.447697,-0.402881,0.889902,-0.869897,-1.908408,-0.260972,-0.35442,-0.179063
validation,0,1,-0.261688,2.045761,-0.534397,-1.303211,-0.561244,-0.819139,-1.170642,-0.914664,0.807225,1.415444
validation,0,0,-0.176018,-1.860295,-1.195922,0.978106,-0.073133,-1.065916,-0.574391,2.095165,0.360259,-2.139814
validation,0,0,-0.227159,1.597475,-1.146249,-0.219998,-1.560527,-1.029278,-1.211043,-0.197174,1.221986,-1.070697
validation,0,0,-1.135182,-0.268385,-1.419679,-0.435598,1.756354,-0.757879,0.662893,0.952638,1.09872,-0.097027
validation,0,0,1.172904,-1.579923,-0.023888,0.404293,1.319769,0.006906,-1.650588,-1.340803,-0.320798,3.160933
validation,0,0,-0.440684,0.376459,-0.302786,0.324927,0.814237,-0.505991,0.236482,-0.265553,0.353132,1.330416
validation,0,0,-1.134201,-1.314682,1.213842,1.502736,-0.303332,0.123394,0.679301,-0.961072,-1.489869,-0.185123
validation,0,0,1.789723,-1.913578,-2.385762,-0.704193,1.605479,-0.229132,-0.877973,-0.018565,0.272897,1.324558
validation,0,1,-0.11942,-0.519129,1.436257,-0.577906,0.751849,0.59361,1.071024,0.397048,0.443357,-1.051243
validation,0,0,1.152795,-0.376386,-2.093476,1.241262,-1.221163,-0.611036,0.98324,0.429875,-0.238143,-0.482694
validation,0,0,-0.214664,-1.093345,1.063048,0.147787,-0.44909,-0.560896,0.721717,-0.153584,-2.25364,0.491679
validation,0,0,-1.287127,-0.08971,1.949196,0.301195,0.193737,0.155326,1.302963,2.799997,-0.076664,-0.052168
validation,0,0,0.445336,0.049963,1.986928,-0.300393,-1.485696,0.802207,-2.016697,-0.268752,-0.062998,-0.7999
validation,0,0,-1.979882,0.393891,0.599187,-0.068921,0.545943,0.304579,-0.963422,-0.15021,1.254413,-0.796346
validation,0,1,2.565741,0.931853,-0.896241,0.433201,-1.349551,-0.563373,-0.903097,-2.802069,-2.021281,-1.266425
validation,0,1,0.799571,-1.782825,0.733735,0.312095,-0.704994,0.953544,-0.067983,-0.266632,0.59548,-0.344345
validation,0,1,0.888244,0.428906,0.031037,-0.09301,2.331287,-0.900936,-0.170438,-0.059038,-0.838714,-0.58805
validation,0,0,-0.097991,-2.214336,0.135239,0.338068,0.583422,0.875574,-0.672509,1.416959,-0.00164,1.051911
validation,0,0,-0.999945,-1.133202,-1.046236,0.037009,-0.413533,0.017877,0.464663,0.608438,-0.098467,1.686391
validation,0,0,0.917751,0.853974,-1.459287,-0.921982,-0.85085,0.619882,2.061974,0.486039,0.556072,-0.054201
validation,0,0,0.797072,1.278496,-1.385475,-1.182481,1.460912,1.255299,0.522546,0.255055,0.497943,0.495579
validation,0,1,1.062747,1.632832,1.846067,-1.171259,1.229748,-0.830617,-0.768973,-0.283357,-0.669022,0.058416
validation,0,0,-0.673682,1.019452,-0.14253,-0.646832,1.512283,-0.099582,-1.271449,-0.054977,0.021206,-1.105021
validation,0,0,1.127146,-0.666774,0.320408,0.363309,-0.2509,-1.206345,1.402192,0.29439,-0.64239,0.826032
validation,0,0,-0.892114,0.865811,-1.274664,-0.912005,0.571905,-0.309503,0.932586,-0.440551,1.336911,-1.324296
validation,0,1,2.185178,-0.909608,-0.1582,0.100529,0.300071,0.144333,0.575502,0.489682,1.49925,0.240345
validation,0,0,-0.821184,-0.722537,2.78422,1.688518,0.280248,-0.701563,-1.632667,-0.52148,0.29202,-0.425074
validation,0,0,-1.290825,-0.378708,0.203531,-0.895177,0.138114,-1.664608,-0.398956,0.696544,-0.016341,1.583508
validation,0,1,-1.216649,-0.149316,0.368063,-0.281731,-0.640677,0.975697,-0.539643,-0.820694,-2.398786,0.705812
validation,0,0,-0.813432,1.565958,-0.127287,-0.379791,-0.119112,0.531736,-0.845253,0.188108,0.007633,0.200458
validation,0,0,0.992565,-1.360221,-0.716392,-1.020053,0.888044,-2.023288,0.556141,-0.459574,2.578945,-1.514098
validation,0,1,2.406138,0.944041,0.763407,-1.29039,-1.907879,-1.517043,-1.445525,0.105513,0.106184,-0.888338
validation,0,0,0.162542,0.486924,0.093277,-0.339235,0.245546,0.362209,-1.039184,1.131837,-1.950993,-1.856074
validation,0,1,1.897097,-0.690077,0.599548,0.067992,0.012669,0.094592,-0.587806,0.8808,0.994531,0.799548
validation,0,0,-0.454398,-1.563368,-1.272386,0.52068,1.659433,0.922264,0.074421,-0.580586,0.509189,0.322337
validation,0,1,0.227549,1.306098,0.145942,-1.043954,1.525399,0.607181,-1.195239,-1.477107,0.574724,0.56791
validation,0,0,-0.492653,-1.896851,-1.233814,-1.198138,0.419869,-0.506122,0.460912,0.583764,0.461417,2.057743
validation,0,1,0.324525,-1.753836,-0.663653,-0.740953,0.051337,0.761126,-0.326027,-1.57709,-0.059525,0.192453
validation,0,0,1.17121,0.993842,0.64344,-0.24547,0.567363,0.519501,1.973837,-0.347018,1.094152,0.120014
validation,0,0,0.202274,-0.100758,-0.172513,-0.196413,1.704475,1.389038,1.187604,0.713857,-0.471651,-0.709466
validation,0,0,0.093543,1.636602,0.211409,-0.190021,-0.164264,-0.211064,-0.030887,-0.519456,0.375726,0.535366
validation,0,0,-0.076428,-0.569275,1.591864,-0.783509,-0.968054,0.922282,1.935009,-0.845013,-0.476399,-0.530996
validation,0,0,-0.912385,0.239672,-0.313409,1.175105,0.633637,-0.556903,0.458702,1.446368,-0.512067,0.912503
validation,0,1,0.195578,0.119383,0.546887,0.986176,-1.237646,0.982822,-0.403527,0.379786,1.361669,-0.787345
validation,0,0,-0.22985,-0.56946,-0.648888,1.666593,-1.374191,0.033869,0.79094,-0.554941,-0.896336,-0.990087
validation,0,0,-0.856641,0.735732,-1.278521,-0.344465,0.831753,0.674984,-0.36018,-0.099047,0.872661,-0.81453
validation,0,0,1.912026,-1.549418,-0.64369,0.760989,0.77804,-0.10548,1.089328,-0.557195,-0.130457,1.046858
validation,0,0,0.203464,0.780743,0.889131,1.222898,0.794461,0.880591,0.97363,-1.332966,-0.194164,-0.560727
validation,0,1,0.033806,1.135953,2.211554,-0.493692,-1.420129,-0.872481,0.139898,0.705105,1.895468,-0.376503
validation,0,0,0.779888,1.042731,1.79296,0.149434,0.788717,-0.982699,-0.65724,-0.759938,-1.917702,0.750061
validation,0,0,0.164208,0.034085,1.051974,1.482628,1.210786,1.8423,-0.22908,0.571825,-1.090048,1.479436
validation,0,0,-1.279724,-0.68241,1.800113,0.554599,-0.135126,-0.451793,0.087462,0.274868,0.867079,-0.906368
validation,0,1,0.580489,2.810401,1.50206,0.391526,1.769294,-0.48656,1.718389,0.778021,1.124485,0.210936
validation,0,0,0.813298,-1.52227,-0.748262,0.574527,-0.133623,1.00935,1.089987,-0.864175,0.598208,-0.128029
validation,0,0,0.99737,-0.692177,0.922806,-0.789318,0.403476,0.17353,1.475613,2.125336,-0.576752,0.783801
validation,0,0,-0.732186,-0.863564,0.112248,0.463685,0.881808,1.178722,0.539372,-3.142592,-1.546332,1.460203
validation,0,0,-0.728382,-1.321452,0.369806,1.729918,-0.468185,-0.261388,1.049369,0.925529,0.448372,-0.884165
validation,0,1,1.824329,-0.314034,-2.27073,1.470409,2.34525,0.076844,0.252125,-1.607395,0.272547,0.902365
validation,0,0,0.660217,-0.61942,-0.897559,-0.89392,1.631933,-1.071449,1.393988,2.380393,0.48063,-0.325205
validation,0,1,-0.250406,0.221204,-0.517451,-2.648617,0.120621,-0.066088,0.13552,-0.141163,-1.163087,0.758437
validation,0,0,-0.21195,0.151687,-0.482757,0.227792,0.239318,1.413696,1.060131,-0.966166,-1.11519,0.863404
validation,0,0,0.547224,-1.657626,-0.371611,-0.453318,-0.083474,0.66108,-0.256566,-0.015829,1.047102,-0.095581
validation,0,0,0.636459,2.220775,-1.162724,1.239634,-0.096304,-0.096204,-0.894545,1.597605,-0.71661,-0.282853
validation,0,0,-0.337656,-0.558398,0.402447,-1.088728,-0.806996,1.459314,-0.763653,0.310743,0.433821,0.45543
validation,0,0,0.181397,-0.093087,-0.646146,-0.383591,-0.631514,-3.096352,-0.505471,-2.275516,-1.528351,2.291932
validation,0,0,-0.391604,0.153498,0.719009,0.166307,2.005417,0.607951,-1.634386,1.158859,0.063167,1.898678
validation,0,0,-0.012385,-0.509152,1.455167,-1.239826,0.370291,-0.122918,-0.616324,1.41738,0.0894,-0.672614
validation,0,0,0.139686,1.728399,0.600781,0.440551,-0.012394,1.392832,0.499621,-0.05467,1.778671,1.435952
validation,0,1,-0.441067,0.071668,2.006331,1.055748,-0.743771,-1.318176,-0.221418,-0.716791,0.376478,-0.392831
validation,0,0,-0.652279,0.228409,1.500935,1.347422,-0.27804,-0.155712,-0.249421,0.155988,-1.324755,-0.590203
validation,0,0,-1.516395,-1.022958,-1.221135,0.860384,-0.744986,-0.601806,-0.718612,1.329761,-0.432164,0.480991
validation,0,1,0.937741,1.423311,0.402637,-0.943889,-0.255955,-0.320725,1.864859,0.055586,0.260516,-0.414729
validation,0,1,-1.804973,-0.089188,2.526988,-1.224502,-0.525443,-0.116463,-0.634737,-0.938599,-1.066924,-0.204981
validation,0,0,-0.843057,0.713486,0.915197,-1.630256,-2.086985,0.077468,-0.709431,-0.804333,-0.618699,-0.565853
validation,0,0,1.04245,0.096775,0.477665,0.586134,0.371757,0.566298,0.837372,1.711878,0.459946,-1.728179
validation,0,0,0.161571,0.35693,0.28092,-2.033204,-0.546005,1.134092,-0.26981,0.520482,1.188714,0.865416
validation,0,0,-0.601614,-1.673023,-0.061876,-0.135039,0.187558,1.500964,2.274011,-0.317144,-2.784789,-0.391547
validation,0,1,2.373907,2.104633,1.622313,-1.441616,-0.668403,-1.497787,-0.220792,-0.12548,-0.147448,0.178012
validation,0,0,-0.970083,0.464251,1.759573,1.089724,0.76458,1.454875,-0.141911,-1.896397,0.15455,0.389861
validation,0,0,0.435493,0.390145,0.172532,-0.560285,0.077916,0.761978,1.51781,1.742043,-0.742436,-0.626236
validation,0,1,0.675692,1.35457,0.780867,0.407384,1.138145,-1.52878,1.522772,-0.736241,0.488732,-1.198724
validation,0,0,-0.964245,-0.607871,0.984506,-1.487458,1.061808,-1.556809,-0.431788,0.575512,0.031495,-0.396421
validation,0,0,-0.77936,1.003387,1.022688,-1.852963,0.859683,-0.767149,0.352564,-0.712992,1.161804,0.606683
validation,0,0,0.764616,-1.318407,0.168483,-0.776775,0.015632,-0.978152,0.001071,1.055419,0.508972,0.611721
validation,0,0,1.377812,0.177836,-0.011569,-0.208044,0.715981,-0.052337,-0.033256,-0.660095,0.874923,-1.204437
validation,0,0,-1.807175,0.337886,-0.564237,0.689081,0.498029,2.226123,-0.389542,1.112284,-0.894833,-0.031013
validation,0,1,0.279422,0.462216,-1.280789,0.675322,1.030802,0.714466,-0.603933,-0.296133,0.227499,0.952669
validation,0,1,-1.336996,-0.72372,2.095006,-0.5146,-0.232974,0.183362,-0.492788,-0.080199,0.455947,-1.027137
validation,0,1,0.070491,-0.776528,0.735923,1.052917,0.642246,0.08111,0.342886,-0.118527,-0.501581,0.166675
validation,0,0,-0.265629,-0.281967,-1.752692,0.620038,-1.06362,-0.008591,0.071828,-0.677962,0.634625,-0.654981
validation,0,0,0.172298,0.291834,1.65884,0.056372,1.974389,-0.481762,1.145683,-1.043218,-1.0274,0.866188
validation,0,0,1.304037,-1.607771,0.383119,1.70634,0.383081,0.531426,0.512476,-0.829687,-0.608196,0.429168
validation,0,1,0.257346,0.613736,-0.764823,0.976867,1.861489,-0.636658,0.236365,-0.795223,-0.668973,0.587423
validation,0,1,-1.012163,0.211931,-1.547681,-1.790219,-0.155837,-1.43193,2.150684,-0.108378,0.556283,-1.088048
validation,0,0,0.279152,1.065924,-0.568725,-0.401744,0.213084,0.741543,-0.202898,-2.433414,-0.03327,-0.019122
validation,0,0,0.314794,0.047051,-0.385368,-0.389589,0.380769,0.447655,0.971259,-0.339306,-1.481606,-1.470969
validation,0,0,-0.75419,-0.311972,-1.025498,-1.678372,-0.34055,0.484581,-0.853681,0.769649,-0.792618,0.308043
validation,0,0,-0.33313,-0.005169,-2.288606,1.527486,-1.265938,0.270216,-1.025381,1.052975,0.206803,1.377007
validation,0,0,0.432955,-1.284866,0.092964,-0.725155,-0.703516,1.313238,1.067241,0.733514,-1.822305,0.88983
validation,0,1,0.006449,0.859478,-0.054264,0.631273,0.225286,-0.038189,1.313984,2.041974,-0.713334,0.057476
validation,0,1,-0.152547,-0.869738,1.112519,1.106994,0.051024,0.150068,-0.097476,0.246208,-1.742833,0.777842
validation,0,0,0.074288,-1.345044,0.062543,-0.630756,0.14418,-0.748141,-0.258573,0.130862,-1.117124,-0.717989
validation,0,0,-0.283819,0.91466,-0.372718,1.436657,-1.424591,0.968512,0.607328,-2.669421,-2.285317,0.58624
validation,0,0,0.394983,0.428239,-1.47288,-0.842082,-0.114339,0.018653,-0.034154,-0.565374,-0.443221,-0.334691
validation,0,0,-0.97746,0.711203,-0.151911,-2.116913,0.508342,-0.042976,0.698767,1.188918,-1.13974,1.196763
validation,0,0,-1.066423,-1.189307,1.161188,0.222926,-1.0043,-0.191831,0.814563,-1.144995,-1.669828,1.412512
validation,0,0,0.591337,-0.424219,1.442395,1.343473,0.814602,1.111105,-1.240043,0.246027,-1.599172,1.321356
validation,0,1,-0.018096,1.265647,-1.565191,0.27148,0.161395,1.112518,2.731069,-1.178432,-0.120818,0.949597
validation,0,0,0.57299,0.124631,-1.0551,0.688062,1.462249,0.594796,0.888579,-0.645092,-1.000969,0.86222
validation,0,0,-1.153074,-0.247116,-0.429877,-1.960304,0.294577,-0.149525,1.716686,2.099374,1.79933,0.764876
validation,0,0,0.164091,0.52728,0.067455,1.402447,-0.474446,-0.291519,-0.003228,-0.692951,0.336994,-0.703134
validation,0,0,0.047617,-0.924911,0.27866,0.356445,0.046459,-0.458155,-1.027412,1.129076,-1.237558,-0.197153
validation,0,0,-0.841016,0.26436,-0.53286,0.110993,-1.196666,-0.544198,0.719823,-1.174892,1.39958,-0.514324
validation,0,0,-0.614056,-2.131207,-1.171692,-0.238158,-0.635906,0.544364,-0.241831,-0.176936,1.146197,0.524861
validation,0,1,0.771617,0.343059,0.413319,-0.394836,-2.423103,-0.599677,1.218203,-0.843128,0.678383,0.125659
validation,0,1,1.389325,-0.206785,0.549228,0.782628,-0.667457,0.117597,-2.041924,0.352008,-0.375168,0.393153
validation,0,1,0.508919,1.377191,-0.607539,0.17128,-0.091054,0.248788,-0.202975,-0.137697,0.913603,-0.346081
validation,0,0,0.156089,-0.073091,-0.953812,0.517409,0.263828,0.840945,-0.7737,-0.948952,-1.986191,-1.062533
validation,0,1,0.14905,0.510681,1.407731,-0.439541,-1.82117,-1.795728,-0.211414,-1.893634,0.339343,-0.762514
validation,0,0,-0.350102,-0.511441,-0.546209,-1.41006,0.751055,-0.4669,-0.062224,-1.067108,0.022556,-1.806041
validation,0,1,1.301968,1.258032,1.085029,0.20098,0.559764,-0.074043,-0.55878,0.284806,-0.220786,-0.405983
validation,0,0,-0.127085,-0.862113,0.04462,-1.002186,-1.986739,0.343012,-1.343045,-0.245435,-1.525125,2.150985
validation,0,1,1.394711,-0.89819,0.197835,0.406928,0.09124,0.114396,-0.751313,-1.595727,0.35489,0.193714
validation,0,0,-0.385715,0.678299,0.468265,-1.498536,0.188308,-1.116416,-2.222975,-0.336871,1.270825,1.204206
validation,0,1,-0.054173,-0.158946,0.070329,-0.943064,1.148413,-0.75405,-0.543284,-0.954065,0.821358,-0.916312
validation,0,0,-1.508843,0.864807,-1.771704,-0.352984,0.851336,-1.232365,1.313102,1.301345,-0.405286,0.836167
validation,0,1,0.776159,-0.214874,0.880537,0.82938,-0.665909,0.559332,3.284594,0.529439,-0.178614,-0.824994
validation,0,0,1.054503,-1.292829,0.235222,1.656172,-2.020434,-1.277456,-0.22794,-0.213595,-1.290166,-0.775215
validation,0,1,1.973642,-1.586358,1.320327,1.578525,-0.430314,-1.169409,2.108008,0.944628,-0.170513,2.263537
validation,0,0,-0.403026,1.409654,1.860963,-0.044069,1.098586,1.197752,-0.542781,-1.885709,-1.55344,-0.186164
validation,0,0,0.756761,-0.598438,-0.694517,-0.245612,-1.353747,-0.909323,0.964405,-1.102245,1.01043,0.072877
validation,0,0,-0.819639,0.861263,-0.982382,-0.16138,0.458642,-0.183929,0.705339,-0.281914,0.675018,-0.593452
validation,0,0,1.06958,0.353824,-1.019378,0.906365,-0.300935,0.343351,-2.563583,-1.242949,0.866556,0.35769
validation,0,0,-1.782592,-0.21715,0.264909,-1.749105,-0.123022,1.100147,0.045935,-0.187345,0.809433,0.528831
validation,0,0,1.323606,-0.859463,1.438677,0.875823,-0.236961,0.518463,-2.748279,0.766021,-0.815288,1.405435
validation,0,1,-0.494116,1.272664,-0.06563,-0.761194,-0.249513,0.505506,-0.277975,0.459971,-0.141026,0.97772
validation,0,0,-0.526742,1.533397,-0.670965,-0.382849,-0.011308,-0.418135,-0.44041,-0.220487,1.500063,0.169459
validation,0,0,0.105015,-1.152484,0.831281,1.137348,-0.517499,0.449863,0.007772,-0.804997,-0.403524,1.712819
validation,0,0,-0.63798,-0.209258,0.076019,2.157514,0.460529,0.846352,-1.05853,-0.194153,0.323712,-0.765851
validation,0,0,-2.042831,-1.575597,0.675853,-0.021034,0.267435,-0.510785,0.80239,0.607894,-1.170129,0.710134
validation,0,0,-0.83445,0.796956,0.916246,0.438238,-1.824792,0.285356,-0.303273,-0.711688,0.129669,0.734991
validation,0,0,0.304715,-1.338494,1.442753,-1.825638,-1.655123,-0.424736,0.22431,0.735473,0.426299,1.960016
validation,0,0,-0.659763,-1.251058,-1.438921,0.220912,0.067355,1.463407,0.910404,-0.855455,0.248032,-0.521919
validation,0,0,-1.641873,0.38474,1.494515,1.192854,-0.39853,-1.055851,-0.404994,0.725159,-0.391968,-0.761152
validation,0,1,1.571556,-0.047294,1.050156,-0.379153,2.769787,-1.237066,1.664454,0.004062,1.076592,0.196542
validation,0,0,1.076252,-1.189357,-0.87943,0.259916,0.308735,-0.27907,1.356927,0.416165,-0.372936,1.395112
validation,0,0,-2.088019,0.607925,0.669807,0.327602,-1.19213,-0.744933,0.194588,0.336871,-0.076297,-0.027013
validation,0,1,0.9197,0.581427,-0.214695,0.140253,0.277992,0.209919,-0.431411,0.837611,0.079998,0.300737
validation,0,0,-1.539261,-2.175662,-0.005087,0.33385,-0.569867,1.758983,-1.476348,0.005261,1.474045,-0.218167
validation,0,1,0.437159,1.1304,-0.303078,0.700313,-0.081487,0.568802,-1.77245,0.421431,0.481168,1.167141
validation,0,1,0.232159,0.628857,-1.835359,1.872348,0.747172,2.460004,0.088783,-0.122175,-1.079073,0.885077
validation,0,0,0.015026,-0.749112,1.107507,1.34344,0.592349,-1.065969,0.167251,1.654273,-1.908331,0.682968
validation,0,1,-0.154314,0.063285,-0.666744,-1.007629,-0.023698,0.861036,-0.120716,0.458087,-0.932365,-1.842094
validation,0,0,-0.436211,-1.768878,0.481497,-0.00547,1.215047,0.320717,-0.080062,0.847103,2.008981,-1.422836
validation,0,0,-1.973738,-0.39341,1.348336,1.712603,1.337512,-0.204162,0.176938,0.430218,-0.392667,-0.360286
validation,0,1,1.055073,1.564646,1.253109,0.529824,0.212838,-0.440503,0.957849,0.154268,-0.649261,0.329177
validation,0,0,0.525042,-1.934795,-0.490061,-1.127384,-0.119078,-0.156813,-2.982496,1.284165,-0.852981,-0.148199
validation,0,0,-1.769605,0.257391,-0.159849,0.950536,0.142184,0.474719,-0.875085,1.013905,0.972611,-1.256097
validation,0,1,0.573438,-0.536563,0.187881,0.411581,-1.650092,-0.105292,1.628172,-0.316199,0.671953,0.889983
validation,0,0,-0.176316,-2.156877,-0.877565,-0.277202,-0.423335,-1.026757,-0.816887,0.536249,0.315384,1.471006
validation,0,0,-1.229387,-0.216196,1.047708,-0.435406,0.082392,1.343972,-0.411131,-1.41794,2.158749,-0.341453
validation,0,0,-0.83977,-0.572121,0.429792,-0.932744,0.180481,-0.106642,0.739923,0.610776,0.443618,-1.19921
validation,0,0,-0.260978,0.617114,1.63371,-0.490707,-0.95167,0.110084,0.190644,0.705536,-0.488702,-0.619168
validation,0,0,-0.421855,1.607871,1.576136,-0.657744,-0.929585,-0.737413,-1.761058,-0.051314,-0.309198,-0.583115
validation,0,0,0.471772,-0.580868,0.511462,0.444911,0.626457,0.845161,0.82549,-0.252702,0.229815,-0.683797
validation,0,1,1.224169,0.568829,1.34793,0.706198,-0.219352,-0.365334,0.662941,-0.945765,0.951171,0.110948
validation,0,0,-2.163178,1.881062,-0.877712,0.602673,0.57017,0.004474,-1.049124,1.388412,0.317598,0.655495
validation,0,0,-0.321501,0.469431,-0.474441,-0.406651,-1.482985,-0.384195,-0.18041,0.767085,0.601851,-0.163011
validation,0,0,-0.395661,-0.205869,-0.811672,0.931711,-0.877573,-0.141234,0.818061,-0.306391,0.899929,0.909664
validation,0,0,-0.607787,-0.310211,0.002251,-0.315263,0.056677,2.17315,0.426824,-0.238654,-0.647716,-0.083881
validation,0,0,-0.107996,-0.044447,-1.178584,-0.455941,1.005056,0.988018,0.274806,0.211163,1.446867,1.810595
validation,0,0,0.393809,2.123444,-0.092138,-1.317585,-1.175524,-1.77801,-1.122429,-1.684143,-0.969373,-0.402577
validation,0,0,0.273674,0.046393,-0.90989,-0.045899,-0.044888,-0.460166,0.13908,-0.838663,1.544476,-1.417486
validation,0,0,2.297933,0.309155,-1.127502,0.93621,0.089468,-0.00149,0.491448,-0.540084,-0.215542,-3.59627
validation,0,1,-1.403722,-0.208496,2.206414,0.758859,0.151159,-0.039341,-1.241413,0.382477,2.164871,1.028701
validation,0,1,-0.08688,0.843125,-0.274816,1.523051,0.89833,-0.086766,-0.833368,0.588651,-0.688407,-0.293806
validation,0,0,-0.332426,-0.61983,-1.519374,-0.229385,-0.812582,0.517848,-0.081389,-0.45724,0.409716,1.426311
validation,0,1,2.597127,0.020339,0.498495,-0.388576,0.975613,0.767045,1.349151,-1.324159,0.019054,1.362528
validation,0,1,0.603645,0.974842,0.487226,-1.781194,0.66505,0.371599,-0.726512,0.711004,-0.334119,-0.470815
validation,0,1,0.58703,0.34028,-0.427903,2.085849,0.628771,1.436606,1.363113,0.016802,0.650461,-0.984443
validation,0,0,-0.158538,0.422073,-0.18056,-0.797548,-1.456118,0.960965,1.009849,-2.745639,-0.880142,-1.104133
validation,0,0,-0.059001,0.404789,-0.734549,-1.27217,0.177629,-1.539825,0.500457,0.172233,1.719733,-0.534019
validation,0,1,-1.06121,-0.813277,-0.580007,-0.809703,0.832711,0.666905,-2.923276,-0.028045,-0.496045,0.020764
validation,0,0,-0.988865,-1.33357,-0.07999,-1.458512,0.529978,-0.890804,-0.207232,-0.523547,0.51284,-1.222252
validation,0,0,-0.015126,1.568526,0.914851,-1.960217,1.22548,-1.012855,-0.042835,-0.268853,-0.646553,-1.456723
validation,0,0,-0.744308,0.779818,-0.79312,-0.466646,-0.628468,0.156451,-0.119371,1.2604,0.205858,-0.796923
validation,0,1,-0.554394,0.787149,1.453003,0.699294,1.18919,0.016843,1.888608,-2.151263,0.816772,-0.422755
validation,0,0,-0.198935,1.980371,0.010387,-0.790573,1.025308,-1.941115,-0.943397,-0.204452,0.071184,0.495982
validation,0,0,-0.599656,-1.176784,-1.681114,-0.514464,0.494169,-1.182271,-0.573314,-1.417961,-0.475004,0.668981
validation,0,0,-1.398538,-0.349285,1.187505,-1.062573,-0.021485,0.067785,-0.111236,-0.082421,0.566993,0.22248
validation,0,0,0.063657,-2.070893,1.021457,-0.511866,0.294225,0.835143,0.458701,0.487547,1.593574,-0.64583
validation,0,0,0.533934,-0.632937,-0.870525,1.050948,0.111532,-0.604504,-1.166208,-1.107688,0.255378,-1.093252
validation,0,0,-1.045184,-0.438539,-0.139238,-0.479572,2.302452,-0.050961,0.704438,-0.873175,-0.339374,0.057132
validation,0,0,-1.319447,-0.758451,-0.403739,-1.296144,0.922586,1.796305,0.979611,-0.058655,-0.009399,-1.108806
validation,0,0,0.134621,-0.840355,0.291311,-0.020045,-0.644671,0.573729,-0.284281,-0.84627,0.109784,2.496782
validation,0,1,1.148919,-0.148435,0.429238,1.175564,-1.712917,-0.948015,1.587604,-0.975439,0.288722,-0.29418
validation,0,0,-1.091019,-0.370413,-0.167883,1.337508,-0.365619,0.974315,1.007401,0.534524,-0.478037,-0.593338
validation,0,1,0.899552,-1.064502,1.261481,0.90744,0.426292,-0.492032,-0.230259,0.03371,1.937811,-1.60187
validation,0,0,-1.707683,-1.029933,0.171478,-1.481317,0.8485,-0.379955,-0.537158,-1.456576,1.670808,1.062794
validation,0,1,1.262962,1.709547,0.928323,1.721473,-0.428669,1.142196,-0.82092,-0.218465,0.805935,-2.157428
validation,0,0,-1.077436,-0.11939,0.000869,-0.653705,0.813087,-2.42578,-1.378318,-0.496154,1.5871,-0.238953
validation,0,0,-0.103207,-0.355582,0.639937,-0.611207,1.000258,1.328357,0.19577,0.033911,-1.207142,0.449104
validation,0,0,-0.389709,-0.158825,-0.642364,-0.988916,-0.371109,-1.209058,0.231742,-1.354814,0.363656,-0.331833
validation,0,0,-1.800724,1.344245,0.437138,-0.371245,1.324414,-0.734193,1.129998,-0.471187,-1.284672,0.027034
validation,0,1,1.49945,0.526924,0.206032,1.004089,-0.9383,1.224981,0.492609,1.55454,-0.263012,1.482509
validation,0,0,0.470241,-0.684681,0.601968,1.446453,0.616327,-0.577254,-0.486769,0.013305,-0.54982,1.373759
validation,0,0,0.445791,0.884156,0.92888,-1.065156,-0.115156,0.486238,-0.249119,0.550343,0.688427,1.151492
validation,0,0,0.044862,-0.466711,-0.861612,-0.854807,0.102944,-1.432352,-1.254389,0.640898,-1.157984,-0.703996
validation,0,0,-1.630566,-0.04643,-1.455014,-0.451681,-1.657832,0.023725,1.071634,-1.124893,-0.577773,0.93151
validation,0,0,0.545388,0.076343,-0.611676,-0.708679,0.073563,-1.066113,1.19499,0.032822,0.973387,0.236399
validation,0,0,-1.500171,0.309641,-1.21422,1.072146,-2.051776,-0.092579,0.686454,-0.376035,0.350446,1.079404
validation,0,0,-1.002976,-1.766401,1.205024,0.015515,1.474064,-2.489704,0.529291,-1.936049,-1.305987,0.284952
validation,0,0,0.698708,-0.174224,0.070495,-0.008964,0.220169,-0.367555,-0.639486,-1.589822,1.747517,-0.9017
validation,0,1,1.616286,-0.033854,-1.811787,-0.664443,2.03252,-0.320735,0.390423,0.974904,-0.119248,0.325251
validation,0,0,0.354646,-1.799033,-0.388788,-0.114754,0.72625,-0.245201,-0.150998,-0.147473,-1.131306,0.695349
validation,0,0,-0.033073,0.55037,0.254879,0.444844,-0.88138,-0.370904,-1.557373,0.225528,2.596659,0.187089
validation,0,0,-0.650079,-0.68007,-0.120155,1.341744,-0.44421,-0.849902,-1.555424,-0.977753,-1.554382,-0.272264
validation,0,0,0.511243,0.414057,0.390737,0.897095,1.205445,-0.396742,0.87472,0.738936,1.285684,-1.696758
validation,0,0,3.173078,-1.913147,-1.576837,-0.087668,-0.042853,-0.390792,-1.341877,0.000158,0.729525,-0.392623
validation,0,1,-0.77023,1.161675,0.751155,-0.384208,0.527401,-0.210679,0.294248,-2.10632,-0.021545,0.790564
validation,0,0,0.072083,-1.078026,1.612514,-0.164769,0.534466,-0.849983,0.869724,0.074574,-1.003221,-2.149236
validation,0,0,-0.103101,0.306522,1.695805,-0.235425,-0.653413,1.026501,0.043621,-1.844888,1.163637,-0.080606
validation,0,0,-0.259952,-1.751809,-0.118423,-2.164461,0.944727,-0.581808,-0.829642,1.098458,0.438513,1.300913
validation,0,1,2.026545,0.497457,0.37492,0.037416,2.157072,0.161638,-1.341051,-0.144793,-0.819636,-0.354695
validation,0,0,-0.702249,-0.242501,0.08954,-0.098703,-1.38776,1.358382,-0.614612,-0.174217,-0.480201,-0.31857
validation,0,1,0.844201,-1.524312,-0.562226,-1.16855,-0.125345,0.359372,-0.680409,-1.285655,1.228052,-0.257947
validation,0,0,-1.015999,-0.827935,1.582565,0.667229,0.4725,-0.098864,2.026848,-1.074001,-1.561773,0.506409
validation,0,0,-0.184338,-0.029172,0.184161,-0.386611,-0.49805,-1.293513,-1.592393,1.276344,1.835132,-0.518398
validation,0,0,0.802133,-1.361518,-3.088454,0.46783,0.232743,1.660794,0.426852,-0.416421,-1.634185,-0.147753
validation,0,0,0.202626,-0.028388,-0.170444,0.465183,1.73554,0.081858,1.526619,-0.584507,-1.82641,-0.599749
validation,0,1,1.295365,0.075115,-1.811906,-1.389563,-1.764179,-1.359985,0.690578,0.26549,-0.337657,1.032011
validation,0,0,-0.036496,0.379809,-0.778449,-0.059743,-0.174892,1.981116,1.488907,-1.802149,0.58065,-2.184186
validation,0,0,0.964318,0.166322,-1.264248,0.329554,-0.074457,0.324647,-0.039438,1.209761,0.281972,0.04344
validation,0,1,2.623765,-0.38957,-0.831321,-0.329769,0.274313,0.620173,0.496962,-1.073497,-0.160458,-0.942603
validation,0,1,-0.583439,1.39543,1.171275,-1.897216,-0.389841,0.145465,-1.835388,0.906465,0.436685,-0.004139
validation,0,0,-2.133891,0.482601,-1.135812,-2.273132,-0.014223,0.075844,-0.641321,-0.591962,2.166306,-0.864065
validation,0,0,-0.647475,0.446462,-0.750493,-2.434849,1.210617,0.150258,0.512277,0.736999,0.448817,1.299835
validation,0,1,-0.273115,-0.003514,0.817553,-0.248757,1.990628,-0.537254,-1.319834,-0.162256,-0.53483,-0.925176
validation,0,0,0.007595,1.175046,-0.323732,1.037773,-1.074827,0.15296,-1.418225,0.895937,-0.485444,1.077209
validation,0,1,1.643067,-0.97759,0.459108,1.106212,-0.800893,0.563686,0.741052,0.033063,-0.970688,-1.181717
validation,0,1,0.007059,-1.999222,0.1678,0.901685,2.114121,-1.632856,-0.740327,-0.52443,-0.011934,1.240747
validation,0,1,1.067388,-0.632908,0.242383,-0.749936,0.730792,-0.465167,0.399497,1.149528,-0.558671,1.288104
validation,0,0,-0.5496,-1.003311,0.40575,0.311349,-1.18749,0.638354,1.455387,1.101007,0.480233,0.037847
validation,0,0,-1.048375,-0.675399,0.63241,1.343579,-0.577322,0.73821,0.992436,3.324464,0.217787,0.825907
validation,0,0,0.393262,0.426721,-1.114937,-0.600355,1.21965,-0.404646,0.773901,0.878516,-1.704605,0.435768
validation,0,0,-1.486682,0.700022,-0.273135,1.276251,0.825108,0.815347,-0.61159,0.71922,-0.492504,-1.143169
validation,0,1,1.498503,0.469987,-0.27973,0.274744,-0.773046,-0.90721,-1.079052,-0.315263,-1.004466,-1.462344
validation,0,0,0.380234,-0.16596,0.794699,-0.400861,-2.398383,1.654109,-1.32652,0.219343,-1.419312,-0.243929
validation,0,1,-0.224289,1.066467,1.280495,0.740056,-1.173539,-0.4767,0.881414,0.149579,-0.634283,1.172424
validation,0,0,-0.735059,-0.199285,1.540172,2.443758,0.192119,-1.336638,1.439952,-1.022775,-1.476425,1.124675
validation,0,0,1.032951,1.13903,1.520052,-1.889542,0.464182,-0.314128,1.504409,1.762486,-0.450499,-0.060024
validation,0,0,-0.341212,-0.964819,0.422593,-1.526652,0.741998,-0.046069,1.71126,-0.122831,-0.935988,0.196915
validation,0,1,-1.744611,-0.05272,1.219516,-0.546442,1.527126,-0.788544,0.170336,0.839826,-0.353456,1.507081
validation,0,0,0.343215,-0.888043,-1.921623,-2.337743,-0.120983,-0.405274,-0.522393,-0.096068,-0.720533,0.387075
validation,0,0,0.629595,-0.369283,-0.106223,-0.184071,-1.061587,-0.967683,-0.239511,0.010329,-0.316946,2.331814
validation,0,0,-1.994218,0.314973,0.643447,1.227228,0.534945,-0.756635,-0.418608,1.134699,-0.365095,-0.760632
validation,0,0,-0.767399,-1.306196,-0.581853,0.11453,-0.843291,-1.444065,0.772434,-0.048123,-0.87469,-0.382104
validation,0,1,0.336431,2.654258,1.005057,1.019155,1.815542,-2.13762,0.871114,-0.986728,-0.797615,-1.00378
validation,0,0,0.784753,0.582046,-0.018085,0.19863,0.341244,2.111353,-1.218652,0.19033,-1.19051,0.089704
validation,0,1,0.213229,-0.104563,2.272864,-0.286051,0.272432,0.541952,0.441056,-0.40454,-0.430832,0.083387
validation,0,0,0.569121,0.105905,0.403633,0.845454,-1.306315,-0.228557,-0.849265,-0.046277,-1.701222,-0.566684
validation,0,0,-0.103974,0.178431,0.400467,-1.679958,1.074711,-0.223435,-1.592751,1.355714,0.868515,-1.166306
validation,0,0,0.164269,-0.049619,0.551351,0.06198,-0.763769,1.998616,-0.173517,-2.006084,1.812449,0.134413
validation,0,1,0.169105,2.072362,1.759865,0.270988,-1.565991,-0.868971,-0.599146,0.710451,-1.647602,1.332746
validation,0,1,0.3277,0.430189,0.886811,1.402396,-0.881058,-1.516239,-0.280487,-0.892417,1.262113,-1.254516
validation,0,0,0.744117,-0.145726,0.947806,-0.646233,-1.206057,0.661276,0.375912,-0.105228,-0.544075,-0.161015
validation,0,0,-0.677326,-0.031024,0.461575,0.06723,0.447032,1.298656,-0.554778,0.123639,-0.787031,1.979532
validation,0,0,-0.247346,1.909029,-0.120794,-0.17108,-1.200492,-0.457434,0.524534,1.883541,-1.092265,1.137305
validation,0,0,1.870311,0.419036,0.515962,-0.282852,-1.842454,-0.961905,-0.530359,-1.069465,0.296979,1.417113
validation,0,0,0.074407,-0.155715,-0.498152,-0.651869,-1.175598,-0.171186,-1.281746,0.238211,-0.2409,-0.193608
validation,0,0,0.672776,-0.022821,0.959327,-0.771198,-0.408275,1.507595,0.675288,0.858957,-0.27477,-0.867354
validation,0,1,-0.994635,0.249695,1.094093,0.282513,-0.5518,-0.391991,-0.847465,2.054599,-1.174287,-0.607301
validation,0,1,1.548966,0.168122,0.258719,0.140908,-0.174517,-1.516016,-1.126218,1.226024,-1.037525,-0.074693
validation,0,0,0.16795,1.493054,-0.918858,1.098741,0.724832,2.18578,0.73761,1.170157,0.559474,-0.481728
validation,0,1,0.510154,-0.673382,1.79396,-0.378263,0.559798,-0.64376,0.444836,-0.792693,-1.447566,-0.590552
validation,0,0,-0.641091,-0.68002,1.058303,0.930711,-1.521611,0.022174,-0.611495,-1.401071,-1.602313,2.567654
validation,0,0,-0.778242,-1.572321,0.649022,1.310724,-0.266958,0.02297,0.358399,2.264016,-2.008148,0.984302
validation,0,0,0.662511,-0.955266,-1.360648,-0.407848,1.069587,-0.929007,1.518355,1.655506,-0.179161,-0.639922
validation,0,1,0.650178,0.269993,0.886546,-0.65245,-0.645275,0.397196,-0.540261,-0.297109,-2.115357,0.604481
validation,0,1,0.670885,1.531532,-0.507255,-0.511299,-0.728814,0.752942,-0.322334,-0.814454,-0.014312,0.058707
validation,0,1,-0.425515,-1.498681,-0.854139,-0.461139,-0.611597,-0.840801,-0.057492,0.20941,2.544914,0.293056
validation,0,0,0.25378,-0.010758,-0.052051,-1.067606,0.829735,-0.471644,-0.236187,1.317204,-0.807651,0.261264
validation,0,0,-0.334774,0.524031,-0.129266,0.374888,-0.916182,-0.230368,-0.502289,-0.414358,0.820614,0.012019
validation,0,1,0.850927,-0.812244,-0.097589,0.487177,0.400494,1.330148,0.477992,-0.369075,0.99093,1.06955
validation,0,0,0.225728,0.417476,-0.924167,1.614982,0.401512,0.025355,-1.517242,0.553579,-0.978181,0.767513
validation,0,0,-0.151328,0.051969,-1.275473,0.186006,0.353307,-0.095555,-0.471883,-0.02293,0.230862,-0.412245
validation,0,0,0.404266,-0.299702,-0.167637,0.803077,0.783009,-0.749402,1.045673,-0.656435,1.080084,-0.072766
validation,0,0,-0.883248,0.350609,0.009152,-0.349356,-0.806138,1.018038,0.023904,-0.427903,-0.725701,-0.138678
validation,0,0,0.578762,0.486284,0.431395,-1.982876,0.965451,-0.860702,-0.709455,1.515766,0.39148,1.065221
validation,0,1,0.689009,0.033039,0.941095,3.046732,-0.466854,-0.381808,-0.468598,-0.927325,1.536464,-0.901011
validation,0,0,-0.877283,0.524876,1.300886,-0.917758,-1.724899,-0.444542,-0.255201,0.711551,-1.068657,0.233726
validation,0,1,0.833996,-1.938498,-0.704531,-0.893,0.917449,0.270254,-1.441094,0.94791,-1.127615,0.830755
validation,0,0,1.337478,-1.149842,-1.45327,0.71595,-0.46868,-0.368047,0.673951,-0.244192,-1.460797,-0.125631
validation,0,0,-0.631125,0.458937,-1.385155,-1.415185,0.994931,1.747089,-0.83491,-0.378784,0.937487,0.945579
validation,0,1,0.97398,-0.730001,1.553033,-0.304266,-1.799679,0.009969,-0.263865,0.999379,0.106825,-2.325551
validation,0,1,0.49643,0.297747,-2.301573,0.18486,-0.603078,0.167451,-1.760986,1.367759,2.217415,0.908616
validation,0,1,0.319725,1.059404,-0.551917,-0.906035,-1.150467,0.142045,-1.114564,0.552548,-2.059197,0.61124
validation,0,1,-0.586898,0.936524,0.793704,0.4768,0.758282,1.568458,1.747234,1.850174,-0.286298,0.42464
validation,0,0,-0.550665,0.36963,0.594859,-0.769804,-0.456665,-0.793477,-0.239377,0.502328,-0.53448,-1.2198
validation,0,1,0.886233,-0.259821,0.337375,0.536891,-0.437791,1.383299,-2.070327,0.085834,0.601831,1.461366
validation,0,0,-0.04408,1.381811,-0.603686,-0.457424,-0.741891,-1.188554,-0.552312,0.553113,-0.319218,1.35404
validation,0,1,1.179098,0.67143,-0.196153,-1.105128,0.370809,0.159807,0.539299,-0.350998,-1.370037,1.080475
validation,0,0,-0.35421,0.095235,1.138017,-0.135973,0.210941,-0.40472,-0.500609,0.788114,1.075642,-0.387963
validation,0,0,0.778262,-0.641741,-1.44208,-1.139492,0.367601,0.396239,-1.462535,1.112028,-0.059794,1.699199
validation,0,0,-1.696492,-1.499171,-0.451147,0.045907,0.528539,0.060659,-0.532671,0.064388,-1.188885,-0.368138
validation,0,0,0.972601,-0.312886,0.419063,0.473689,0.041417,-0.889314,1.307504,1.263213,1.462594,0.56199
validation,0,0,0.390452,0.13579,-1.686949,-1.06308,-0.064808,0.923116,0.062444,0.140246,0.215168,-1.121824
validation,0,0,0.769291,-0.087345,0.233784,1.275208,0.277305,-0.578593,-1.037131,-0.566833,0.564884,-0.897124
validation,0,1,-0.227589,2.700216,0.461105,-0.072074,-1.004341,-0.476047,0.815375,0.126097,-0.211329,1.154341
validation,0,0,-0.898269,0.19744,-0.32519,-0.852442,-0.880485,-0.965923,1.324696,0.626883,-0.072059,-0.654326
validation,0,0,-1.260721,-0.113548,-1.613899,-0.47892,0.641253,-1.12185,-0.312567,-0.506949,1.402232,-0.54253
validation,0,0,-1.072765,-0.915786,-0.209174,-0.590421,0.695986,1.057946,-0.469899,-0.095529,0.804688,0.524789
validation,0,1,0.875774,0.746415,1.320413,-0.419695,-0.178481,0.34703,-1.635877,-2.040574,1.657381,1.301738
validation,0,0,0.335551,1.002941,1.928532,0.014018,-0.481358,-0.470355,-0.514896,-0.53494,-0.938453,-2.331139
validation,0,1,0.813425,1.631326,-0.14927,-0.194863,0.049111,-1.16124,1.017862,1.089268,2.111904,1.018651
validation,0,1,0.477334,1.06704,0.097164,-0.286669,1.541912,-2.298141,0.894502,-0.811665,1.038795,-0.616354
validation,0,1,1.410163,1.134665,0.113277,-0.405483,0.901633,0.104492,-0.349257,0.80659,0.353684,-0.08162
validation,0,0,0.235237,-1.645622,0.826291,-0.557629,1.249645,2.690685,1.750523,-0.361782,-0.634084,-0.18747
validation,0,0,-0.382836,-0.987873,-0.426445,0.8226,-0.617333,-0.289215,1.399669,-0.70817,1.011652,-0.343027
validation,0,0,0.200691,0.785453,-0.498905,-1.561202,0.098719,-0.186469,1.074152,0.363195,-0.280462,1.581321
validation,0,0,-1.603551,-0.4421,0.406969,-0.001168,0.140134,-0.739316,0.668658,0.575163,0.012806,0.694038
validation,0,0,-0.995591,-1.683038,0.479147,0.247668,0.865385,-0.096347,0.845556,0.065721,-2.169789,-2.488189
validation,0,1,-1.168408,0.265942,0.849931,0.349762,-0.27314,0.496065,0.383643,0.996414,-0.587801,0.742719
validation,0,0,-0.503277,-1.260297,-0.708017,0.600934,-0.872278,-1.486127,-3.141412,1.897291,-1.098293,-0.276283
validation,0,0,-1.526833,0.891331,0.128176,1.016993,0.820956,-0.988636,0.238708,0.186359,0.427666,0.832301
validation,0,1,0.329916,-0.089922,-0.916528,0.675825,-1.366663,0.461834,-0.830924,0.735974,-0.555317,0.76476
validation,0,0,0.8688,1.787588,-0.680379,-2.694718,0.390706,0.291004,-0.249247,-0.728511,-1.305701,-1.038091
validation,0,0,-1.091848,-1.216887,-0.306783,0.379498,-1.051739,-0.133367,-0.740207,0.553041,0.724826,-0.570821
validation,0,1,1.118446,-0.218328,-1.796166,0.81087,2.245957,0.264974,0.693353,0.056225,-2.649552,-0.400446
validation,0,0,-0.196488,-0.105795,-0.254895,0.130642,-0.484652,0.348014,0.993647,-0.88747,1.260285,1.470246
validation,0,0,0.245111,-0.717044,1.589026,-0.082846,-0.575121,-0.121431,0.77274,-0.740071,-0.45419,0.702625
validation,0,0,-0.399136,-1.154149,-1.763797,-0.841812,-1.337179,-0.401284,-1.114096,0.354231,1.277448,-0.259448
validation,0,0,0.31171,0.022496,-0.139939,0.056228,0.364734,0.734201,-1.991077,0.620136,0.823732,-0.823669
validation,0,0,-2.230197,1.239688,-0.52731,-1.84245,1.205377,0.413964,-0.838128,-0.334161,0.253368,0.974442
validation,0,0,0.175203,-0.627568,-0.451445,1.88928,0.561256,0.075352,0.686776,-0.107142,-0.530229,-0.942275
validation,0,0,0.990213,-0.091687,-0.792529,0.459103,-1.047341,0.188127,-0.123198,-1.003726,-1.836821,0.623976
validation,0,0,-0.745898,0.059695,0.509175,0.522021,-0.639836,0.855224,-0.322064,-0.150145,-0.162006,-0.115175
validation,0,1,-0.831109,2.197916,1.928845,0.857545,-0.876145,-0.133532,-0.611678,-1.14667,1.200252,1.232179
validation,0,0,-0.27225,0.351293,0.880417,-1.096978,-0.773627,1.48273,1.750052,0.378399,0.586683,-0.459184
validation,0,1,-1.375472,0.793503,-0.24983,-1.123271,0.293746,-0.578336,0.027415,0.863978,-0.567704,-1.640405
validation,0,0,-2.183157,0.87006,-1.95473,2.373372,0.442778,-1.2119,-0.995436,-0.733355,0.512592,0.640533
validation,0,0,0.53761,-0.616878,0.486646,-1.487363,0.595724,-1.65854,-1.386126,1.117224,-0.371866,-0.360757
validation,0,0,-0.091363,0.245137,1.609538,0.300325,0.406249,0.118997,-0.424949,0.830003,-0.051836,0.923072
validation,0,0,-0.503051,-0.126431,1.015135,-0.866028,-0.72308,0.029498,-0.101239,-0.820975,-0.64091,0.72545
validation,0,0,-0.110043,-0.57789,0.136252,-0.798857,0.652034,-1.127819,0.041867,1.363128,-0.545162,2.261717
validation,0,0,-0.520354,-0.175528,1.561459,-0.196944,-0.624248,-0.807167,0.9583,-0.122405,1.107468,-2.377337
validation,0,0,-2.122973,-0.70185,-2.228968,-0.164858,-0.24324,-0.659686,-0.34465,-1.473294,0.950951,1.424638
validation,0,0,-0.913109,1.430426,0.828298,1.576144,1.100839,1.251131,1.198364,1.203199,-0.915876,-0.724023
validation,0,0,0.500858,0.458641,-0.371779,-0.187801,1.182747,1.117646,-0.132691,0.900179,-0.562146,0.039421
validation,0,0,-0.39655,0.051416,0.808682,0.528038,1.057515,-0.518313,-0.358962,-0.19798,1.654718,-0.906403
validation,0,0,-0.423599,0.201907,-1.474441,-1.326297,-1.159292,-1.071749,-1.668019,1.006257,-0.037666,-1.043529
validation,0,0,-0.18735,0.909883,0.293091,0.26067,1.279143,1.055051,0.586921,-0.752915,0.117064,-1.206462
validation,0,0,-2.408075,0.458435,0.405147,0.039163,0.287321,-0.108304,-0.461431,1.701875,-0.502513,2.198773
validation,0,0,0.697024,1.116372,-0.541435,1.917658,-1.287112,-1.124641,-0.734009,0.095466,0.522558,-1.329077
validation,0,0,-0.886159,1.935143,-0.642392,0.8705,0.243581,1.174273,1.651766,0.789803,1.406896,-0.236897
validation,0,1,-0.255989,0.208367,0.181857,-0.125324,0.032195,-0.662353,1.251655,-0.509511,-1.453971,-0.53623
validation,0,1,1.872474,-2.6021,1.776442,0.265721,0.216226,0.667725,-0.421748,0.545306,0.992175,0.647829
validation,0,0,1.024689,-0.061248,-1.028311,-0.189054,-0.241693,-0.155836,-0.519806,-0.703754,-1.605432,-2.144023
validation,0,0,0.212705,0.081135,-0.462681,-1.831567,1.330382,-0.563286,0.257197,0.02203,-0.449721,-0.375164
validation,0,0,0.050908,0.834125,0.017147,1.143935,-1.0846,0.958321,-0.036794,1.469574,0.361131,1.611221
validation,0,0,-1.687603,0.914641,0.208775,0.719408,1.13933,0.212218,1.795936,0.262959,-1.328419,-0.154074
validation,0,0,0.946377,-0.37189,-0.998109,1.578932,0.465242,0.670588,0.515196,-0.557512,-0.272828,1.495141
validation,0,1,2.323608,2.073626,0.218734,0.510825,-0.758123,0.240996,0.061287,-0.327332,-0.827314,-1.225741
validation,0,0,-0.498548,-1.870391,-0.269068,-0.96814,-0.595485,0.461319,-0.260196,-0.080863,0.337836,-1.360636
validation,0,0,-0.311068,0.104684,0.975116,0.817151,-0.334717,-0.479355,1.392801,1.000232,-0.822609,0.023596
validation,0,0,0.939764,0.016824,3.049098,-1.50538,0.447125,0.19491,-1.110529,-0.540413,-1.02266,1.631333
validation,0,0,-1.012361,1.465301,-1.227906,0.18234,1.015011,-0.509504,-0.389412,1.028033,-1.532359,1.509758
validation,0,0,-0.036708,-0.266586,-0.637356,1.941392,-0.499951,-1.440742,1.042165,-0.569694,-0.647462,-2.556074
validation,0,0,-0.594074,1.141493,-0.077204,-0.84444,-0.283962,-2.315347,1.098726,0.019502,0.688648,-1.09367
validation,0,0,1.422683,-0.401913,-1.804148,-1.21061,-0.621469,0.426856,0.362927,-0.496869,0.781617,0.195867
validation,0,0,-0.284928,1.539298,-0.449602,0.720529,1.067146,2.08,0.219988,-1.381018,-0.885527,1.715196
validation,0,0,-0.414231,-2.235273,-1.308567,0.863109,-0.276668,-0.322205,-1.03018,0.084239,-3.051831,0.968855
validation,0,1,-0.25614,0.179905,0.930491,2.34575,1.490686,0.216862,-0.127086,-0.326145,0.058562,-0.254657
validation,0,0,-2.153428,-0.270491,-0.581177,0.060514,-0.723024,0.161248,0.295629,0.477557,-0.152575,-0.871837
validation,0,0,-0.842489,0.412299,1.558259,0.310484,-0.065101,0.063997,-0.145811,0.212319,-0.52111,-1.499209
validation,0,0,-0.529234,0.066971,0.881591,-0.614359,-1.285674,-1.733123,-0.549544,-0.489711,-0.961959,-0.336872
validation,0,0,0.621177,-0.081902,-0.958344,-0.193746,1.4643,1.353957,-0.552043,0.587933,1.03717,-0.234243
validation,0,0,0.513494,0.816723,-0.090508,0.971842,0.369341,1.06608,0.769947,0.670366,1.079482,2.551006
validation,0,0,-0.607294,0.563223,0.121112,0.11483,-0.269695,-0.355076,0.002199,0.091482,0.818312,1.083982
validation,0,0,-1.456965,0.347498,1.771767,-0.92803,-1.755881,0.136019,0.25059,1.083929,0.602141,-0.96817
validation,0,1,1.213668,0.418349,-0.923824,0.950076,-0.566726,0.128325,1.254842,-0.429909,-0.179419,-1.553577
validation,0,0,0.779621,0.224816,1.162378,-0.785418,-0.552417,1.184932,-1.435465,-0.338148,0.623951,-0.449526
validation,0,0,0.67402,0.106293,-1.157258,0.429389,-1.043083,1.244275,-2.059803,1.0635,-0.100043,0.713331
validation,0,0,-1.252475,-0.698897,0.841811,-3.525263,0.276536,0.408584,-0.254977,-0.818827,-2.305011,-0.862019
validation,0,1,0.001343,2.260957,-0.187594,-0.972932,-0.470064,0.473205,-0.204505,-1.915453,0.613799,0.298133
validation,0,0,-1.581443,0.33363,1.184849,-1.011874,-0.775129,-0.188182,-0.826187,1.14192,0.003063,-0.516073
validation,0,1,0.010278,1.073449,1.917287,-0.873715,0.869695,1.096102,-0.882333,0.979014,-1.026794,-0.680878
validation,0,1,-0.176356,1.810811,-0.124523,0.608739,0.006996,0.450463,-2.480708,1.935964,-0.154941,-0.597613
validation,0,0,0.872349,1.194181,0.187787,-0.251529,-0.755894,-0.400838,0.144556,-0.518667,-0.302194,-1.313107
validation,0,1,-2.31783,-1.342141,2.056276,0.461332,0.115118,1.580166,-0.221775,1.658033,0.122199,-1.232946
validation,0,0,-1.927794,1.090249,0.266567,0.000402,-0.785506,1.592464,-0.896208,-0.457872,-0.102226,0.218763
validation,0,0,-0.043456,-1.017394,0.811473,-0.114096,-0.190203,2.39261,0.851785,-0.461234,0.377424,0.893721
validation,0,0,-0.513067,1.00019,-0.25813,1.04863,0.340103,-0.884503,-0.775642,-0.218998,0.719124,-1.038596
validation,0,1,0.514067,-0.61127,-0.663114,-2.449487,-1.15977,-0.25581,1.691246,1.290042,-0.756935,-0.894495
validation,0,1,0.243617,-0.284825,-2.461053,-0.313961,-0.680968,-1.42977,-1.649168,0.88102,0.975729,-0.259193
validation,0,1,-0.900464,1.15058,-0.215816,1.35094,1.83869,0.877123,-0.275783,-0.941077,1.112761,0.746488
validation,0,0,-0.034347,-1.05062,-0.889042,0.055941,0.222026,1.957817,1.87292,0.142199,-1.887653,-0.367428
validation,0,0,0.495596,1.103001,-0.34298,0.650668,0.258477,1.357113,-1.560591,-1.610478,-0.869484,-0.264942
validation,0,0,-1.436507,1.56936,0.758574,-2.23888,-0.730762,-1.406411,-0.345925,2.664926,-0.248363,-0.327113
validation,0,0,-0.319474,-0.045791,0.819154,0.262545,-0.623554,0.989499,-0.513771,-0.391616,0.154803,-0.192908
validation,0,0,0.202132,2.461025,-0.060074,0.260417,-0.054436,1.350982,-0.847539,0.936505,1.356003,-0.95712
validation,0,1,-0.711749,2.187726,0.666348,-0.149771,0.435372,-0.577179,-1.221336,0.708246,1.716961,0.786232
validation,0,0,-0.601097,-1.243103,0.74207,-1.260721,-1.804768,0.256205,0.022996,-0.302628,-0.041959,-0.038109
validation,0,1,1.498601,0.608309,-0.801358,-0.476922,0.017621,1.256093,-0.341565,2.157316,-1.069343,-0.863421
validation,0,0,0.454294,0.048434,-1.93807,1.606396,-0.568448,-0.226848,0.063264,1.565952,0.506197,-0.515858
validation,0,1,-0.270522,-0.149041,-1.397465,-0.860236,-1.535631,0.365882,1.143535,1.377266,0.033095,-0.496411
validation,0,0,-2.205797,0.714669,0.334242,-1.219312,0.779486,-1.42342,1.032707,0.884296,-0.960816,0.210234
validation,0,0,1.077538,0.679702,-0.572716,-1.526787,0.761043,-0.701065,-0.225642,-1.058371,0.18983,-0.612432
validation,0,1,1.052792,1.30786,0.603168,1.668905,-1.536632,-0.682053,0.014508,0.549103,-0.078976,0.505234
validation,0,0,-0.504052,-1.89353,-1.066438,1.605927,0.84569,0.049837,1.201967,0.083413,0.020925,1.153038
validation,0,0,-0.715464,0.243917,-1.440184,-1.030052,0.602993,-1.056754,0.746091,1.038771,-0.29126,0.74812
validation,0,0,-0.901949,0.029405,-0.627441,1.371369,-1.686107,-0.535886,-0.947664,-0.415132,-1.950096,1.282479
validation,0,0,-1.924736,-1.620134,2.110532,-1.114556,-0.046821,-0.950485,-1.342907,1.286127,0.104002,1.060195
validation,0,0,-0.41792,-0.694712,-0.778394,0.5235,-0.787318,0.778198,2.106094,-0.994499,-0.54521,0.494804
validation,0,1,1.531106,-0.06786,0.818138,-0.046423,0.07122,-2.329634,1.56941,0.712339,0.199345,-0.262899
validation,0,0,1.350246,0.570797,-0.553881,0.429779,0.685666,0.101834,-0.584207,1.701127,0.588722,-0.518397
validation,0,0,-0.072584,-1.042792,1.045204,0.457107,-0.189692,0.045878,-0.323444,-0.431648,0.757843,-0.151212
validation,0,1,0.273819,0.220664,-0.583221,0.884614,1.989649,-0.579018,-1.996107,-1.029416,1.762586,1.327504
validation,0,0,0.543208,1.483476,-0.039768,-0.379311,2.523019,0.127955,1.484239,-0.208244,1.243869,-1.976355
validation,0,0,0.284675,-1.341379,0.245825,0.255135,0.412715,-1.011417,1.573134,0.385296,0.946352,-0.264387
validation,0,0,0.841482,1.465631,-1.255481,-2.026516,-0.738734,-0.552556,-1.467172,0.012166,-0.333395,0.919916
validation,0,0,0.91128,-0.630752,-0.657023,-0.558423,-1.567605,1.649617,-0.818899,-0.130643,0.028398,-0.048586
validation,0,0,-0.776371,0.570402,0.880606,0.767442,0.573721,0.315033,-0.38934,0.567486,0.506433,-0.306592
validation,0,0,-1.403287,-0.99424,-1.057745,-1.107944,-1.174514,0.374425,-1.191499,-1.098556,0.321072,-1.483065
validation,0,0,-0.202327,-1.086334,-0.10641,0.096132,0.456163,0.093275,-2.08812,-0.011827,0.765078,0.905637
validation,0,0,-0.223431,0.164652,0.219926,-0.099188,-0.062601,0.541899,-0.601791,1.391724,-0.707034,0.656373
validation,0,0,1.619714,-0.999207,0.490905,-0.023355,-0.568551,-0.696486,-0.798393,-2.285895,-0.033998,-1.140862
validation,0,0,-0.364523,-0.626044,1.171315,0.269953,1.721083,-2.470032,0.015827,1.074724,0.738488,0.136282
validation,0,0,-0.174789,-0.033065,0.587759,-0.074457,0.089939,0.316865,0.774901,0.959134,0.934265,1.066562
validation,0,0,0.274016,0.496687,0.359068,-0.427458,-1.435102,0.667358,1.939115,1.11151,1.489569,0.691776
validation,0,0,-0.203454,-1.474776,-0.693155,0.34895,-0.573053,0.748651,-1.179781,1.248282,0.758134,-0.430985
validation,0,1,2.139057,1.409491,-0.227685,-1.322753,-1.659164,1.377612,0.867205,1.836737,-0.661767,1.414904
validation,0,1,1.805324,0.600759,-0.042677,-0.516825,-0.935184,0.249692,-0.718057,0.969092,-0.475179,1.27128
validation,0,1,1.122623,-0.863798,1.448991,-0.502843,-0.705709,-0.337125,1.544182,-0.551296,0.741289,-2.171752
validation,0,0,0.148078,-0.38853,-0.472247,1.1687,0.347838,0.179766,1.59783,-0.6416,2.859723,-1.230305
validation,0,0,0.58843,1.53124,-0.256452,0.451498,-0.455898,-0.015777,-0.176548,-0.431726,2.457974,0.986669
validation,0,0,-0.521292,-1.605727,-0.863891,-0.661562,-1.222586,-0.033462,-0.184201,-0.012645,-2.28758,0.453211
validation,0,1,0.523122,-0.481803,-0.285082,-0.300486,0.541379,-1.912192,-0.892029,-0.397089,-1.277403,-0.130698
validation,0,0,0.332156,-0.476394,0.682477,-0.174581,-0.452862,-0.488028,-0.897643,0.630422,2.448242,-1.180861
validation,0,0,1.934886,1.330183,-1.085537,-0.972501,0.951087,-1.036867,-0.226061,-0.359665,1.772056,0.274615
validation,0,1,0.300005,2.432046,0.198485,-0.373954,-0.142028,0.720541,1.211018,0.518748,0.44892,1.012747
validation,0,1,-0.012836,1.090437,-1.25816,0.724433,-1.135133,0.685029,0.410852,0.357365,-1.255769,0.872017
validation,0,1,-0.099897,1.468021,-0.574811,0.413503,0.59843,0.550889,-0.419989,0.113432,0.801346,1.222266
validation,0,0,-0.420412,-0.968746,-0.400491,1.640171,1.053183,0.793736,-0.640071,0.675461,-0.396623,0.708246
validation,0,0,0.353339,0.373036,-1.018747,-0.144541,0.527504,0.331929,-0.228229,-0.426753,1.107711,1.818036
validation,0,1,1.255399,-0.23482,0.165272,-0.862371,-0.236731,0.824499,-2.197288,-0.04901,-0.398785,0.149274
validation,0,0,-1.284478,0.650864,1.759703,-0.29588,0.476341,-1.401293,-0.539871,-0.213754,-2.017125,0.567978
validation,0,1,1.005197,0.474786,-1.305159,-0.541655,1.371965,1.179402,0.589719,-1.150553,0.279074,-1.052376
validation,0,0,-0.391378,-0.550461,-0.428267,0.675652,-1.29933,-1.620598,-0.050946,0.524908,-0.954123,-0.98162
validation,0,1,0.564902,2.142369,0.764651,-0.15186,-0.680968,-0.366225,-1.27731,-0.379608,-1.803512,-0.17305
validation,0,0,0.840142,-0.690867,-2.574615,-0.243623,-0.231725,1.310299,0.568795,-1.138838,2.029701,0.392924
validation,0,0,-0.331099,-0.50713,-1.370329,-0.156152,-1.616376,0.50711,0.518386,-0.675905,-0.134065,-1.406223
validation,0,0,1.634221,0.315813,0.295147,0.694316,-1.666576,-0.970105,-1.01003,-0.109648,0.564418,0.972228
validation,0,1,0.124104,1.903163,0.568179,1.117835,-0.813423,-0.438209,1.3075,-0.158141,-0.487692,-0.316011
validation,0,0,-0.014138,-0.77528,1.216804,-0.250748,1.28598,-0.877505,-1.698353,1.80673,-0.472192,-0.3989
validation,0,1,1.350899,0.684367,-0.276285,0.97241,-0.512196,0.586093,0.880643,-1.009825,0.999469,0.808974
validation,0,1,1.802144,0.739428,0.021575,-1.64731,-1.852922,0.393556,0.092738,0.986982,-0.065254,0.759685
validation,0,1,-0.237218,1.749921,0.725576,0.371883,0.990305,0.12621,0.032942,-0.370861,0.639741,-1.816252
validation,0,0,-1.926322,0.012206,-0.949507,0.782417,2.545317,-0.096648,0.294517,-1.281393,-0.260026,-2.121478
validation,0,1,-1.931825,0.639962,0.306557,-1.608815,0.692425,-0.060694,-0.736916,-0.596011,-1.117275,-1.057776
validation,0,0,-1.803082,0.075432,-1.699273,-1.572205,0.019059,-0.076198,0.166002,-0.42036,0.424691,-0.559438
validation,0,0,1.609322,-0.867141,-0.13231,-1.477318,-0.824893,0.611583,-0.532589,0.956765,-0.951427,-0.523022
validation,0,0,0.401173,0.326572,-0.71236,0.345528,-0.503568,-0.317366,-1.54431,-1.155879,3.372081,-0.117775
validation,0,0,-0.044411,1.196537,-0.155164,0.704707,-1.620023,-0.009417,-1.847696,-0.099431,-0.085507,-1.904553
validation,0,0,-0.805816,-1.077872,0.565591,0.21739,-0.233298,1.1094,-1.253589,0.174619,-1.687775,2.272051
validation,0,1,1.425141,0.802733,-0.251028,-0.916143,-1.653593,1.373366,-1.024253,-0.386031,1.229594,1.48819
validation,0,0,-0.263046,0.17695,0.161091,-0.158779,1.088948,-0.95843,-0.319282,1.324886,-0.042778,-0.72162
validation,0,1,0.357837,-0.211815,-1.57878,0.817056,-1.484251,-0.127505,-1.710576,-0.709116,1.692966,-0.249263
validation,0,0,0.381155,0.290463,2.285027,-0.667523,0.221384,-1.890032,1.811679,0.8496,-1.357909,0.537122
validation,0,0,-0.44866,-0.43946,0.173404,0.777425,-1.132672,-0.878143,-0.96507,-1.737511,-0.145048,-0.785432
validation,0,0,-0.142207,-1.390657,-1.287704,1.231617,0.502767,-0.061552,-1.044037,-0.743883,-0.891564,0.160814
validation,0,1,0.894627,0.809211,1.033591,-0.972564,-0.502829,-1.697834,0.458132,-0.433608,-0.769124,-0.298724
validation,0,1,-0.001456,0.907932,1.054115,0.077259,-0.77092,-0.007299,1.183739,1.566756,0.535091,0.446365
validation,0,1,-0.408129,-0.453499,-0.56597,-0.178125,-0.457712,0.420226,-0.144102,-0.534773,-0.302308,-1.050532
validation,0,0,-0.763672,0.144519,-0.053689,0.543011,1.260658,-0.227542,0.490976,0.162637,-1.415243,0.467498
validation,0,0,-1.33804,-0.968133,-2.328034,-0.652165,1.687575,1.692205,0.114907,1.636835,-0.835482,-1.799083
validation,0,0,0.119033,0.433829,1.579286,0.691003,1.901392,-0.256107,-0.711794,0.379205,0.46414,-0.473156
validation,0,0,-1.351772,1.145225,-0.114782,-0.315548,-2.392153,-1.212136,-1.411897,0.056814,-0.059421,-0.286711
validation,0,0,2.617793,-1.252095,-0.283104,0.618718,-0.817798,-1.212063,1.505646,0.397058,0.150038,0.013688
validation,0,0,-0.811258,-0.248353,1.159351,-1.082285,-1.194631,2.018732,0.62557,0.700402,-0.237771,0.337971
validation,0,0,0.123329,-0.78272,0.837461,-0.263975,0.908461,0.977694,-0.902702,0.684096,-0.457074,-0.705901
validation,0,1,1.622299,-0.873985,-0.01458,0.261779,-1.300156,0.887276,1.103835,0.450226,-0.132063,-1.374931
validation,0,0,-1.932835,0.43213,0.348313,-0.787791,0.464575,2.315385,-1.481677,1.26611,2.119718,0.396534
validation,0,0,-1.763545,0.320933,-1.344966,0.241995,0.918979,1.388258,0.892785,0.94559,-0.199971,-0.476667
validation,0,1,-0.587676,1.640965,1.1888,0.266232,-1.138996,-1.681099,0.819376,0.332937,-0.104377,0.281387
validation,0,0,0.910457,1.142498,-0.828679,-0.140808,0.699192,0.09318,-2.247809,-1.399087,0.730078,-0.484511
validation,0,0,-0.188915,0.493063,-1.455943,0.209389,1.720019,-0.658478,-0.384972,-0.774321,-1.918167,0.17944
validation,0,0,-0.867466,-0.533924,0.616575,0.398157,-0.901269,1.139672,1.200186,-0.161159,0.393996,-0.900127
validation,0,0,0.017277,-0.925825,-1.639754,-1.332899,1.349977,-1.167441,-0.831824,-0.917815,-0.737209,-1.260422
validation,0,0,0.743506,-0.456579,1.08609,-0.169739,-0.03563,0.609429,0.144898,0.505645,0.165613,0.350922
validation,0,1,-0.609362,1.144835,0.421225,-1.187613,0.355376,1.534692,1.017913,0.589358,-0.842091,-0.730919
validation,0,1,0.329159,-0.19131,0.617152,-0.510967,-2.480572,1.747566,0.999967,0.609045,-0.328768,1.238898
validation,0,1,1.385674,1.495048,-0.679097,-0.648806,0.376854,0.814416,0.960772,0.96914,0.091327,-0.483422
validation,0,0,-0.114482,0.39701,-2.158005,0.389368,0.721251,-0.015207,0.785788,-0.725794,1.095724,-0.354847
validation,0,0,0.158489,0.387835,0.358212,-0.184969,0.991266,-0.872124,0.427598,-0.807142,-0.327049,-1.417174
validation,0,0,-0.811245,-0.898195,1.021283,-1.350943,2.730796,1.545154,0.629923,-1.669477,0.331579,-0.041037
validation,0,0,1.743599,2.060146,-0.291191,-1.134017,-0.884752,0.964168,0.096663,2.103957,-0.60934,-0.219305
validation,0,0,-1.608329,-0.187896,-0.707003,-0.175759,-0.287841,-0.505091,-1.362097,0.377173,1.274845,0.010884
validation,0,1,1.129605,0.361344,0.628854,-0.792127,-0.770744,-1.098562,0.451158,-1.438727,-1.143543,0.883987
validation,0,0,0.029408,-0.322787,-0.099373,-1.535094,-0.479398,1.277823,-0.730862,-1.202244,1.241569,-0.023334
validation,0,0,-1.904718,1.08699,0.061323,1.297249,-0.421062,0.932346,-1.342795,-1.774455,-0.860353,-0.383212
validation,0,0,-0.569861,0.884362,1.280648,-0.421721,-0.437837,0.979757,1.219183,-0.099097,0.011544,-0.878024
validation,0,0,-0.454825,-0.775633,-1.08719,0.950887,1.101948,-1.481506,-0.246834,0.589479,-1.230276,-1.390154
validation,0,0,-2.096807,0.021922,-0.590929,-1.081596,1.304331,1.25072,-0.967462,-0.872988,1.126965,-0.487618
validation,0,0,1.366371,-0.485124,0.660125,0.730413,-1.061641,-1.054236,0.841535,0.881052,-0.04178,0.037153
validation,0,0,-2.042487,-1.27659,1.137408,-0.752378,-0.645199,0.774196,-1.968203,-0.232807,0.244409,0.688425
validation,0,0,-0.094264,-0.022056,0.739937,0.98805,0.730055,-1.125913,0.820301,-0.816516,0.639009,-0.29886
validation,0,0,-0.044328,0.150739,-1.585511,-0.230609,-1.10788,-2.081735,0.275332,-0.050781,-0.094667,-1.689613
validation,0,1,1.063323,-0.967516,0.576935,0.839818,-0.957094,0.545415,1.20639,1.216938,0.190178,-0.900049
validation,0,0,-0.482511,1.475262,-0.481725,0.336552,-0.566447,0.727905,0.669722,-0.579336,-0.113932,0.132445
validation,0,0,0.409732,-0.800155,0.714025,-0.743794,0.999171,-1.901504,-0.049083,0.036507,0.492808,0.039212
validation,0,0,-1.197847,-0.060646,-0.365949,-0.663625,0.897521,0.107697,1.125077,-0.854087,-0.056291,-0.614457
validation,0,0,-0.799214,-0.786526,1.898058,-1.254675,-1.080804,-0.964757,-0.140419,-0.222202,-0.532975,0.864707
validation,0,0,-1.514687,-0.439482,1.839306,-0.16133,-0.79168,-1.553807,-0.295636,-0.326556,0.993479,-0.124951
validation,0,0,-0.419267,-0.002145,-0.537811,1.245488,0.970679,-0.39624,-1.110995,0.001107,0.875039,0.372461
validation,0,0,-0.357213,-0.085564,1.456209,-0.669919,-0.544123,0.849899,-1.184785,0.066926,0.287987,1.140672
validation,0,1,1.071185,-1.005496,1.210442,0.233834,1.802968,0.245825,0.512187,0.609097,0.112657,0.545324
validation,0,1,1.613832,0.176674,-1.105737,0.48944,-0.955681,0.404024,0.335966,1.078395,-2.009893,1.524654
validation,0,0,-0.334966,-1.373219,0.202911,-0.729804,0.012585,-0.611717,0.229116,-0.090964,1.912436,0.185776
validation,0,1,0.379749,0.665901,0.452411,0.390516,-0.19327,1.390634,-0.362683,-1.768282,0.805506,-0.321741
validation,0,0,-0.453605,-0.248143,1.106998,-0.748715,-0.700375,1.266305,1.493412,-1.225728,1.315026,0.640955
validation,0,1,1.417702,1.474458,0.586728,1.510069,0.165297,0.799131,1.384589,-1.300178,-0.438033,0.279369
validation,0,0,-0.132187,1.338374,-1.008159,-1.068216,0.827159,0.135255,0.945635,-0.468574,-0.325394,0.449626
validation,0,0,-0.783152,0.456836,-1.09676,-0.492015,0.133922,0.317416,-2.179811,-0.873837,-1.428926,0.631168
validation,0,0,1.314957,-1.353352,-0.082125,0.558784,1.42322,0.850561,-0.16022,1.39504,0.314708,-0.050884
validation,0,0,-1.111729,-2.135049,-1.258952,0.25246,0.273512,0.28295,-0.100969,0.116542,0.687845,1.519797
validation,0,0,1.641835,-0.472161,-1.15316,-0.84084,-0.861433,-0.951047,-0.657264,0.662652,-0.133735,0.737119
validation,0,0,0.004515,-0.428556,-2.208737,0.195724,-0.330274,-1.921942,0.769904,-0.60617,-0.075496,0.930998
validation,0,0,-0.369841,0.963563,0.533984,0.109864,-1.290111,-1.174797,0.033718,-0.711422,1.381362,0.670032
validation,0,0,1.36767,-1.116477,0.880483,0.935329,0.703854,1.334047,-1.220316,2.545592,0.618485,-0.353372
validation,0,0,1.232032,-0.815275,-0.24436,0.826495,0.284337,1.021894,1.074407,-0.818185,-1.30388,0.16076
validation,0,1,1.047706,0.841195,1.222136,1.275277,-1.137338,0.119843,-2.02855,0.501002,-0.702895,0.34795
validation,0,0,2.849619,-1.157503,-0.052121,1.343896,-0.283228,-0.309601,-0.781363,-0.853784,-1.58312,1.702466
validation,0,0,-0.769041,-0.873381,2.440668,2.038341,-1.201464,-1.108012,0.941669,-0.315788,0.914948,0.123744
validation,0,1,1.885994,1.401808,0.265103,0.06142,0.472862,-0.222022,-0.756495,0.862801,0.187243,0.003894
validation,0,0,0.740911,-1.602639,1.247576,0.286866,-1.144584,-2.354815,1.356213,-1.472167,0.344208,1.169601
validation,0,1,-0.154348,-0.537973,0.267495,-1.77077,-0.429093,-0.09348,0.346484,1.766152,-0.721207,-0.318084
validation,0,0,0.224588,-0.256458,0.158611,0.237208,-0.931617,2.044171,0.735305,-0.307699,0.978647,-0.729438
validation,0,0,0.365144,-0.845567,-0.25437,1.680734,-0.362094,0.421921,0.863912,-1.79269,0.304457,-0.625302
validation,0,0,-1.824342,-1.81977,0.645952,0.287197,1.647315,1.026894,1.38062,1.748214,1.862677,-1.126942
validation,0,1,1.859315,0.672134,-0.11287,-0.249374,1.727282,0.194539,0.018487,-0.738155,2.251857,0.119097
validation,0,1,-0.305957,0.144054,0.584169,0.918525,-0.260075,0.182316,-0.236057,0.9139,1.733268,1.624525
validation,0,0,-0.614681,-0.474771,0.323991,-1.049166,-0.039312,0.172557,0.704921,1.540435,1.396987,0.433613
validation,0,0,-0.743678,-0.409421,0.446862,1.110272,-0.285344,-1.188351,0.624881,-0.894095,1.509186,0.706473
validation,0,0,-0.34334,-1.629364,0.519013,-0.661866,0.001503,-0.298871,0.415179,-1.566626,-0.05659,-0.979713
validation,0,0,0.391918,0.260672,-0.162234,-0.830401,0.145017,1.049659,-0.324028,-0.396055,-1.367332,1.115669
validation,0,1,0.232518,0.797649,2.097783,0.487859,0.439063,0.774213,0.617053,-0.295905,0.367763,0.539892
validation,0,0,0.005841,0.275455,0.26506,0.45997,0.12635,-0.180295,-0.064231,0.250377,-0.318465,-0.405183
validation,0,0,-0.598551,-0.090408,0.151808,0.747775,1.529081,-0.599712,-1.090932,-1.245439,0.798319,-0.754728
validation,0,0,0.051656,-0.656254,1.648012,0.039604,-0.068307,-0.609466,1.037532,1.913292,0.258341,-1.193504
validation,0,0,0.036885,-0.168495,0.055067,-1.453115,-0.112064,0.331178,-1.476572,-0.540237,0.356605,-0.634215
validation,0,0,-1.441232,-0.529302,1.452515,-0.290802,-0.070617,1.860499,0.143583,-0.504151,0.027473,-0.157431
validation,0,0,0.621936,0.972906,-0.582509,1.004747,1.261435,0.57971,0.388506,-0.1956,2.736644,-0.080159
validation,0,0,1.602438,-1.21075,0.72064,-0.508183,0.414115,-0.770186,-1.445441,0.371362,0.365057,-1.042698
validation,0,0,-1.697417,-0.632289,0.533012,-0.091442,0.329934,-1.040654,-1.221272,-0.605157,-0.224317,-1.864513
validation,0,1,0.194667,-0.419482,0.104256,0.558144,-0.301879,-1.119926,-0.944112,-0.404771,-1.906004,0.256797
validation,0,1,0.284973,0.478093,-1.46585,-0.828651,-1.657469,-1.181091,-1.262194,-2.42314,0.914958,1.364556
validation,0,0,1.57958,0.025228,-0.251333,-1.66738,0.256217,-1.015042,0.690483,-1.830996,-1.538932,0.113116
validation,0,1,-0.542931,0.599705,-0.09556,-0.311486,1.135108,0.339055,0.939943,-1.477166,-0.73159,0.703334
validation,0,0,-0.496843,-0.786749,-2.125619,-0.455885,-0.942538,0.54169,-1.873289,-0.012428,1.214704,-0.011399
validation,0,0,1.091712,-0.942531,-0.762897,-0.114057,-0.413133,-0.243864,-0.737967,-0.191213,0.864536,1.09812
validation,0,0,-0.848837,2.020568,-0.373807,-0.625687,-0.762681,-2.77658,0.987835,-0.617002,1.38174,1.365194
validation,0,0,0.935285,-1.92061,-1.082566,0.948104,-0.910567,0.574637,-1.109617,-0.611826,-0.07211,1.169418
validation,0,0,-2.09254,-0.050323,0.906572,-0.742442,-0.362983,-0.297719,-1.218874,-0.773257,0.742705,-0.941571
validation,0,0,0.491347,-0.46223,-0.237483,0.038026,1.164511,0.372549,0.325021,1.63191,1.361148,0.111341
validation,0,0,0.88717,-0.121794,0.080453,0.077838,-1.307324,-1.009455,1.283642,1.043705,0.614903,-0.716881
validation,0,0,0.025417,-0.050519,-1.24419,1.719915,0.816563,0.474884,1.157645,-0.28159,0.791411,-2.834324
validation,0,0,-0.598663,1.045969,0.371908,0.439304,0.775628,-0.647583,-0.489734,0.941783,-0.246502,-0.619155
validation,0,0,-0.045151,-0.033274,1.476158,-0.287391,0.888189,0.019172,0.809253,-2.058236,-0.221229,0.127858
validation,0,0,-0.716736,-0.613694,-0.66113,0.235422,0.408438,-1.025329,-0.440361,-0.621443,-0.013441,-0.516289
validation,0,0,0.090212,1.061003,0.646266,1.385912,0.214618,0.50905,0.489914,-0.869801,-0.199011,2.283636
validation,0,0,-0.77192,0.733907,-1.11827,-1.330917,-0.203816,-1.085241,-1.571391,-1.262729,-1.546958,0.065453
validation,0,1,-0.077577,0.273956,1.250919,-0.83888,0.22483,0.032354,0.561053,0.094216,-0.453405,-0.587067
validation,0,0,-0.02151,-1.27851,0.248935,-0.180039,0.314757,-0.857697,-0.098181,0.862866,0.630507,-0.770586
validation,0,0,0.437139,-0.329598,-0.255433,2.039866,0.923154,1.25037,-0.777992,0.37541,0.939435,0.23879
validation,0,0,0.512709,0.874612,0.607908,0.184191,0.013588,0.593042,0.558155,1.014673,0.282519,-0.340834
validation,0,0,-0.541432,-1.033626,-1.005915,1.656038,-1.289269,0.23703,-1.004068,-0.688826,0.337618,0.474205
validation,0,0,-0.934941,-1.505833,0.311757,-1.202134,0.137239,0.484952,0.300897,0.619858,1.118923,0.387462
validation,0,0,-0.142829,-2.484841,0.943249,1.228651,-0.460363,1.594495,-1.021096,-0.82601,0.016314,-0.779091
validation,0,0,-0.449205,2.19929,0.119457,-0.898429,-1.156117,-0.452652,-1.422335,-0.462803,0.175994,1.57263
validation,0,0,-0.747401,0.555014,0.564577,0.71452,-0.064989,-0.505648,0.279247,0.470527,0.659166,-0.018719
validation,0,0,0.378488,0.03563,-0.694434,-0.062324,-1.568573,0.674241,0.054113,0.537451,-0.538335,-1.445076
validation,0,0,0.009257,-0.297455,0.092558,0.43716,1.213332,-1.239665,0.910585,-0.657958,-0.222488,0.102583
validation,0,0,1.429358,-0.335568,1.173291,-1.787421,0.34116,-0.564496,1.77823,-0.247443,0.118769,-0.631695
validation,0,0,0.727221,-1.18998,1.047007,-0.298302,0.899232,-0.582777,1.46729,0.032026,-1.219666,0.587781
validation,0,0,0.219242,1.677359,-1.048343,-0.490843,0.7458,-0.908744,-1.37424,0.778402,0.633486,-0.772492
validation,0,0,-1.054063,-0.193668,0.742493,-0.122601,-0.24158,0.362807,0.616382,0.223267,0.10795,-1.314617
validation,0,0,-0.239503,0.151898,0.191165,-2.428078,-0.152835,-1.386769,-0.799485,-0.181901,1.532548,-0.958713
validation,0,0,0.565579,0.029484,-0.558205,-1.110296,1.453777,0.116354,0.623127,-0.43261,0.758654,0.71955
validation,0,1,1.761357,-0.144688,0.760651,0.049907,1.074019,-0.95772,0.693553,-1.197807,0.886675,-1.69701
validation,0,0,0.04869,1.207891,0.760964,-2.480032,-0.075306,0.356364,-1.169083,-0.961179,-1.085622,-2.252453
validation,0,1,-0.327861,0.267559,-0.575256,1.802549,-0.041531,-1.221184,0.432105,-0.029775,0.689992,0.176242
validation,0,0,-0.023547,-0.44,0.718502,-0.793033,0.652331,0.082958,1.359773,0.244208,-1.336378,0.841272
validation,0,0,-1.931195,0.80361,0.643124,0.590123,0.482186,-1.214599,3.125426,-0.156905,-0.832506,0.553014
validation,0,0,-1.006595,-1.040959,0.42211,-0.652892,1.465272,1.796324,0.883687,0.453553,-0.483368,-1.483495
validation,0,1,1.061357,0.792566,0.387991,0.437664,-0.2902,-0.609183,1.308654,-1.033306,1.615678,0.025348
validation,0,1,-0.41396,0.293307,-0.083717,0.274003,-0.012662,0.219546,-0.629924,0.585247,-2.29082,0.465004
validation,0,0,0.758639,-0.129668,0.094519,-1.174034,-2.08409,0.505606,-0.339775,1.161132,-0.741359,0.629532
validation,0,1,0.300688,0.708434,0.906516,1.518373,-0.802741,-1.187521,0.769901,-2.114648,0.111527,0.866543
validation,0,0,-0.268953,0.974071,0.267008,-0.490248,2.532413,0.122848,0.419663,-1.938639,-1.018216,1.490499
validation,0,0,1.069156,-0.380326,-0.247525,0.222522,-0.460824,-0.852976,0.347872,-1.082988,0.569526,-1.474111
validation,0,0,-0.236696,-0.486758,0.629891,2.671674,-1.293612,-0.07807,-2.486323,-1.764988,-0.916666,1.060101
validation,0,0,-1.135351,0.706996,-1.608507,-0.234641,-0.775393,0.11267,-0.439895,0.325494,0.841202,0.537732
validation,0,0,1.262854,0.540123,-2.040962,-0.296319,-0.427433,-0.151027,0.83177,0.969876,1.03521,-0.706239
validation,0,1,-0.351378,0.642642,-0.365206,0.590865,-0.591902,1.29887,-0.009867,-0.362959,1.052046,0.49626
validation,0,0,-0.445727,-0.323105,0.436878,0.282125,-0.63833,1.565485,1.563147,-1.17901,-1.439679,0.511862
validation,0,1,0.160933,-0.960963,1.376526,0.397518,1.746452,-0.521789,0.176802,0.142641,0.733209,0.070372
validation,0,0,0.71373,-1.634242,1.329528,-0.987592,1.159185,-1.118692,0.774113,-0.988212,1.056012,-0.764077
validation,0,1,1.118001,-0.596459,1.098639,-1.243462,-0.000431,1.528191,-0.25062,-0.173456,0.730658,0.31754
validation,0,1,0.087417,-0.704362,2.08397,0.256337,0.148433,-0.564334,-1.286539,1.615862,0.337671,-0.168382
validation,0,0,0.14484,0.148423,0.106478,-0.919661,0.281693,-0.170866,-1.235417,2.280785,-0.62423,-0.491085
validation,0,0,-1.313536,0.798441,1.127801,1.757896,-0.062434,-0.857482,-1.549281,-1.315765,1.039249,0.697624
validation,0,0,-0.552499,0.310074,1.306385,-0.308951,-2.004355,1.327223,0.210479,0.009986,0.278944,-0.242478
validation,0,1,0.718882,-1.148163,-0.389155,-0.430077,-0.902914,-0.76465,-1.161752,0.226933,-2.131655,-0.425435
validation,0,1,0.253414,1.342055,1.817266,0.135083,-1.767468,0.06463,0.046627,1.442571,-0.217488,-0.639692
validation,0,0,-0.978733,0.490786,0.769033,-1.441046,-1.47817,1.819433,0.459713,0.62918,-0.513536,-0.291132
validation,0,0,-0.186159,1.491321,-0.150704,-0.605312,-0.493442,0.738428,1.779543,-1.172415,0.414563,-0.730343
validation,0,0,-1.104053,0.484311,-1.121857,0.0536,0.187583,-1.094985,-0.559637,-0.69888,-0.589257,0.718457
validation,0,0,-0.494028,0.229289,-1.044166,-1.143016,-0.19786,0.56224,-1.373905,0.056025,-1.808154,-1.627977
validation,0,0,-0.809711,-1.222304,-0.43843,0.302578,0.163662,0.981822,-1.44895,-0.823825,1.071301,0.83354
validation,0,0,0.222421,-0.491006,0.159945,-0.042259,-1.814533,-1.084943,0.060777,-3.156525,1.274274,0.091959
validation,0,0,-0.551599,-0.515318,1.149779,-0.071185,-0.490961,0.013071,-0.784224,-1.61888,1.124598,1.363322
validation,0,1,1.208193,0.405188,0.67633,-0.531821,-0.326467,-0.364478,-1.895951,-2.09337,0.385801,1.639608
validation,0,1,-2.020008,-0.000441,0.611326,0.425612,-0.239089,-1.880093,-0.123116,-0.427874,1.118112,1.175213
validation,0,0,-2.508664,-0.897742,0.965011,1.555449,0.816797,-0.294408,-1.298013,-2.007015,-0.324153,0.596818
validation,0,0,0.375712,-0.444007,-0.714618,-0.331439,-1.491054,-0.604744,0.060628,1.630701,-0.045989,-1.109441
validation,0,0,0.915106,1.299348,-1.15292,-1.003766,0.891029,-1.328433,0.793116,-0.018164,0.208872,-1.140607
validation,0,0,-0.444311,-0.342538,-0.115225,-0.366383,0.068929,-0.650537,1.110573,1.745003,1.292804,-0.088073
validation,0,0,-2.285201,0.34874,0.933264,0.153276,-1.121956,1.276825,0.62169,0.597029,-0.045009,-0.357719
validation,0,0,-0.183485,-0.371609,-0.511385,0.68014,-0.093255,0.753677,-0.76018,0.512862,0.695292,-0.312705
validation,0,0,0.015974,-0.948971,1.049241,1.094227,0.863101,0.484514,0.109807,-1.237755,-0.267774,0.866541
validation,0,1,-0.303581,0.197949,-0.326298,1.475232,1.753879,-0.058632,-0.502944,0.869776,-0.353329,0.425757
validation,0,0,-0.910946,-0.412047,-0.545551,1.315819,0.522693,-0.121967,-0.20266,-1.725431,-0.42285,-1.149867
validation,0,1,1.097118,1.365861,0.302492,-0.216554,1.314755,0.603021,-0.268893,-0.036309,0.374087,-0.053538
validation,0,0,-0.061907,1.179909,-1.273907,-2.018996,-0.387375,-1.366684,1.493352,1.522874,0.445443,0.722309
validation,0,0,-1.310905,0.20214,1.550389,-0.530001,0.874772,-0.627811,-0.930731,0.273332,-1.101462,-0.812431
validation,0,0,-0.412141,-0.042698,0.840456,-0.467287,0.118812,-0.338469,0.705815,1.182131,-0.689402,1.019855
validation,0,0,-0.298355,-1.06873,-0.377979,2.198652,-0.365862,2.718737,0.225773,-0.393749,-0.34682,0.274714
validation,0,0,0.304453,-1.179847,0.348724,-0.682249,-0.06203,0.372731,-0.47948,2.53563,0.425258,0.674854
validation,0,0,-1.236958,1.494782,-0.819241,0.94353,1.304175,-0.339474,-1.799988,0.434061,0.961635,0.171766
validation,0,0,-0.984891,0.151973,-0.389481,0.386486,0.324344,-0.613879,-0.548724,-0.797559,-0.372124,-1.120955
validation,0,0,0.812856,1.125484,-0.566829,0.924004,1.047728,-0.208329,0.484815,-0.654793,1.378291,-1.094238
validation,0,0,0.548741,0.631803,-0.686181,-1.670486,0.500817,0.42905,-0.94315,0.32764,-0.502348,1.442572
validation,0,0,2.203072,-0.30435,0.165427,0.966942,-1.343572,0.122107,0.463679,-0.188478,1.559871,2.160923
validation,0,0,0.922362,-1.478289,1.302902,2.370334,-0.181612,-0.393316,-0.270833,-1.064556,0.625292,-0.05075
validation,0,0,0.625702,-0.748644,-0.264775,0.375141,-1.347082,-1.144679,-0.479724,0.906992,-0.125186,-0.206325
validation,0,0,0.228205,0.325639,0.82378,0.629174,0.772657,-0.094459,2.101511,-1.059877,-0.985755,-0.27657
validation,0,1,1.850517,0.849166,-0.154886,-0.313799,2.585848,-1.568727,-2.590177,-0.495981,0.912665,-0.32892
validation,0,0,-1.344249,0.787994,0.549391,0.529082,-0.740715,-1.053024,-0.19347,-0.103049,-0.142383,1.057368
validation,0,1,0.219738,1.814972,1.088709,0.424721,-1.625577,-0.026931,0.300523,-0.951023,0.775703,-2.067755
validation,0,0,-1.080277,-1.008673,0.172913,0.682542,-0.695121,-0.258308,2.440475,-0.826756,-0.725646,-2.066854
validation,0,1,0.609815,0.300946,0.311842,1.402847,2.735061,-0.325827,-0.53756,0.174498,-1.198391,0.546218
validation,0,1,0.699825,-0.538193,2.061149,1.271451,-0.442369,-0.258409,-0.23173,0.288597,-0.769597,0.644217
validation,0,1,0.512709,-0.049219,0.379832,1.148199,1.221604,0.044468,1.06864,0.840563,-2.03205,-0.251304
validation,0,1,-0.947674,1.308882,-0.727958,-0.631965,0.491933,0.747522,-2.057168,0.11618,-0.240881,0.752185
validation,0,0,-1.998258,-1.499704,1.090383,-1.382021,1.848024,-0.761074,-0.748305,0.405605,0.559426,-1.009112
validation,0,1,-0.281923,-0.34002,-0.166448,1.21099,0.452643,0.400931,0.039807,1.844395,0.107349,0.239147
validation,0,0,-0.108002,-0.091396,-0.563527,-1.069935,1.518371,0.56882,0.090274,-1.240002,0.522832,0.231125
validation,0,1,-0.5166,0.145284,-0.041705,0.681751,-1.201372,1.705234,-0.935116,0.196928,-2.128237,-0.484445
validation,0,0,-0.590626,-0.227496,0.181936,0.181761,1.08708,-1.508828,-3.214245,-0.360106,-0.717815,0.331086
validation,0,0,-0.199855,-1.008928,-0.607566,0.997565,1.224624,-0.396214,-1.199525,-0.635746,0.830038,0.58686
validation,0,0,1.144525,-0.206162,-1.141721,-0.322699,-0.045814,-0.484982,-0.240432,0.087681,-0.090983,0.547157
validation,0,0,1.516785,0.342838,-0.161021,0.119801,0.432238,-1.15836,-2.069704,1.507043,2.424025,-0.346576
validation,0,0,-0.677857,-3.014996,0.986245,0.697681,-0.074004,0.832162,-0.110951,-2.396879,-0.217931,-0.206239
validation,0,0,-0.068454,-0.229125,-0.301217,-0.269415,-0.325483,0.76033,-0.237855,-1.347426,-0.324855,-1.148132
validation,0,0,-1.286528,-0.920348,0.607379,0.653719,-0.104769,3.02395,-0.513491,-0.939607,0.310697,-0.765598
validation,0,1,1.353277,0.474356,1.726944,-0.466779,1.051236,-0.100471,-0.679575,-0.175882,0.623559,1.539599
validation,0,0,0.266168,0.330688,0.540995,0.967286,0.240183,-0.547614,1.539804,1.291115,0.460853,-1.256402
validation,0,0,-1.151743,0.368689,-0.703935,-0.470069,0.069267,1.17324,-0.894377,-0.45371,0.693312,-0.666643
validation,0,0,-1.120537,0.546611,1.743791,-0.339736,0.039246,1.413544,-0.117698,-0.823948,-0.423036,-0.320856
validation,0,0,0.032841,-1.176619,-1.52466,-1.148394,-0.801448,0.109205,-0.870875,-0.891723,0.105002,2.2446
validation,0,1,1.167076,-1.171776,-0.764298,1.398506,-1.723181,-0.890049,-1.598277,-0.481812,-0.680943,-0.099876
validation,0,0,0.243999,-1.493594,-1.128397,-0.522051,-1.138348,-0.799536,-0.392045,1.674625,-1.320751,-0.971653
validation,0,0,0.965181,0.629564,-1.886831,0.272048,0.555808,1.748453,0.372979,-0.483241,2.487416,0.485571
validation,0,0,0.758694,0.873825,0.903339,-1.268399,0.110854,-0.830948,1.196434,-1.128794,-0.149647,-0.455954
validation,0,0,-2.557486,-0.147012,0.535685,-1.801566,0.156711,0.879063,-0.309789,0.493328,0.783065,-0.29288
validation,0,0,0.109565,-0.806023,-0.33133,-1.209614,0.27969,-0.117804,0.043788,0.089609,0.372848,0.470772
validation,0,0,-0.941646,-0.136573,0.095184,-1.677534,-1.636668,-1.147702,0.108132,-0.678943,1.405232,-0.480714
validation,0,0,-0.836296,-0.268345,0.739072,0.292241,-2.027903,-1.47413,1.57096,1.626063,-1.208217,-1.939981
validation,0,1,-0.897049,-0.083523,0.462871,-1.242323,0.276509,-1.208783,0.442628,-0.261612,0.24661,-0.683807
validation,0,0,-0.515032,-0.085934,-0.154759,-0.962584,-0.150262,1.056139,0.396727,-1.036633,-0.232424,-1.065923
validation,0,0,1.922441,0.656053,0.780143,-0.070006,-0.677409,-0.716781,1.635154,0.602843,-0.007491,-0.137635
validation,0,0,0.829473,0.538849,1.826753,1.975943,-1.719754,0.311366,-1.074106,-0.763402,-0.391294,0.579108
validation,0,0,-1.9526,-1.403147,-0.716237,-0.356197,0.230961,0.372121,0.955788,-0.632877,0.080574,-1.26192
validation,0,0,-0.271704,-0.74483,0.514799,-1.260966,0.223007,-1.151412,0.745151,0.338881,0.125332,-0.538597
validation,0,1,-0.42321,1.801643,0.637548,-0.28924,-0.182034,-0.671983,0.012211,-0.233929,-1.086802,0.045079
validation,0,1,-0.006697,1.697797,0.25614,0.094362,-0.027794,-0.054849,-0.159851,-0.115275,0.152421,1.382681
validation,0,0,0.282148,0.041109,0.555388,0.661386,1.20937,0.588345,0.292301,0.288647,1.508543,-0.365707
validation,0,0,-1.362604,-1.901239,0.045437,-1.262488,0.707981,0.783104,1.473439,-0.116231,0.477539,1.060296
validation,0,0,-0.488584,-1.945312,-0.520164,-0.347249,0.123343,0.771763,1.350341,0.562794,0.744626,-0.524131
validation,0,1,1.366223,-1.307747,0.342553,-0.716929,-0.492047,0.27788,1.009062,0.061945,1.508048,0.460711
validation,0,0,0.558186,1.109912,-2.276888,-0.021246,1.040975,1.525967,-0.513029,0.163794,-0.63314,0.324966
validation,0,0,-0.25851,-1.557283,-0.964746,-1.045415,-0.899693,-0.004113,-1.418087,-0.221288,-0.253435,0.393122
validation,0,0,1.012768,0.026323,0.423897,0.620514,-0.125296,0.825253,0.032791,0.974455,1.279633,0.576109
validation,0,0,-1.594252,-0.353998,0.131026,0.509644,0.142066,-0.435425,-1.046219,-1.61359,-1.470648,0.020208
validation,0,1,1.520449,-1.991297,0.415398,2.106815,0.262341,0.234374,-0.856012,-0.257519,-1.915671,-1.538172
validation,0,0,-0.505804,-0.238218,-0.577971,0.630524,-0.317374,-2.136242,-0.395679,-0.179736,0.579942,-1.093383
validation,0,0,0.742557,-0.540597,-1.379431,-0.543628,-2.02152,0.748791,-1.630464,-2.004594,0.736154,0.76114
validation,0,0,-0.090235,1.611018,-0.400111,-0.317651,0.942874,-0.247856,-0.696323,-1.687109,0.696529,-1.143911
validation,0,0,0.814368,-0.622472,-1.792817,1.283538,0.350779,0.90529,1.41752,-0.524019,0.535397,-0.446042
validation,0,1,0.362763,0.5521,0.521235,-1.142902,-1.099106,1.559069,-0.829233,-0.225198,0.089515,-0.972234
validation,0,0,-0.020496,1.018719,-0.614332,-1.489334,0.750695,0.601436,1.309947,-0.442011,-0.750967,1.838182
validation,0,0,1.298482,-1.416327,1.057637,-0.795104,-0.343789,1.056691,-2.679926,2.164618,0.82861,0.507789
validation,0,1,0.27631,-1.422838,0.805973,0.270445,-1.666504,1.401036,-0.364453,-0.093029,-1.0221,-1.021093
validation,0,0,-1.753494,-0.853094,-1.158796,-0.063085,0.938563,0.555591,0.093704,-0.817858,0.967339,-0.736116
validation,0,0,-0.882408,1.691113,-0.523909,0.385778,1.253541,-1.198821,0.216396,0.509651,-1.971657,0.316707
validation,0,0,-0.56269,0.601152,1.797901,-1.788122,-1.200306,-0.979286,-1.527616,2.28014,0.63708,1.237653
validation,0,0,-0.701681,0.811373,-2.020018,-1.442522,-0.555878,-1.778027,0.971506,-0.738254,-1.206684,-1.497177
validation,0,1,-0.401371,1.547527,-1.050156,-1.507325,1.27687,-0.418618,-0.928205,0.477829,-0.668216,-0.881199
validation,0,0,1.436514,0.983701,-1.033861,1.559256,-0.062568,-1.101924,1.602028,1.642813,-0.101588,-1.477323
validation,0,0,-1.469796,-0.364908,0.910346,-0.667432,0.697339,0.604759,1.206461,-0.72294,-0.899807,-0.044276
validation,0,0,1.293211,-0.216748,-0.194087,0.952047,0.646099,-0.246172,-0.215248,-0.534966,0.114003,2.056335
validation,0,0,-0.381396,-0.293335,0.098161,-0.708994,-0.257541,1.43299,-0.279071,-0.130008,0.217739,1.044293
validation,0,0,-0.820001,0.298093,-0.227715,-0.748471,-0.052698,-0.33769,1.803472,-0.486246,-0.722124,-0.1049
validation,0,0,1.987743,0.159498,1.144488,0.020318,-0.921077,-0.912615,-0.399094,1.941468,1.40592,-1.279649
validation,0,0,-1.096828,-2.449262,-0.514864,0.878952,0.025797,-0.599449,-0.86768,-0.154254,-1.00326,0.882591
validation,0,0,0.153374,0.715175,0.625381,1.543827,-0.550586,1.007985,-0.226027,-2.455012,-0.52828,1.255083
validation,0,0,-0.104451,-0.742189,-0.170585,-0.262638,0.371192,-0.391965,1.688226,0.831519,1.484194,-0.163338
validation,0,0,-1.511118,0.321102,0.165227,1.456835,0.366148,0.865455,-0.332142,0.621884,0.828655,0.255249
validation,0,1,-0.321162,-0.113544,-0.296514,-1.041866,-1.393822,-0.157951,-1.106326,-0.220904,-1.22016,-1.570999
validation,0,0,-1.063117,1.059538,-0.100945,-0.353863,-1.180999,-1.731213,-0.072416,-0.157681,0.403867,-0.570769
validation,0,0,0.195991,0.407958,-0.758832,-1.950225,1.255786,-1.229438,-1.445469,0.032527,-0.14444,-0.658697
validation,0,1,-0.609083,1.341365,0.250329,0.688373,1.980857,-0.860673,-0.691463,1.108196,-1.783743,-0.28141
validation,0,0,-0.061144,-0.465924,1.158123,-0.328788,0.727955,0.972842,-0.596373,-1.201615,0.180307,-0.908305
validation,0,0,2.630146,-0.090661,-0.705583,-0.547691,-1.305401,-1.143732,-0.812127,0.046537,-0.298855,-0.083026
validation,0,1,-0.580629,0.384462,1.068153,0.912958,-1.164573,-1.02124,-0.713279,-0.795456,0.188749,-0.178783
validation,0,0,-0.938544,-0.751859,1.148139,-0.000108,-2.453983,0.148455,0.518452,-0.130818,-0.433361,-0.273631
validation,0,1,0.577189,-0.203645,0.359839,-0.157342,0.636225,-0.411778,-1.869904,0.455987,-0.31823,1.219412
validation,0,0,-0.023981,0.0341,0.845993,-1.377981,0.431827,-0.422345,0.242664,1.003226,-0.206711,0.654491
validation,0,1,-1.209457,0.118529,-0.359648,0.272081,1.033709,0.515371,-0.77534,-0.961149,-1.238022,1.495396
validation,0,0,0.459083,0.091875,-0.363767,-0.798719,0.71237,0.281611,1.670835,-0.515244,-0.907079,1.114594
validation,0,0,0.821827,-0.886321,0.940017,1.891392,-1.020763,0.866381,0.615815,0.73492,0.980067,1.132704
validation,0,0,-1.631159,1.088362,1.571521,-0.175875,0.217542,-0.888576,-1.072922,-1.409705,-0.347937,1.772788
validation,0,0,0.087308,1.087175,1.042988,-0.335042,1.743536,1.348267,1.390218,-0.225359,0.169427,0.97472
validation,0,0,-1.258856,0.040081,0.193486,2.478703,0.402482,1.603724,-0.665964,-0.62221,1.700747,0.924371
validation,0,0,1.501306,-0.835455,1.074842,1.287981,-1.218905,-0.232761,-0.705737,-3.172208,1.773407,1.299506
validation,0,0,-0.703701,1.507023,0.24202,0.422324,-1.309505,0.406694,0.238613,0.676801,0.373833,-0.918285
validation,0,0,0.515088,-1.492753,0.395831,-1.013989,-0.30448,0.487357,-0.85556,0.417416,1.768466,-1.187922
validation,0,0,0.418051,-0.168196,-0.689684,-1.207992,2.003206,-0.546302,1.76249,-1.344191,-0.585328,1.121454
validation,0,0,-1.40774,-0.500873,-0.329422,-0.503115,0.255302,-0.780282,-0.748491,-1.542712,-0.676039,-0.280232
validation,0,1,-0.51182,0.427601,-1.25418,1.101315,-0.166989,1.704157,-0.619261,0.407149,-0.048371,0.717682
validation,0,0,0.316077,-0.066141,1.643225,1.805067,-0.439157,-1.65468,-1.58638,-1.039008,-0.518899,0.765951
validation,0,0,0.172193,-1.749795,-0.828245,-0.695364,1.104691,-0.876338,0.410438,-0.13277,-0.528658,-0.076389
validation,0,0,0.128061,2.153237,-1.74748,0.939249,-1.007535,1.057533,0.506621,1.41834,0.034322,1.62999
validation,0,0,0.334282,0.140675,-1.618999,-0.669712,-0.766412,0.786274,-0.49782,-0.589925,0.771717,-2.268035
validation,0,0,0.2029,-0.041707,0.8093,1.266867,-1.965511,0.574716,-1.163925,-1.091451,2.11168,0.206118
validation,0,1,-0.116522,-1.199128,-0.268635,-0.103868,-0.463671,0.089998,0.680195,0.050227,1.117893,1.846016
validation,0,0,-0.804717,0.517327,0.950458,-0.381847,-0.793183,2.605414,-0.679362,0.248075,-0.166452,-1.092
validation,0,0,0.683039,1.232196,-1.168781,-0.244447,-0.330317,-0.640878,-0.218528,-0.081499,0.315479,0.35474
validation,0,0,-1.213603,-0.356954,0.409595,-0.445026,-0.518577,0.973907,-1.163738,-0.247061,-0.072472,0.470904
validation,0,1,0.149844,0.014591,1.863585,-0.53955,-0.101907,-0.39135,0.401482,1.017238,-0.405847,0.880027
validation,0,0,-0.049265,0.239987,-1.449328,-0.918336,1.098686,0.327625,0.876076,-1.700304,0.651158,-1.272352
validation,0,0,-1.353104,-0.357064,-1.072382,0.931779,1.509965,0.283605,0.422733,0.763473,0.604023,-0.724967
validation,0,0,-0.418246,-1.022867,0.259967,-0.216622,-0.032361,-0.125023,0.648037,-0.500379,0.547051,0.482569
validation,0,0,1.462111,0.078976,-2.611053,-0.328494,1.666134,-0.791246,-0.254106,0.523646,-0.474913,-1.211091
validation,0,0,-0.485041,-0.516331,0.305453,1.142405,0.157661,0.990793,-1.860327,-0.302509,-0.215014,1.146841
validation,0,1,-0.183946,0.12842,-0.800649,0.504618,-0.260051,0.46545,0.074943,0.859537,0.589698,0.24126
validation,0,0,0.112938,0.48571,-0.289698,-0.816884,-0.786102,0.713726,0.484614,1.131523,-0.335303,-0.196717
validation,0,0,-0.550714,0.260835,-0.201698,1.277446,-0.622646,-1.144149,-2.070404,-0.376967,2.230308,0.089729
validation,0,0,2.205409,-0.802267,-0.184399,0.849524,-0.009899,-0.252728,-0.201443,0.066618,-0.302362,-0.039291
validation,0,0,1.056006,-0.422017,-1.316515,2.390506,-0.827557,-0.861163,-1.14344,-2.608991,0.493347,-0.648457
validation,0,0,0.778592,-1.746361,-1.23034,-1.144803,-0.499722,-0.955708,-1.221919,-0.829826,0.119438,2.501325
validation,0,0,0.018071,-0.144278,-0.667868,0.194715,-0.297109,-0.950665,-0.240164,-0.305188,-0.114778,-0.463214
validation,0,0,-0.135572,0.821657,1.310132,-0.057858,-0.210445,-0.398388,-0.620801,-0.32767,1.666322,0.700675
validation,0,1,0.746957,1.822813,-0.6309,1.05592,0.571696,-0.947101,-0.84472,1.64338,0.148723,-0.35318
validation,0,0,-1.453709,0.242748,0.48366,0.061485,-0.200594,0.797695,1.627423,-0.867284,0.881495,-1.65867
validation,0,0,0.060368,-0.562494,1.573211,-0.099684,-0.496706,-0.805579,-1.25031,-0.673639,-1.151957,0.305774
validation,0,1,0.675485,0.669776,-2.165647,1.519834,-0.013348,-0.266289,-1.05734,-2.173358,2.020995,-0.675453
validation,0,1,-0.165567,1.043023,-1.547907,0.443361,-1.850839,1.57809,-2.807382,-0.242999,0.214226,1.71108
validation,0,1,0.408548,1.90744,-0.791657,0.316777,0.36433,-1.344554,-0.466899,-0.712037,0.93417,-1.253167
validation,0,0,0.16067,0.584923,-0.366282,-0.183325,0.249771,-0.768056,-0.612841,-1.869752,0.021882,-0.408331
validation,0,0,1.458152,-0.400092,0.2704,1.302651,1.319764,1.522813,-1.673289,0.108988,-1.076852,-0.156677
validation,0,1,-0.746635,0.013168,-0.705493,-1.486164,-1.189462,-1.755228,0.1673,1.037151,0.340756,-0.610664
validation,0,0,0.837939,0.177423,-0.791567,0.066551,1.751935,0.528334,0.539359,-1.251839,-0.581135,-0.064712
validation,0,0,0.059018,0.452185,-0.486332,0.124188,0.428108,-1.662883,0.008998,2.438709,0.773179,0.063987
validation,0,1,1.653935,1.184986,0.098766,0.353715,2.68425,-0.159616,0.572553,0.508567,-1.340555,0.145045
validation,0,1,1.491447,2.149488,-0.758277,1.444932,-0.71878,1.375354,0.068591,0.260766,0.155076,1.016794
validation,0,0,0.757554,0.453315,-0.147392,0.563961,0.215235,-1.60442,0.088376,2.071841,-0.216415,1.850907
validation,0,1,-0.255414,0.405727,-0.509584,-1.363661,0.251568,-0.03607,0.655339,-0.861628,-1.488967,-0.292558
validation,0,0,-0.926734,-1.121097,-1.01795,1.520846,1.564304,0.349804,1.382974,-1.851365,0.540923,-0.242729
validation,0,0,-1.647917,1.326924,0.909613,-0.040078,-0.325216,1.042232,0.387089,-1.499719,-2.601529,0.503304
validation,0,0,0.400492,-0.371999,2.124983,0.3025,1.630236,-0.106521,-0.108916,-1.004893,-1.228694,-0.859064
validation,0,0,0.193349,-0.890275,3.142511,1.585849,-0.602703,-1.239865,1.487628,0.628863,-0.021723,0.328394
validation,0,0,1.876955,0.979685,-0.03862,-0.719253,-1.642635,-0.669819,1.214406,-0.4718,-0.550194,-1.125301
validation,0,0,-0.713174,-1.489479,1.460641,-0.74397,-1.250093,-0.900199,0.673195,1.039715,-1.102459,0.722572
validation,0,0,-3.59933,-0.599392,1.218977,0.068901,-0.1865,0.448132,0.440872,2.817458,-0.123692,-1.173352
validation,0,1,-0.342473,-0.068179,1.861353,-0.773082,-1.846147,-0.996364,-0.704467,0.487597,-0.472705,1.386463
validation,0,0,-0.420803,-0.26125,-1.236859,-0.240714,-1.400138,0.257129,-0.91398,-1.595436,-0.380837,1.073674
validation,0,1,1.06687,0.887084,-0.311595,-0.781208,2.003376,-1.759621,-0.832667,0.561167,-0.34846,0.449193
validation,0,0,-0.628644,-0.102558,-0.454628,0.214663,1.721073,-1.310357,0.597515,0.125421,-1.197581,-0.981537
validation,0,0,-0.628479,0.659881,-0.292551,0.685043,0.24752,-0.670192,6.5e-05,0.881302,-1.337207,-0.260926
validation,0,0,0.514308,0.898519,0.479818,0.051505,0.696718,-0.610838,0.095236,-0.266832,-1.302704,0.471241
validation,0,0,-0.622298,1.488015,-0.152279,-1.31126,1.305068,-0.613467,0.722679,0.949421,-0.751005,-0.995802
validation,0,0,-1.63318,-1.476176,0.649604,0.109939,0.761666,-0.584481,-0.883903,0.247195,-1.691695,-0.968846
validation,0,1,-0.860859,0.762758,-0.685553,-0.890533,1.492912,1.059878,0.634334,0.314995,-0.095744,0.608281
validation,0,0,-2.127463,-0.681088,0.585517,1.301913,1.675274,0.045367,0.52218,-0.538991,-0.347968,-1.778063
validation,0,0,-0.041702,0.499501,-0.556391,1.044558,-0.675114,0.202429,0.656154,1.293613,0.277745,1.644743
validation,0,0,-0.239393,-0.029439,-0.440883,-0.821216,0.845201,1.554187,0.449827,-0.868132,0.213722,-0.767825
validation,0,0,-0.601699,2.142175,-0.642007,-0.81041,0.744668,0.00617,0.216479,-1.034815,0.423218,-0.903843
validation,0,0,-0.524503,0.646228,0.024879,-0.027539,0.768499,-0.301841,0.098221,-0.462697,-1.160663,0.14433
validation,0,0,-0.136346,-0.322326,1.223745,-0.561178,-1.34088,-1.449954,-1.110878,1.571071,0.273884,-0.212963
validation,0,0,-0.745621,0.76508,0.341002,0.762724,-2.012722,-1.252945,-1.365886,-0.68554,0.009313,0.418423
validation,0,1,-0.178229,2.459121,1.158604,1.036913,-0.395642,0.783136,0.516984,-0.197692,1.224483,-0.65274
validation,0,1,-0.995652,-0.157054,2.025322,-0.044417,-0.408195,2.176074,-1.266519,-0.676168,-1.144354,-0.885297
validation,0,0,-0.505823,1.799831,-1.080758,0.339466,1.725293,0.127265,-0.484,-2.153036,-1.254116,-0.312343
validation,0,0,0.202743,-0.574156,-0.223993,0.292652,-0.751345,0.355308,0.366725,1.63866,-1.146303,2.227544
validation,0,0,-2.849416,-0.690489,0.152269,0.606354,-0.628243,1.115399,1.674208,-0.553935,-1.32014,-0.708345
validation,0,0,0.057734,-0.060961,-0.076212,-1.032758,0.517874,0.121944,-0.386161,0.638734,-1.114428,0.599645
validation,0,1,-0.011326,0.691126,0.384728,-0.097682,0.621301,-0.915751,0.382847,3.071851,-1.599683,0.253781
validation,0,0,0.696918,-1.684143,-1.117089,0.765744,-2.269378,-1.446695,2.076456,-0.254342,0.525903,-0.279641
validation,0,0,0.270933,0.896755,0.388148,-0.574588,0.822185,0.850384,1.717154,1.292725,-0.509268,0.956939
validation,0,0,-1.810302,-1.502121,0.773886,-1.478197,0.429253,-0.672128,-0.674325,0.70725,-2.486508,-0.60001
validation,0,0,0.316096,-0.708132,-0.92125,-0.929532,0.747256,-1.372588,-1.295553,-0.132582,-0.458072,2.342963
validation,0,0,1.103025,2.061295,-1.641959,-0.071168,-1.687018,-1.783455,1.918293,-1.799586,-0.031021,0.351988
validation,0,0,0.266193,-0.167922,1.128761,-0.665237,0.602123,-0.696812,0.787668,0.367076,0.725584,0.466044
validation,0,0,0.942768,2.617592,-0.794906,1.83139,0.78049,-0.168238,-1.382773,-0.346686,-2.230692,1.946096
validation,0,0,1.39914,0.418829,-0.753712,0.129887,2.318939,-0.05492,1.892514,1.290448,1.109172,0.809194
validation,0,0,-0.203538,1.120439,3.058494,-1.366253,2.289056,1.809546,-1.189422,-0.512704,-0.51779,1.364315
validation,0,0,-1.016512,-0.825349,0.319883,-0.267617,-0.595823,-0.675534,-0.15302,0.856743,0.319073,0.30494
validation,0,0,-1.269995,0.058508,-1.152747,-0.035518,-0.5846,0.353419,1.229841,2.370627,-1.040979,-0.26595
validation,0,0,-0.410474,0.023923,-0.54352,-1.485475,0.355941,-0.600775,-1.20192,0.296054,-1.667926,1.194905
validation,0,0,0.558455,-1.002097,0.606707,0.273914,0.375538,0.694318,-1.396273,1.493299,0.838929,0.924657
validation,0,0,0.059764,0.077235,2.122579,-0.592536,-0.280792,0.243543,0.582452,0.335223,1.307096,0.840477
validation,0,0,0.910924,-1.458688,1.497005,-2.013693,0.105869,-0.829961,0.282929,1.919656,-0.451917,-0.516598
validation,0,1,0.980937,-0.061884,1.880633,0.524017,1.428983,-1.986353,0.143338,0.68743,-0.038154,-0.66308
validation,0,1,-0.409158,1.205437,-1.388022,0.34478,0.448318,-1.694335,0.45987,1.951008,-0.386307,0.151583
validation,0,1,-1.044341,0.984113,2.133315,-0.09601,-0.331439,0.756742,0.643207,-0.288826,1.175471,-0.051163
validation,0,0,-0.491946,-0.07302,1.412348,1.359671,-0.381152,-0.861086,0.701704,-1.504627,-0.015868,0.049455
validation,0,0,1.989062,-1.246089,-0.019607,-0.377894,-1.602972,0.745431,-0.378806,0.575653,-0.920653,0.899487
validation,0,1,0.809637,1.292777,0.381509,-0.994656,-0.191235,-0.109454,-0.45742,-0.966472,0.855991,0.302796
validation,0,0,-0.348776,-0.50465,0.029578,0.831997,-0.725567,0.260999,-0.257504,-0.648706,-0.181935,1.347487
validation,0,0,1.560102,-0.734418,-0.227368,0.153521,-0.481913,-0.493931,-0.49596,-1.941315,-1.375717,0.964537
validation,0,0,-0.308596,-0.952406,0.699419,0.444869,-0.341873,-0.923889,0.173473,0.082029,-0.277154,0.858183
validation,0,0,-0.814143,1.226671,1.413753,1.23604,-0.727368,0.169658,0.80782,-0.106899,-1.486458,0.962297
validation,0,0,0.727643,-1.093647,-0.200585,0.382087,1.118785,-0.646851,-1.180152,0.964024,1.231747,-0.355348
validation,0,0,0.340708,-0.060251,0.00515,-0.277165,-1.65232,1.13739,0.328762,0.191025,-0.134489,-0.880102
validation,0,0,0.013455,-0.645222,-0.063273,-0.912794,-0.418786,2.513551,-0.607307,0.176383,-0.415669,-1.17123
validation,0,0,1.188572,0.271786,-3.287164,2.005019,0.858934,0.064184,-0.283664,1.396466,1.181704,-0.530257
validation,0,0,-0.433904,0.213561,-0.015316,-0.378964,0.879784,-0.350238,-0.772459,-2.27813,0.345777,0.603033
validation,0,0,-0.436919,0.416558,1.8826,-0.766797,-0.399231,-0.466093,0.469225,-0.981837,0.518951,0.678808
validation,0,0,1.29389,0.254386,0.56304,-0.61815,-0.816104,-0.840371,-1.299619,-0.647674,0.173141,-0.439033
validation,0,0,0.714158,-0.444133,-0.099452,-0.051157,-1.023024,0.240406,0.682175,1.458848,1.588541,0.08938
validation,0,0,-1.829308,-0.234917,0.468279,0.05972,0.500381,-0.123635,0.265276,-0.682605,1.63317,1.153143
validation,0,0,-0.336497,-1.504878,1.03344,-0.411147,0.837587,0.290254,0.481153,-0.41475,0.582627,1.530664
validation,0,0,0.735244,-0.737753,1.517516,1.900486,-0.376334,0.396609,0.496121,-0.661735,-0.754069,-0.500067
validation,0,0,0.207263,0.780506,0.17389,-0.14685,-0.381507,-0.470416,0.379853,-1.481812,-0.129816,0.970708
validation,0,0,-0.006089,0.007299,-0.604656,0.095046,-0.069807,0.247533,0.469351,-0.731837,1.176589,0.151192
validation,0,1,1.294583,0.006931,0.171254,0.743664,1.225965,1.545669,1.790258,2.767444,0.672201,0.087742
validation,0,1,0.620343,-0.282612,-0.436596,-0.605186,-1.203226,-1.178173,0.402217,1.384196,0.866327,1.64671
validation,0,0,-1.979648,-1.263204,-0.912642,-0.354418,-1.350313,0.738176,-0.024383,0.306496,0.054123,-1.380254
validation,0,0,0.386581,1.121263,-1.961164,-0.33286,-0.497065,0.846022,0.357487,-0.478558,-0.013723,0.539056
validation,0,1,1.608544,0.524564,-0.209717,1.67264,0.751708,2.114482,-0.914177,-1.615713,-2.00584,-0.260794
validation,0,1,0.85117,-0.22049,1.31359,-0.667074,-0.292732,-1.685049,-0.143358,-0.276613,0.76685,-0.627888
validation,0,0,0.604586,-0.863747,0.289027,-0.785491,-0.332645,-2.243802,0.448232,-1.272944,-0.306526,0.854249
validation,0,1,-0.14972,-0.552871,-0.762104,1.752131,0.349061,-0.291034,-0.714411,-0.557157,0.187361,-0.913025
validation,0,0,0.76051,0.020514,1.354025,-0.44961,0.970188,0.879102,0.46465,0.270267,-0.627848,0.377285
validation,0,0,-1.500069,0.674153,-0.587536,-1.329555,2.530192,0.459201,-0.302941,-0.615442,0.882824,-0.087473
validation,0,0,0.461812,-1.413282,-0.582467,-0.472699,0.070405,0.004977,-0.897734,1.938304,-0.779271,-2.067879
validation,0,0,1.389423,0.76664,2.760206,-1.067679,-1.395361,0.545367,0.824077,0.982243,-0.159754,-0.309532
validation,0,0,0.784523,-0.997557,-0.492345,-1.401572,2.283579,-1.014013,-0.547589,0.853155,0.427934,-0.142141
validation,0,0,0.894504,1.797791,-0.788133,-0.980908,0.438282,0.895723,0.489915,-0.096132,-2.017306,-0.094186
validation,0,0,0.303845,1.46969,-1.404305,0.948383,0.84088,0.886571,-1.400605,1.126057,0.140765,-1.294542
validation,0,0,-0.030491,-1.069751,0.353404,0.757019,-0.647362,-0.626957,1.083026,0.777015,0.114134,-1.438216
validation,0,1,1.093765,0.995176,0.157115,-0.144436,-1.797004,-0.225323,-0.330013,2.061041,0.789284,-0.367571
validation,0,0,-0.242612,-1.814841,-1.035375,0.009631,1.389449,0.170795,0.097127,-0.416363,-0.27142,0.119767
validation,0,1,0.881538,-0.418682,-1.442401,1.450528,0.785794,0.316691,0.707009,-0.68348,0.955905,-1.480064
validation,0,1,1.401692,-0.323917,0.325772,-0.381397,0.361544,1.101439,-0.287231,-0.759236,0.307124,0.278251
validation,0,1,1.682973,0.27414,0.289258,0.043633,0.309513,-1.234567,-1.725613,-0.363273,0.405977,1.698084
validation,0,1,0.67572,0.335597,-0.151819,-1.540757,1.698659,0.052289,0.82583,-0.480723,-0.748108,1.074515
validation,0,0,-0.524846,0.217508,1.413355,0.282514,1.110542,-2.033959,0.370044,-0.765403,1.159487,-0.385891
validation,0,1,1.725241,2.050246,0.719178,0.760822,0.799186,2.466741,0.001242,-0.625523,-0.016961,0.054296
validation,0,1,-1.248439,2.929343,-0.888251,-0.589182,-1.254573,0.308745,0.322357,1.300981,0.669408,-0.422237
validation,0,1,1.181568,0.22377,1.62319,-1.500497,-0.146944,-1.596616,0.902408,-0.405128,0.726955,1.093247
validation,0,0,-1.34454,0.855799,1.058232,-0.781866,0.200651,-1.436478,-1.540337,-1.194075,-1.328354,0.515751
validation,0,0,0.631995,0.044514,-0.126949,-0.663273,2.050943,0.142874,1.317197,-1.047288,0.830103,0.132495
validation,0,0,1.292349,-0.905418,0.463245,1.334025,0.538513,1.27388,0.739524,-0.458093,0.236384,0.088005
validation,0,0,0.191245,0.53712,2.268233,0.339221,1.414296,1.187774,-1.719886,-1.985701,-0.201331,-0.160208
validation,0,0,-1.0563,0.705183,0.192285,0.501949,-0.663189,0.396451,1.05914,0.480953,-1.108578,0.183763
validation,0,0,0.588105,-0.042585,-0.301024,-0.487705,0.66583,0.157877,0.60898,-1.446011,1.156745,-0.648867
validation,0,0,-0.479709,0.49566,2.160551,1.272537,-1.022317,-1.025207,-0.885802,1.281739,1.487139,-0.093493
validation,0,1,0.118624,0.020748,0.957627,2.023933,0.955016,0.845744,-1.12755,0.084248,-1.751173,-0.619355
validation,0,0,0.263075,-0.44713,0.875132,-0.174233,0.148025,1.045765,-1.388661,0.302119,-1.260012,0.235732
validation,0,1,0.186395,1.321401,0.471399,1.788041,0.80652,-0.643183,-1.020551,-0.619499,0.331152,-0.959894
validation,0,0,-0.693098,0.687033,-0.650008,0.063828,-0.706057,0.188305,0.068154,-0.616099,0.845882,-0.579139
validation,0,1,0.843336,-0.510259,-0.019305,0.917573,-0.403845,-0.40125,0.285827,1.553731,1.597305,0.252944
validation,0,0,0.062957,0.326397,0.744735,0.197833,0.581816,-0.734157,-0.322231,0.584661,-1.257307,-0.071057
validation,0,0,0.907101,-0.358451,-0.249206,1.505291,1.170775,-1.89017,0.231081,-0.299575,-0.012087,-1.081685
validation,0,0,-0.574072,0.278783,-0.571911,-0.102806,0.076586,1.62094,1.309246,-0.596247,-0.619414,0.519755
validation,0,0,1.44535,-0.792178,-1.303352,-1.669413,0.935365,1.139994,1.037224,2.235207,0.900826,-0.040064
validation,0,0,-1.004473,-0.039299,-0.782112,0.386498,-0.30816,0.256132,2.061961,2.028891,-1.054621,-1.591412
validation,0,0,-1.639515,-0.087154,0.154454,0.101461,-1.255292,-0.569333,-1.471625,0.221957,1.310013,0.034796
validation,0,1,-0.193839,-0.080993,2.079024,-1.469795,-1.445208,0.27293,-0.535431,-0.574798,0.045796,-1.003071
validation,0,1,1.956552,-1.41757,-0.568303,0.478998,1.453719,0.669866,-0.221609,1.669605,2.764682,0.738396
validation,0,0,0.903306,0.38002,0.723715,-0.714233,0.428322,0.769048,-0.162224,-1.152391,0.117472,0.968423
validation,0,0,-0.342301,-1.214548,-0.755332,-2.526304,1.213275,-0.178875,-1.710917,-1.010224,-0.859365,0.437891
validation,0,0,0.283999,-0.687953,-0.841995,0.142467,-0.431109,0.322959,0.207836,-0.824697,-0.106605,2.946159
validation,0,0,1.321,-1.098671,-1.22041,-0.64112,-1.600875,-0.935781,-0.74609,0.276867,-2.104669,0.862775
validation,0,0,-0.891131,-2.922831,0.975403,0.099693,0.214518,0.029546,-1.091664,0.492451,1.037325,-1.358416
validation,0,0,1.031659,-1.365012,0.371461,1.051082,-0.627591,0.838702,1.084738,-1.143486,-0.57658,0.381274
validation,0,0,1.7969,-0.66942,-2.342255,-1.868362,0.420511,-0.112352,1.067959,0.1432,1.215619,3.078994
validation,0,1,1.139207,-0.299184,0.582576,0.038385,-0.35228,0.549918,0.880645,-2.069959,1.290666,0.455969
validation,0,0,0.389222,0.201185,0.648174,0.494762,0.680556,1.301851,0.26857,-0.600891,-0.272412,0.036047
validation,0,1,1.728955,-0.101959,-0.129148,-0.019289,0.505337,-1.290289,0.608598,0.875984,-1.471385,0.173282
validation,0,1,0.960841,-1.573542,0.286819,-1.720034,0.299748,1.00991,1.222775,0.391501,-0.07622,-0.058098
validation,0,1,1.769478,0.386376,1.113071,1.122225,0.515998,-1.830435,-1.713916,-1.545779,-0.943322,-0.11849
validation,0,1,1.353251,2.238743,-1.967955,-0.033935,-0.972548,-0.549599,-0.231734,-0.393252,0.634182,-0.445761
validation,0,0,-0.360561,0.123466,-0.181149,-1.937332,-0.473519,1.497043,-0.043128,-0.555831,0.02232,-0.170377
validation,0,0,-0.228415,0.597378,0.252211,-0.004596,-0.563901,-0.290133,0.034446,-0.993193,-0.180985,-0.778108
validation,0,0,0.039628,-0.889489,1.382622,0.11351,1.05606,0.719571,-0.592744,-1.397972,-1.159277,0.141703
validation,0,1,0.958841,1.089175,-0.692868,-0.861821,0.454705,0.599739,0.124355,1.22817,-1.337609,0.729369
validation,0,0,-0.822311,-0.251081,1.449209,0.411728,0.365862,2.073726,-0.93739,0.662749,-1.427989,0.582306
validation,0,1,0.954477,0.115742,1.849215,1.007407,-2.470225,0.619407,-0.142217,-0.969876,1.727858,-0.745975
validation,0,1,-0.06803,-0.792196,-0.880457,-0.233464,0.103789,-1.525034,-1.265485,1.12608,-0.784072,-1.068755
validation,0,0,-2.082335,-1.645923,0.150385,1.973736,-0.595496,0.059209,0.719491,-1.127694,0.315828,1.081087
validation,0,0,0.404996,-1.697525,-0.211241,-0.160164,-0.988286,-1.866617,0.801395,-0.231362,0.059336,-0.475812
validation,0,0,-0.672781,-2.632047,0.467565,-0.596982,1.154966,-0.80234,0.63721,-0.209197,0.841787,-0.442281
validation,0,1,1.176812,-1.337091,-0.341663,0.234579,0.024526,0.494692,0.346533,1.111344,0.555451,-0.470818
validation,0,1,-1.8353,0.453881,-0.587685,0.812917,0.199256,0.933067,0.760288,-0.343167,-0.407587,-0.589663
validation,0,0,0.57599,0.275617,0.926699,0.322214,0.172552,-0.87907,1.050346,0.396932,-0.138862,-0.788645
validation,0,0,-0.984881,-0.289759,-0.738885,0.063291,0.259956,0.741506,1.213348,-1.726399,0.496114,-1.112085
validation,0,0,1.428393,-0.957342,1.451803,0.372374,0.008802,-0.132416,-1.137962,-0.144738,-0.416741,-0.910749
validation,0,0,-0.834941,-0.920211,-0.895076,0.971589,1.187392,-0.858886,-0.683783,-0.64996,0.387224,-0.048691
validation,0,1,0.461889,-0.727225,0.739582,-0.427149,1.748679,-1.292316,0.053198,0.906394,-1.130464,0.903467
validation,0,0,0.26048,1.039231,-1.070499,1.510105,0.197359,2.190388,1.396901,-0.654513,-0.552303,1.107769
validation,0,0,0.134457,0.446845,1.27212,-1.004797,-1.284632,0.470896,0.013651,-0.361886,-0.795851,-1.134583
validation,0,0,-0.797018,-0.653566,1.579419,0.240587,-0.698719,0.094215,0.67619,-1.661446,-0.064268,-0.523402
validation,0,0,1.472838,-0.696303,-1.184103,-1.448297,-1.200557,1.656583,-1.083086,-0.752199,-0.298644,0.603748
validation,0,0,0.601748,0.335103,-0.552161,-0.760256,0.185614,-2.217035,0.596983,0.558912,-1.098453,1.094521
validation,0,0,1.364803,-0.051295,-0.405041,-0.334748,0.064221,-0.291404,0.193136,-0.57941,-1.150933,-1.087059
validation,0,0,1.732295,-0.475708,-1.792104,0.875377,0.506175,0.939093,0.073861,0.645137,-0.719887,1.114381
validation,0,0,-2.347782,0.565828,-1.152373,0.094521,-1.985261,-0.328075,-0.433561,1.1844,0.132152,0.338941
validation,0,0,1.999348,-0.091646,-1.420008,-1.029694,-0.620746,0.398162,0.942344,1.060915,0.465531,0.673008
validation,0,0,-0.81574,-1.994357,0.663985,0.587223,1.36593,0.880467,0.990332,0.075466,0.00895,1.016937
validation,0,0,-0.822525,-0.387415,0.654329,0.368498,-0.825867,1.245827,0.925575,0.165463,-0.929585,-0.247753
validation,0,0,-1.285162,0.034041,0.415789,0.717406,0.257783,1.268356,-0.989313,0.29651,0.061342,0.546386
validation,0,1,0.206579,0.525897,-1.155425,-0.261995,-1.098541,0.458974,-1.131715,0.0456,-0.074569,0.987931
validation,0,0,-0.152662,-0.62333,0.601303,-0.20546,0.025954,1.136123,0.227037,-1.234177,-0.229057,0.547599
validation,0,1,1.011406,-0.151513,1.20204,-1.527722,-0.732902,-0.879939,0.414255,-0.256973,-0.562871,0.21147
validation,0,0,0.242224,0.604943,-3.409298,0.644518,0.247924,-2.557739,0.517772,1.10333,-0.282204,-1.021379
validation,0,0,-0.14162,0.853663,-0.739303,1.167203,1.402013,-0.085072,0.23149,-0.230788,1.176184,-1.249439
validation,0,0,-1.580018,-0.946171,-0.525355,-0.776148,0.730691,-0.711987,0.545423,-0.155913,0.006292,1.237513
validation,0,0,-1.281982,0.003416,1.517096,-0.512943,-1.111339,0.931728,1.711683,0.102738,0.882981,0.120471
validation,0,0,-0.982713,0.386304,0.378082,1.027858,0.087319,1.517094,-1.448267,0.566391,-0.936593,0.150457
validation,0,0,-0.666946,-0.28809,-0.292823,0.704194,-0.345846,-0.563112,1.278865,1.762408,-1.096312,-1.623483
validation,0,0,-0.797277,1.203598,-0.54389,0.029191,-0.417691,-1.819792,0.996775,-1.572816,0.480162,-0.105543
validation,0,0,-0.320207,-2.263979,-0.323946,0.78828,1.66261,1.496466,-0.203186,-0.290145,-0.696148,1.232297
validation,0,0,0.517326,-0.306506,1.853061,-0.248431,-0.765739,0.965135,0.742503,-1.205829,-0.424217,1.542518
validation,0,0,-1.299271,0.66329,0.144481,0.791274,-1.801426,1.303986,0.060743,0.423312,1.24629,0.003947
validation,0,0,-0.526868,0.731431,-0.231835,-1.068803,0.081436,0.998016,-2.897447,-1.090517,-1.115115,-0.718097
validation,0,0,-1.889566,0.661358,1.07743,1.447769,0.545707,1.239205,2.183789,-0.992052,0.281008,0.533078
validation,0,0,-0.585329,1.154985,-1.502789,1.118048,0.111118,0.087582,1.439417,-0.216926,2.943226,1.175659
validation,0,1,0.715395,-0.090084,0.004898,-0.012641,-0.521009,1.405197,-0.398302,-0.457813,0.269877,-1.562483
validation,0,0,-1.368313,-0.305957,-0.479866,-0.395607,0.61526,-0.433894,0.123934,-0.609391,-0.658309,-0.856713
validation,0,0,-1.886675,0.115262,-0.604422,-0.302579,-1.128113,-0.531346,1.925652,0.162092,-0.649923,-0.440875
validation,0,0,-0.357539,0.669088,-0.769308,-1.417974,0.715062,-0.766804,0.455249,-0.22117,-1.404073,-0.306005
validation,0,1,1.364822,1.862534,-0.778332,2.134635,-0.417366,-0.626667,-0.498816,-0.98371,-1.434097,-2.212695
validation,0,0,1.21708,-1.468787,0.090889,-0.04647,0.224969,-0.051219,0.180933,-0.944986,-1.395077,0.232382
validation,0,0,0.289486,-0.989795,-0.851613,-0.834703,-0.317581,-1.395444,-0.227348,-0.673218,-1.55221,0.54604
validation,0,0,-0.438331,-0.782876,-0.054196,0.055782,-0.795249,-0.507862,-1.639043,-0.068442,0.350679,0.834643
validation,0,1,2.065982,1.00176,-0.956896,1.751849,1.446355,1.225941,-0.840151,0.151534,-0.850978,-0.094835
validation,0,0,0.807014,-0.849701,-1.83556,-0.47166,-0.915826,0.895778,0.564307,0.653659,0.34153,-1.350765
validation,0,1,0.727851,1.895535,0.888338,-2.749228,-0.544548,-0.942494,-0.193446,0.494309,0.681913,-0.256584
validation,0,1,0.146314,0.631174,1.015672,-1.137469,-0.463015,0.30248,1.28127,-0.917735,-1.168214,-0.517094
validation,0,0,-0.074595,0.473344,-0.073814,-0.615407,0.042434,-1.186323,1.302137,-1.607483,-1.54086,0.244955
validation,0,1,1.165494,0.785572,-0.208931,0.167203,-1.297176,0.745341,-1.734693,-0.662432,-0.758124,-0.492805
validation,0,1,1.139658,-0.43475,-0.725607,0.296215,0.069731,0.189248,-0.045696,-0.210894,1.104507,-0.048104
validation,0,0,1.452345,-1.488171,-1.355012,0.529907,0.756164,0.07957,-0.02731,1.061826,0.770089,0.691916
validation,0,0,2.349577,0.324681,-2.321061,-1.54469,-0.852834,-1.115876,1.47668,-2.328108,0.808951,-0.25073
validation,0,0,-0.016183,0.467199,-0.026157,-0.329309,-0.764467,1.661361,0.561155,-0.379862,-1.077798,0.658646
validation,0,0,-0.730594,-1.103355,-1.556263,0.845652,-0.939291,0.916685,1.252223,0.664247,-0.207775,-1.950758
validation,0,0,-1.733214,0.6099,0.312454,0.964907,1.609427,-0.956692,0.126639,-1.348921,1.717526,-1.994984
validation,0,1,-0.7118,0.978196,0.65013,-0.247772,0.523041,1.483214,0.130075,-0.645622,0.545354,0.193542
validation,0,0,2.106126,-0.704347,-0.154167,-3.10778,1.151815,-0.438796,-0.050189,-1.037383,-0.822502,0.36691
validation,0,0,-1.602307,-0.996051,0.949826,0.720996,0.747925,0.183315,-0.033833,-0.239694,0.082031,-0.343644
validation,0,0,-0.281956,-1.371975,0.921776,1.009226,-1.297477,-1.242393,0.8426,-0.039748,1.841253,1.273731
validation,0,1,0.870868,0.905338,1.031792,1.662049,0.320715,-0.644416,-0.750176,-0.03531,0.636229,-0.663828
validation,0,0,-0.604763,-0.277974,-1.631028,0.490023,0.851612,-0.512178,-0.923592,-1.336159,-1.180103,1.697591
validation,0,1,-0.902139,-0.610676,-1.086704,-0.427503,0.380698,0.484988,0.250663,-1.458904,0.417608,2.188725
validation,0,0,-0.575865,-1.358425,0.57613,0.194458,-0.618486,-1.912558,-0.851265,-0.039465,0.022218,0.221456
validation,0,1,0.947601,-1.244884,0.709143,0.674579,-1.462566,0.217709,1.01966,0.796075,1.343523,-1.538878
validation,0,1,-0.018287,0.040795,0.258119,-0.763688,1.375551,-1.402841,1.511633,-0.040032,-0.024812,-0.836494
validation,0,0,0.83046,0.587187,-0.248702,0.062511,0.161071,-1.094175,-1.300474,0.355313,0.484964,-0.512796
validation,0,0,-0.500599,-0.614056,0.599979,1.451108,-0.294356,-0.325598,0.345922,0.320962,-1.023114,1.153236
validation,0,0,-0.70941,-0.426808,-0.855123,1.922928,-0.680491,-0.546123,0.028636,0.676892,-0.590169,0.310869
validation,0,1,1.317903,0.418034,-1.665808,-0.636348,0.060628,-0.22324,-0.004414,1.43553,-1.157498,0.007706
validation,0,0,0.088336,1.074553,-0.698325,0.186312,0.198251,0.410493,-0.459922,-0.372907,-0.421795,0.053998
validation,0,0,0.505976,-1.536265,-0.267559,-1.367578,-1.864917,-0.134472,-0.483704,0.594292,-0.158801,0.396863
validation,0,1,-0.039992,0.179075,2.718342,1.092682,-0.286898,1.690422,1.985042,-0.270975,-1.722614,1.467314
validation,0,1,-0.190945,0.696669,0.507865,0.382521,-0.158728,-1.265052,-2.320477,2.003729,0.284517,0.285532
validation,0,0,-0.018466,-1.57651,-1.792566,-0.437194,0.845908,1.2788,-0.576678,1.205772,0.665016,-0.204902
validation,0,1,-0.324571,-1.130398,1.043094,0.842164,1.101727,-1.93204,0.628139,-0.138456,0.033153,0.410214
validation,0,1,0.140334,1.949622,1.619117,0.741623,-0.558923,-2.792773,-1.040023,-1.094167,-0.768297,0.58014
validation,0,1,0.568424,-0.176682,0.545748,-0.652235,1.365506,-0.990057,-0.464075,0.33122,0.115611,-0.282134
validation,0,1,-0.659718,0.262437,-0.877164,-0.017509,0.119461,-0.732235,-0.621724,0.414739,-0.595363,-0.971469
validation,0,0,0.020994,0.118183,-0.183584,0.473235,-1.608895,0.65386,-0.445309,1.510428,-1.915926,0.080434
validation,0,0,-0.273603,0.381837,-0.119841,-0.926664,-0.614799,-1.276651,1.629705,-1.658648,0.50111,1.11913
validation,0,0,-1.735244,-0.667993,-0.72984,-0.623603,1.188712,-0.59783,2.157431,-1.238689,-0.684859,1.373469
validation,0,1,1.416262,-0.454227,-0.606317,-0.206146,0.519331,-0.232308,0.302511,0.480371,1.950119,-0.863709
validation,0,1,-0.727045,-1.164083,1.503395,2.085275,-0.598683,0.573503,0.526506,1.550273,-2.339181,0.202135
validation,0,1,0.621676,0.006679,-0.024645,0.077777,-0.241589,-0.397029,1.019228,-0.126963,-0.000496,0.934769
validation,0,1,-0.810832,-0.11466,-0.732065,-0.659059,-1.268039,0.394048,-0.324988,0.228041,-0.856292,-0.195472
validation,0,1,-0.97005,-1.189308,0.685158,-0.129148,-0.249814,1.638038,0.317811,1.228443,-0.532556,-1.084544
validation,0,0,-0.456217,1.366391,-0.142761,1.013208,0.545662,-1.017433,-0.308625,1.375638,0.116088,1.101292
validation,0,0,0.082396,-0.122795,0.180027,0.26668,-1.451436,-2.106008,-0.744646,0.483961,-1.220117,0.109463
validation,0,0,-1.323921,0.592677,-1.233589,0.324871,0.832891,1.39617,-0.318905,-0.510665,0.424404,-0.039734
validation,0,0,0.455559,-0.769482,0.150055,0.607806,1.954494,-0.181215,0.408645,0.201581,0.581517,-0.186634
validation,0,0,-0.861034,0.364102,-0.039006,-0.134828,-0.927623,-0.286998,0.23558,-1.072681,0.500019,1.187546
validation,0,1,-3.429424,-0.437032,-0.951141,0.955207,0.354087,0.016298,-2.380091,-0.397891,-1.021711,0.462917
validation,0,0,0.117183,0.643967,-1.111363,-0.338908,0.719197,0.495996,0.194385,0.583601,-0.561467,1.308393
validation,0,1,1.736557,1.284094,0.084368,0.083341,1.943782,0.369534,0.094127,0.631476,0.287261,-0.679396
validation,0,0,-0.57536,0.716601,-0.485004,-0.712296,0.000551,-0.188613,-0.760137,0.004812,0.718556,0.406774
validation,0,0,-0.842947,-0.02063,0.570282,1.649638,0.754604,-0.298761,1.12877,1.359905,0.187364,-0.441893
validation,0,1,-1.221822,-0.060483,0.226705,2.184636,2.231613,1.224619,-1.589416,-1.332475,0.889266,-0.462991
validation,0,0,-0.16741,-1.017611,0.180098,-0.3759,-0.327927,0.109578,0.272769,1.810656,-0.700149,0.392368
validation,0,1,0.554097,-0.230358,-0.384567,0.020234,-1.031709,-0.011702,-1.099003,-0.231383,1.532966,0.47055
validation,0,0,1.206827,0.809993,-1.235047,-0.667594,-0.328083,0.762477,0.733528,-1.160482,0.066106,0.036275
validation,0,0,0.053736,-1.29931,0.10716,-2.417347,1.925874,-0.118449,0.095394,0.193897,-0.166151,2.109205
validation,0,0,-0.398816,-0.193757,0.53336,-1.179769,0.661555,1.184916,0.195996,0.318066,-2.404829,-0.234684
validation,0,0,-1.430589,-0.464235,0.664287,0.80152,-0.71875,-1.339957,0.17925,-0.815406,-1.908562,-0.92723
validation,0,0,-0.239601,-0.842644,-1.490302,2.487926,0.143502,-0.071273,0.097484,-0.5277,0.15395,-0.868032
validation,0,1,-0.034626,0.061911,1.433254,0.399033,-0.513719,-0.312062,0.660357,-1.428899,-1.193148,0.463729
validation,0,1,1.321199,-0.204787,1.037871,-0.694124,1.520404,-0.634052,1.21121,0.75443,-0.775013,-0.878592
validation,0,0,-0.274997,0.896247,-0.8056,-0.423778,1.169162,1.570614,1.073816,1.120333,1.615378,0.762643
validation,0,0,-0.997625,-0.971382,-1.909874,0.635666,0.278024,-1.257226,0.129223,0.622524,-1.101928,-0.013313
validation,0,0,1.207203,-2.148901,-0.821077,-2.694652,-1.384434,-0.467993,0.029747,-0.048095,-0.6265,1.200259
validation,0,0,0.256082,0.856068,-1.856924,-0.27199,0.016712,-0.466386,-0.572895,0.257168,0.88431,-1.06992
validation,0,0,0.771923,0.794613,1.216181,-0.12072,0.691682,0.7873,0.87409,-0.482042,1.071144,0.067612
validation,0,0,-1.187707,-0.730771,-0.036414,-1.37693,-0.519077,0.68062,-1.627963,-0.589341,0.550029,-1.801195
validation,0,0,-1.114783,1.553102,-0.499082,-0.202077,-2.619584,-0.803746,0.357695,0.080914,0.81872,-0.590172
validation,0,0,0.48765,1.838772,-1.187005,-0.361409,0.238628,-1.265183,-1.386456,1.412046,-1.554267,0.286069
validation,0,0,-0.241095,1.26751,0.381516,-0.094458,0.767305,-0.266038,-0.118875,1.965765,1.081852,-0.448387
validation,0,0,-1.438803,1.283439,-0.191134,-1.131815,0.602772,-2.406131,-0.322869,0.109136,1.173222,0.03333
validation,0,0,0.349972,1.453943,-1.270325,0.098876,-1.11861,0.270377,-0.442317,2.385488,-0.639898,1.240224
validation,0,1,-0.357558,-0.444048,1.027642,-0.494047,-2.520091,-1.17419,0.224612,0.492741,-1.098349,-0.914831
validation,0,0,1.90365,-0.4245,0.487524,1.75274,-0.531873,0.061587,0.161074,0.719365,-0.913904,0.88938
validation,0,0,0.081326,-0.69219,-0.147414,0.389279,-0.84957,-1.064283,0.339593,-0.613427,-0.696745,-0.314593
validation,0,1,0.913365,0.90846,-0.306982,-1.179103,0.804935,1.195627,0.119115,-0.577661,-0.18614,0.941403
validation,0,0,0.595966,-0.546535,2.593064,-0.822776,0.276154,-0.857142,-0.808144,-0.518882,-0.869215,-0.77597
validation,0,1,0.03772,2.195067,0.406976,-0.80853,0.1418,0.627693,-0.795421,1.48629,0.613754,-0.39906
validation,0,0,0.490649,1.074564,0.186187,0.64425,-2.553951,-0.669163,0.075515,0.726313,0.75249,1.594239
validation,0,0,-0.049832,-0.258809,1.927219,-0.986454,0.965578,-0.402658,-1.765333,-1.204898,0.668082,0.697629
validation,0,0,0.294423,-1.949991,-0.35645,1.040409,0.877318,-0.426653,0.474585,-0.39009,1.010531,0.713127
validation,0,0,-0.934166,1.720607,-1.26588,2.004698,0.358949,0.142645,1.677447,-0.170775,0.441276,-0.008501
validation,0,1,0.380224,-0.158163,0.769635,-0.145061,-0.069288,-0.010277,0.297552,1.182606,0.14167,0.498496
validation,0,0,-1.671605,-0.084674,-1.212481,0.647806,0.256642,0.141523,1.529049,-0.272223,0.214144,-0.425045
validation,0,1,2.194361,0.905824,0.727662,-1.339704,-0.733223,-0.556724,0.974194,0.324869,-0.197347,-0.074197
validation,0,0,0.911695,1.690863,0.601018,0.413479,0.402736,-1.778775,0.001266,0.095406,2.09741,-0.382682
validation,0,0,0.22489,-1.148053,0.458543,-0.340533,-0.31569,-1.689763,-0.022682,-1.499507,-0.946876,-1.174076
validation,0,1,1.734866,-0.360341,0.500477,1.634519,-0.67726,0.402309,-0.906314,0.762894,-0.187004,-1.110303
validation,0,0,-0.557235,0.814523,-0.244046,-1.762073,0.162001,0.734791,-0.780202,-0.452466,-0.245339,0.818531
validation,0,0,-1.023617,-1.687492,-1.004036,2.24557,-0.925753,-0.617004,2.473516,1.259108,0.323402,-1.828851
validation,0,0,-0.593079,1.591692,0.233038,-2.382837,0.749974,-1.31768,-0.24293,0.519655,1.678077,-1.89793
validation,0,0,-0.322671,0.492509,-0.005355,0.19557,-0.254937,0.116397,1.666424,-0.367424,-2.49473,0.630502
validation,0,0,-0.328405,-0.726092,0.926255,0.822942,0.581301,0.996274,-0.977631,-0.202492,-0.187847,-0.820449
validation,0,0,0.049005,-0.284472,-0.582624,-1.534236,3.357352,-0.816013,0.582717,0.602906,-0.903318,0.133276
validation,0,0,0.310381,-0.664231,-0.484439,0.189091,-1.41199,0.410471,0.304014,-0.666092,-0.646929,-0.684435
validation,0,1,1.650736,0.253673,-1.174375,-0.560304,0.707752,-0.144928,0.527881,1.072564,-0.635739,0.653634
validation,0,0,-0.283905,1.231804,-0.793071,1.295481,0.446212,0.939627,0.993978,0.987856,1.265959,0.583654
validation,0,0,0.056848,-1.846154,1.054563,0.185624,0.120232,-1.466368,-0.059085,0.464294,0.803031,1.329372
validation,0,0,0.831323,-1.717538,0.653156,0.483997,0.226151,1.3716,-0.44666,-0.936289,1.65069,0.598051
validation,0,0,-0.287223,0.071455,-1.20544,-1.229281,-0.601392,-0.272012,0.081648,-0.416679,1.579943,-1.700325
validation,0,0,-0.464954,0.537335,-0.322865,0.972276,0.217526,-0.749151,-0.478124,-1.5381,-0.21056,-0.149338
validation,0,1,-0.046699,0.394048,0.935608,0.368978,0.184696,1.211805,0.778493,-0.56612,-0.683394,-0.435734
validation,0,0,-0.306424,1.62604,0.53081,-0.009791,1.47032,-1.178845,-0.00106,1.006786,0.678224,-0.417848
validation,0,0,0.131354,0.142749,0.908657,0.294191,0.874133,2.318754,0.652481,-0.42039,0.602334,1.853561
validation,0,1,0.769519,1.188881,-0.276259,0.518676,1.472966,-1.384503,-0.30155,-0.163104,-0.309083,1.159534
validation,0,0,0.041195,-1.339738,0.781613,0.193429,-0.044834,-1.080678,-2.503044,0.193828,1.186045,0.772807
validation,0,0,-1.012528,-1.915757,-0.678995,0.043619,0.628447,1.625009,0.333136,0.610729,-1.177222,-0.970238
validation,0,1,1.161817,-0.318743,-0.712119,-0.336918,1.477103,-0.945774,0.007056,1.793406,0.163897,-0.460259
validation,0,0,-2.970357,2.097065,-0.487657,0.703941,0.921996,1.334787,-0.613119,-1.197175,-0.045373,-0.584467
validation,0,0,0.790033,-0.734009,-2.68977,-0.1568,-1.799245,-0.009419,-0.236925,-1.301501,1.148798,2.843275
validation,0,0,-0.848549,-0.526178,-0.614802,0.004041,1.833224,-0.397925,0.028728,-0.773173,0.096432,0.34845
validation,0,0,0.396864,-1.274401,-1.027488,0.042931,0.159652,1.144717,-0.643922,0.123844,0.271553,-1.074509
validation,0,0,-0.10534,-0.225538,-0.718161,-0.411256,-0.354221,-0.874054,-0.539723,-0.078972,1.496686,0.005036
validation,0,0,-1.800283,-1.992527,0.484644,0.670109,-0.772913,-0.427865,0.123827,-1.944992,-0.616581,0.820753
validation,0,0,-0.822934,-0.419924,0.877193,0.776786,-1.048579,-1.547134,-2.277023,-1.316132,-1.24943,-0.061945
validation,0,0,0.086276,-0.319651,1.434192,-1.080433,-0.329322,0.939299,0.46453,0.4064,-0.913091,0.753995
validation,0,1,1.893769,0.566861,0.335758,-0.57097,0.526261,-0.608168,1.424527,-0.107782,0.052217,0.421808
validation,0,0,1.751489,-0.113398,0.60348,0.831274,1.566074,0.598218,-0.941751,-0.001373,0.326426,2.143405
validation,0,0,-0.95914,-0.119483,-0.893574,0.621242,-1.166382,0.598096,-0.197007,-0.690435,-0.653244,-0.569944
validation,0,0,-0.224255,0.033994,0.288704,-1.552128,0.842683,-0.591535,-2.14544,-0.85863,-1.19462,-0.101333
validation,0,1,0.112003,0.876004,0.386137,-0.442152,-0.696195,0.638851,-0.130398,-1.532738,-0.153292,-0.370942
validation,0,1,0.710279,-1.263218,0.388564,1.020205,1.600007,-0.053155,-0.176378,-0.645351,0.008088,-0.549795
validation,0,0,0.770573,-0.159429,2.027195,-1.593986,1.482583,0.151691,1.405878,0.117495,0.916101,1.618808
validation,0,1,0.393694,-0.967081,2.138388,-0.211971,-0.721853,-1.458536,0.680459,-1.34029,2.191216,-0.790151
validation,0,1,-0.008096,1.973216,-1.88748,-0.387728,1.481859,1.935996,-0.101399,-1.270651,-1.612372,0.85309
validation,0,0,-1.264684,0.451729,-1.207529,0.584517,-0.702746,-0.281526,0.691427,0.865438,-0.462801,-0.746091
validation,0,0,-0.337931,0.442097,-0.142943,0.279577,0.494765,0.159003,-0.623795,-0.698554,-0.484702,0.11758
validation,0,0,-0.340387,0.065522,2.214174,-1.538445,0.723861,1.445038,-3.369911,-0.466056,-0.687419,1.017814
validation,0,1,0.935426,0.054915,0.980759,-0.910451,-0.695257,-0.939319,-0.46087,1.448245,0.287522,0.696288
validation,0,0,1.722424,0.249391,0.670537,-1.78316,-0.409443,-0.020471,-1.230226,-1.282273,0.792717,1.816537
validation,0,0,0.405304,0.241997,0.048526,0.861962,1.764387,-1.103004,-1.14299,0.560766,-0.015411,-1.632685
validation,0,0,-0.228478,0.591085,-3.21303,0.867615,0.571988,2.246066,2.644439,-2.477256,-0.995128,0.444598
validation,0,0,-0.131895,-0.600883,-0.774126,0.906715,-0.273627,0.519409,1.286018,1.086719,1.208619,-0.506483
validation,0,0,-0.215291,-0.75458,0.990381,-2.171622,0.045711,-0.207419,0.433181,-1.565635,0.683601,-1.576273
validation,0,0,0.36911,0.066891,-0.995945,0.974402,-1.486239,-0.245353,-1.717357,-0.087707,0.096739,-0.171342
validation,0,1,1.528007,-0.470959,-0.390011,0.693055,-0.544084,1.595791,0.812361,-0.482541,0.794316,-0.45249
validation,0,1,1.078822,0.659677,0.48877,0.172044,0.113812,1.610366,0.643043,0.089359,-0.34817,0.339704
validation,0,0,1.529587,-1.387728,-1.028895,-2.070578,-0.492367,-0.77504,1.050726,-0.081129,-0.35063,0.754938
validation,0,0,0.129098,-0.62294,0.010652,1.313985,-2.267239,0.166809,-1.917887,0.900587,-0.445652,0.695284
validation,0,1,0.843757,1.011408,-1.026884,0.336928,0.206625,-0.367699,-0.62922,-0.462315,0.661679,0.934545
validation,0,0,-1.179065,-0.730962,-1.015315,-1.741766,-1.58467,0.017323,-0.433447,0.04325,0.50552,-1.162412
validation,0,0,0.393681,-0.580448,-0.62518,1.162798,0.248336,-0.784198,0.415307,-0.108538,-1.795519,-1.237024
validation,0,0,-0.031859,0.04377,1.117754,1.543495,-0.793055,-0.169624,2.060587,0.15688,0.065594,-0.536358
validation,0,1,1.505222,-0.997962,-0.943859,-0.033346,1.272389,-0.18635,0.947648,0.748751,0.383381,-0.907042
validation,0,0,-1.198337,-0.086129,-1.237769,-0.319735,-0.192828,1.308872,0.096397,-1.251021,1.74758,-0.207661
validation,0,0,-0.143754,-0.726542,0.992546,-0.240512,-1.49788,-0.337859,1.232055,0.334774,-1.705148,0.349739
validation,0,1,0.531912,0.165543,0.338759,-0.678153,-0.389591,0.403611,1.433122,1.552476,-0.635751,-0.126689
validation,0,0,-0.088197,0.427771,0.447673,0.023574,0.959217,2.026381,0.555289,0.051355,-0.484155,-1.775526
validation,0,0,-0.980114,-0.795891,1.110051,0.141977,1.696001,1.01472,1.568052,-0.273406,1.150856,0.179541
validation,0,0,-0.068478,-0.39811,-1.568834,0.207704,-0.662282,-0.079109,-1.737036,0.153623,-1.297498,0.04279
validation,0,1,-0.256253,0.089101,0.291747,2.291811,0.13726,0.754143,0.216607,-0.310065,0.23722,0.264371
validation,0,0,0.292429,-2.457877,-0.245135,-1.554306,-0.879498,-0.489762,-1.432881,-0.367025,-0.019522,0.695252
validation,0,0,-0.91262,0.909953,0.277204,1.018788,0.315869,1.821837,0.675844,0.321292,1.595481,0.753546
validation,0,0,-0.208281,0.471709,-0.267772,-0.307101,-0.539155,0.090746,-1.29608,0.078181,-0.772839,-0.574266
validation,0,1,-0.353729,0.58989,-0.855515,1.447066,-1.837621,0.889281,-0.932339,-1.127466,0.901203,-0.734677
validation,0,1,1.531591,0.747052,-0.435032,-0.955989,-0.254152,-1.419942,-1.014994,0.548839,0.180606,-1.828834
validation,0,0,-0.377898,-0.698984,-0.630872,1.184522,0.944711,0.325503,-0.550172,-1.178494,-0.224746,-0.594286
validation,0,0,1.286777,-0.676929,0.218435,1.241015,-0.508673,-0.713847,0.382496,1.205189,0.927356,1.226681
validation,0,0,-0.310134,0.083846,-0.314897,0.827686,-1.544054,-1.778507,-0.6566,-0.078017,0.944593,-0.099778
validation,0,0,0.050716,0.628523,-0.312877,1.218499,-1.200965,0.731825,-0.822865,-0.075627,0.213602,0.449091
validation,0,0,-0.514319,-0.277355,-1.330499,-0.428148,0.474418,-0.350148,-0.761967,2.157947,-0.114336,-1.447335
validation,0,0,-0.165263,-0.914722,-1.493709,-0.967989,0.736719,-0.606192,0.1429,-0.590854,0.146308,0.206265
validation,0,1,1.839144,0.456565,0.740288,0.960773,0.360646,-0.4681,0.931621,-0.458777,-0.000757,1.023343
validation,0,0,-0.06149,2.600803,-1.090833,1.190454,0.435185,-2.172951,-0.761796,0.56226,0.199334,0.067342
validation,0,0,-0.801185,0.778255,-0.432738,-0.869592,2.074999,0.663141,1.608875,-0.948384,-0.073252,0.372866
validation,0,0,-0.112885,1.040901,-0.67038,-2.027156,0.665049,1.812307,1.074175,0.81636,-0.418082,-0.434364
validation,0,0,0.055492,-1.015195,-0.087724,0.031244,0.207519,2.117574,-1.056184,1.446484,-0.309019,-0.660717
validation,0,1,1.99756,-1.0694,0.664648,-1.329602,0.518197,-0.141052,-0.504606,1.414742,-0.048613,0.58495
validation,0,0,-0.636712,1.005662,-1.333986,-0.496237,-1.751819,-2.57857,-0.332041,1.673308,-0.026012,2.23764
validation,0,0,0.082718,0.271097,-0.113761,0.169163,-0.309413,-0.048845,-1.280489,-1.025824,-0.592797,-0.889929
validation,0,0,-1.935979,-0.97287,0.108068,-0.904707,0.248,0.699867,1.141764,0.856644,-0.894288,0.292873
validation,0,1,0.346242,0.572889,0.991094,0.64259,-1.276277,-0.431151,0.525981,0.886664,-1.461505,1.431888
validation,0,0,-1.04719,-1.191398,-0.637349,-0.726259,-0.598849,0.412183,-0.150882,0.104155,-1.002084,-0.918304
validation,0,0,1.838712,0.90146,-0.55014,-0.59745,-0.865917,-0.940552,1.824385,0.696853,1.324471,-0.444693
validation,0,0,-0.862838,1.065451,0.481181,-1.054414,-0.154492,1.708438,-0.528463,-0.585395,-1.606227,-0.562003
validation,0,0,-0.27876,0.141891,0.190259,-0.96507,0.585093,-0.40351,-0.648706,-0.501737,-0.649675,0.766739
validation,0,0,0.151774,-0.174001,-0.622819,0.535365,1.41757,0.899415,-1.345128,1.434335,1.129121,0.060665
validation,0,0,-0.451068,-0.019524,0.47154,-0.050523,0.142527,1.508365,1.327183,-0.095512,1.018876,0.929616
validation,0,0,-1.298618,-0.798066,0.808791,1.476439,0.626676,0.164703,0.526182,-0.222062,-0.871848,0.607622
validation,0,1,-0.534851,-0.389471,0.758359,-0.643247,-1.77382,-1.91782,-0.374942,-1.697906,-0.317223,-0.156458
validation,0,0,-0.822614,-1.496644,0.127976,-0.102724,0.157071,1.449143,1.435774,0.672449,-0.461831,0.911837
validation,0,0,-1.170206,2.014971,-0.381778,0.716004,-1.101707,0.447905,1.426094,0.576356,1.711795,0.643422
validation,0,0,0.377828,-2.449149,-0.873449,1.40608,0.168287,-0.835299,-0.891903,-0.700092,-0.431342,-0.309158
validation,0,0,-2.321467,1.687312,-0.346407,0.894101,0.327569,-1.433193,1.90202,-1.32632,1.017989,-2.497969
validation,0,1,0.069434,0.106477,1.340249,-0.244677,-0.154042,0.978987,-0.318573,0.6376,-0.604676,0.239551
validation,0,0,-0.100468,0.935833,-1.105404,-0.016744,-0.259893,2.171331,0.563141,-0.170685,0.207523,0.181628
validation,0,0,-1.293816,1.20147,0.162911,-0.011348,0.51676,0.319685,-0.648729,0.98606,0.44414,0.365063
validation,0,0,0.552241,-0.669672,-0.422001,-2.129368,0.159337,1.219977,-0.579957,1.585334,0.156255,-0.582207
validation,0,0,-0.50128,-1.548501,0.743891,-0.495487,0.511581,-1.497347,1.457867,-0.164275,0.455014,0.194835
validation,0,0,-1.707808,0.248762,0.110358,-0.699891,-0.067446,-0.828176,-0.175139,-1.163788,0.905392,-0.93505
validation,0,0,-0.918529,0.906684,0.33582,-0.589455,0.467081,-0.502299,0.170828,-0.627883,1.66098,1.213859
validation,0,0,0.151384,0.26174,0.680768,-0.266718,-1.44331,-0.258152,2.599335,0.524443,2.147011,2.53493
validation,0,0,-1.392825,-1.681838,1.502606,-0.237191,1.010556,-1.291999,-0.544468,0.129554,-0.423605,-0.936031
validation,0,0,0.005273,-1.361343,-0.239555,0.216782,1.143614,0.446854,0.390555,-0.582063,-1.41701,0.783938
validation,0,1,0.73523,0.333645,1.051001,-0.330038,0.82448,-1.685325,0.355899,-0.239941,-0.111123,0.370145
validation,0,0,-2.057975,2.489538,-1.205902,-0.99495,-1.211926,-0.166448,0.230322,0.925566,1.334798,0.198236
validation,0,1,0.325837,0.788227,2.043179,0.75191,-0.795545,-0.761977,-0.484208,-0.240175,1.160078,0.428564
validation,0,1,-0.131067,-0.115519,-1.703652,0.457134,0.221713,0.197936,-0.300115,-0.114271,-0.424588,-0.330498
validation,0,0,-0.034298,-0.022704,-0.722348,-1.174456,1.029014,0.56962,-2.041814,-0.411259,-0.415237,0.845752
validation,0,0,0.597943,-2.521902,-1.451068,0.174603,0.709385,1.337771,-0.160651,0.250764,-0.057931,0.353366
validation,0,0,0.301269,1.454046,0.089512,0.201641,-0.03578,0.443044,0.178045,-1.759802,1.010357,-0.281095
validation,0,0,-1.453284,-0.390472,0.592051,2.077754,-1.505461,1.248017,0.83558,-1.331293,0.583761,0.435227
validation,0,0,-0.459586,-0.896411,0.627784,-0.972886,-1.860565,-1.675892,-0.590208,0.313647,0.96472,-0.93962
validation,0,0,-0.448765,-0.187843,-0.09105,-0.577332,0.438808,-1.389447,-0.581467,1.096473,-0.299955,0.715824
validation,0,0,1.912671,-1.839062,-0.290562,1.879916,0.126216,-0.6062,-1.134621,-0.756562,-0.925035,2.421339
validation,0,0,0.394175,0.280311,-0.438834,1.008446,1.209183,0.479086,-0.741294,-0.273486,0.213809,-1.222213
validation,0,1,0.954869,0.691086,-0.455554,-0.006848,0.227901,0.947896,-0.199851,1.313727,0.308066,-2.04815
validation,0,1,-0.948838,-0.29409,-0.475169,1.128949,1.49859,-0.814958,0.448861,-0.166374,0.540301,2.840331
validation,0,0,-2.056021,1.03577,-1.851391,-1.122995,-0.586904,-1.990452,-0.761618,-1.082789,-0.754437,0.504567
validation,0,0,0.634099,-2.300618,1.522998,-0.286177,0.278303,1.249345,0.146605,-0.580153,-1.648216,0.167844
validation,0,0,-0.432067,0.230362,0.154862,-1.722509,0.854007,0.204571,-0.45516,0.565832,0.404178,-0.570197
validation,0,0,1.16609,-0.616008,2.071684,-0.67752,0.271584,0.447083,0.986388,-0.065889,-0.852188,0.529153
validation,0,0,0.181488,1.67394,0.04041,-1.113454,-1.668447,-0.039461,0.66351,0.915935,-1.340279,-0.864343
validation,0,0,-1.511003,2.261075,-1.241346,-1.754827,0.251665,1.177238,0.146516,-0.757298,-0.944351,0.144246
validation,0,0,-2.173998,-0.867398,-0.887497,1.015024,0.07751,-0.125732,-0.587431,-0.395163,0.56455,0.531616
validation,0,0,-0.458491,0.517527,-0.807916,-2.370392,-0.786138,0.22983,-0.434753,-0.304388,0.287072,-1.169416
validation,0,1,-0.265012,-0.361217,-0.697066,1.386277,-0.188807,0.730245,0.184591,0.575307,-1.318871,0.266023
validation,0,0,0.247119,0.960372,-0.224334,0.977815,0.981392,0.019215,-0.399446,-1.185792,-2.471758,-0.763773
validation,0,0,-3.396193,-0.37208,-0.189048,-0.474272,1.101779,-1.334081,0.075389,-1.668898,-0.295029,2.235525
validation,0,0,0.060742,-0.18755,-0.80327,1.028681,0.170056,0.51861,1.605975,-0.467137,-0.13231,-1.42783
validation,0,0,-0.184155,-0.556176,1.397048,0.816369,2.077961,-0.971167,-0.474902,-1.544776,0.585959,1.396357
validation,0,0,0.146063,-0.069302,-0.087942,0.185497,0.377781,0.71956,0.46743,-1.849602,1.919814,0.288489
validation,0,1,-0.529789,0.652462,-1.029125,-0.632821,-1.113881,0.991686,-0.163957,0.474531,1.152311,-0.956376
validation,0,0,-0.490235,0.542937,2.248774,-0.71745,0.238311,-0.326754,0.196347,-0.339644,1.568918,0.718563
validation,0,0,-0.431322,0.059528,0.579416,0.686499,0.515702,0.213055,-0.170057,-0.158083,0.769018,-0.78205
validation,0,0,-0.895029,0.056897,-0.440835,-1.239018,-2.120311,0.150918,-0.328844,0.555732,0.275654,-0.712861
validation,0,0,0.452172,0.258202,-2.928537,0.764419,0.204445,-1.755273,1.612064,-0.33096,0.034414,-0.548093
validation,0,0,-2.040506,0.451733,-0.769755,-0.256522,-0.55586,0.784351,0.213763,-1.964145,-0.695588,-0.576899
validation,0,0,-0.015369,-0.189591,2.388753,1.063815,1.316734,0.148315,-1.199559,-0.099408,1.829693,0.193264
validation,0,1,1.58589,0.879553,-1.346823,-0.926205,0.301162,0.632204,0.10418,-0.930639,0.527109,-1.925318
validation,0,1,-0.804453,0.077443,-1.185104,0.26557,0.166729,-0.719345,-1.054123,0.540352,-0.162815,0.018383
validation,0,1,-0.499119,-1.598911,0.713975,2.919713,-0.801353,-0.362369,0.085502,0.129625,0.770014,0.362793
validation,0,0,-0.073477,-1.96671,-0.961578,1.278619,0.037532,-1.674494,-1.360996,-0.273518,-0.870373,-1.375932
validation,0,0,0.083432,0.00561,-0.321513,-1.446206,0.058727,-0.425618,-1.256649,-0.264638,0.24775,0.040308
validation,0,1,-0.468868,2.055879,-0.00578,-0.665338,-0.308854,0.459251,-0.764167,-0.678187,-0.05648,0.540454
validation,0,0,-1.358937,-0.388522,-1.202922,0.019372,0.46272,-1.223221,0.985598,0.23649,-0.415527,0.700185
validation,0,1,1.520027,-0.764841,-0.638725,-0.546562,-0.669517,-0.595811,1.713677,0.284538,-0.409911,-0.52267
validation,0,1,0.97472,-0.605503,0.126107,-0.110965,0.800785,-0.401066,-0.04288,-0.17947,2.441513,0.383212
validation,0,0,0.491869,-0.949192,1.849408,-2.188267,-1.931993,-0.179294,-0.866921,-0.343627,0.522735,-0.914117
validation,0,0,1.291811,0.75099,0.616407,1.106256,-2.164193,-0.373577,0.548859,0.178964,1.170029,0.444959
validation,0,0,0.394432,2.063946,-0.522146,-1.461352,0.88354,0.183232,1.416427,0.344791,-0.210849,-0.255457
validation,0,0,0.554522,-0.407037,-0.29815,0.318755,-3.747293,-0.99769,1.325059,0.318341,1.387821,-1.865457
validation,0,1,1.54443,-1.778577,-1.019479,-0.052899,-0.23844,0.616062,0.931726,-1.54825,-0.099066,-0.353467
validation,0,1,0.364479,-0.92645,0.342024,1.761379,1.305723,0.483743,-0.124284,-0.31555,0.428493,0.287646
validation,0,1,1.197445,0.59982,0.661386,1.074832,0.006348,0.571155,-0.481466,0.028938,0.392432,-0.290016
validation,0,1,-0.106593,0.744262,-1.980828,1.02168,0.363631,0.146949,-0.098074,0.345594,-1.605371,0.223931
validation,0,0,-2.161996,0.317674,-0.078701,-1.232785,0.860209,0.314297,-0.121181,1.15477,-1.331694,2.574399
validation,0,0,-0.314193,-0.010341,-0.253503,0.576712,-1.054261,-0.659765,1.236022,-0.142982,1.080279,0.427718
validation,0,1,2.220022,-1.400197,0.47015,0.054204,-1.671036,1.853548,-0.377891,1.107466,-0.685317,-0.98116
validation,0,0,0.082382,-1.615946,-1.686779,0.700425,-1.673801,-0.194006,-1.020608,1.056454,0.678697,-0.527738
validation,0,1,-0.505181,2.374486,-0.505778,0.974051,-0.172892,0.591383,-1.756448,1.527498,-0.283501,1.310044
validation,0,1,0.123059,0.48356,0.11871,-1.707398,0.563728,0.438051,0.333297,-0.157284,1.023672,-0.841327
validation,0,0,0.415408,0.052929,0.460237,-0.383169,-0.540827,0.880647,-0.689285,-1.256633,-0.411019,-0.474434
validation,0,0,-0.861153,-1.749543,-0.108522,-0.515796,0.743553,1.47101,-1.384783,0.681581,0.108436,-0.655009
validation,0,0,-0.551956,-0.404622,0.565052,-0.379967,-1.108629,-0.046326,-0.87448,1.689907,-0.141162,-0.718742
validation,0,0,-1.191786,1.376602,0.375861,-0.38787,-0.346826,0.261223,2.058877,1.53656,-0.351004,-1.158347
validation,0,1,1.591044,0.484159,-0.397099,0.812825,-0.02205,-1.590963,-0.994329,0.809578,0.508172,-0.388647
validation,0,1,0.00849,0.007288,0.53951,-1.208583,0.267554,0.405919,2.158938,0.549321,-0.47626,0.580161
validation,0,0,0.00514,0.930225,-0.423295,0.280583,0.488102,0.986908,-1.189157,1.225399,-0.529983,-0.005585
validation,0,0,-1.309362,-1.658791,0.729451,-0.10451,0.213562,-0.032979,0.488986,-0.583969,1.21212,0.900145
validation,0,1,0.714301,-0.395484,1.50691,-0.831637,0.235573,1.866184,1.077124,-0.40528,0.523495,-0.029245
validation,0,0,-1.190695,-0.8003,0.996256,-0.379376,-0.86557,-1.403004,-0.726612,0.014824,-1.79406,0.151163
validation,0,0,-1.672764,1.08898,1.205845,0.197988,0.630069,-0.264398,-0.071763,0.092294,-2.575949,-0.678624
validation,0,1,-0.967574,0.226193,0.158044,-0.166856,1.103606,-0.169323,0.745634,0.254776,-1.525519,-0.611415
validation,0,0,0.54235,-0.876788,-0.556632,-0.384083,0.513698,0.273956,-2.021134,1.272622,-0.299667,0.113277
validation,0,1,-1.251319,0.108652,-0.855614,-1.660477,-1.622927,-0.612978,-0.375963,-0.172831,0.170686,-1.192384
validation,0,0,-1.033484,-0.196402,0.112064,0.562894,-2.04123,-1.68928,-1.777608,-0.680104,0.449142,-0.189437
validation,0,0,-2.390795,-0.205687,-0.772146,-0.90888,1.041395,-0.047915,0.530266,-1.234681,0.382852,1.66517
validation,0,0,-0.181752,0.428463,-0.248645,-0.101191,2.090039,0.327435,-0.787543,-0.617248,0.803012,-1.492934
validation,0,1,-1.05365,0.783676,0.495881,-0.669952,0.955518,-1.634051,-1.631512,0.336297,-0.418707,-0.301387
validation,0,0,1.189546,-1.28222,1.427802,-0.830466,-0.078315,-1.582346,0.043462,0.359066,0.202001,-0.332663
validation,0,0,1.118045,1.985998,1.12595,-0.763627,0.761546,0.403685,-0.503189,0.452107,-0.319276,0.341065
validation,0,0,-1.058436,-1.826507,0.765442,-1.344258,-0.133894,1.059769,-0.175801,0.781933,0.268004,1.155845
validation,0,0,1.49936,-0.946888,0.068707,-0.016307,-1.389492,-0.282951,-0.807272,-1.193439,-0.326908,-0.144083
validation,0,0,0.752083,-0.059895,-0.266189,1.290803,1.344492,-0.43321,0.343864,0.763273,0.208244,-0.492262
validation,0,0,-0.659884,0.675516,0.792316,0.33077,-0.575807,-1.520828,0.239658,2.143779,-0.24038,0.560472
validation,0,0,-0.969985,-1.046313,-0.540062,1.547905,-0.891303,-0.037735,-0.155143,-0.560206,-0.260774,0.602951
validation,0,0,-0.219986,-0.561187,0.500577,-0.981516,0.573592,2.256778,1.66816,1.840438,-0.714769,-1.661724
validation,0,0,-0.911935,1.128282,-1.249112,1.366846,0.621029,-1.521994,1.463369,-0.094533,-2.620418,-0.028525
validation,0,0,-0.52024,-1.040507,-0.168387,0.239029,0.878033,0.080133,-0.372869,-0.333356,-0.339395,0.155141
validation,0,0,-1.11802,-1.36906,-0.337223,0.950662,-1.396421,-0.19652,0.060339,-0.431089,-0.734655,-0.836138
validation,0,0,-0.775376,-0.45717,0.68692,0.092273,-1.205711,-0.086838,0.567344,0.627985,1.617034,-0.362725
validation,0,1,0.401954,1.91736,-0.123191,0.629658,0.702429,-1.372078,1.103379,-0.726549,0.863071,-0.439995
validation,0,0,-1.12987,0.470235,0.461944,-0.053318,0.050465,-0.37034,-0.430695,0.724479,1.226693,0.099028
validation,0,0,-0.126273,-0.761458,-2.210454,-1.560895,0.800361,0.284467,0.910715,1.049153,1.713067,0.39275
validation,0,0,-1.381353,0.032572,-1.12797,0.546834,-0.107556,0.465892,2.143689,-0.101669,0.352769,1.372199
validation,0,0,0.489507,0.255761,-0.234695,0.479828,1.090137,0.094292,0.696296,-0.208379,0.375367,0.781335
validation,0,0,-2.845946,-0.200031,1.759915,0.092349,-0.72349,1.268509,-2.27473,-1.638437,-0.329314,1.663837
validation,0,1,-1.518485,1.72471,0.62512,-0.157368,0.370611,-0.331155,0.744883,-1.009328,-1.108338,0.022411
validation,0,0,0.218413,0.531257,-1.465511,1.493974,-0.48288,1.32717,-1.053075,0.949792,0.279229,0.070456
validation,0,0,-0.319887,-0.378058,-1.422297,0.451922,-0.319869,-1.548777,-0.509772,0.262209,-1.744395,0.748756
validation,0,0,1.021163,-1.206791,-0.785382,1.06763,0.038382,1.451137,1.691962,-1.028332,-0.303871,1.099707
validation,0,1,-0.368542,-0.875032,-1.807448,0.54026,0.342434,-0.314332,-0.717295,0.181766,-1.359334,0.827614
validation,0,0,-2.742208,-0.825785,-0.335417,0.572582,1.216589,1.457894,0.382448,0.659093,-0.194448,0.669291
validation,0,0,1.050445,-1.252206,0.794714,1.118605,-0.411868,0.093703,-1.783002,0.015052,-1.130526,0.902391
validation,0,0,-1.062244,-0.072764,1.248441,-0.598258,-1.15096,-1.494096,2.357261,-0.342611,-0.302742,0.192998
validation,0,0,0.483974,1.566125,-1.650361,-0.288037,1.526509,-0.923156,-0.085786,-0.397868,-0.772012,-0.200486
validation,0,0,-0.645111,-1.107831,-0.985793,-0.594808,-0.058775,-0.458959,-0.742817,0.527437,0.359818,0.082938
validation,0,1,0.332981,0.100154,-0.297796,-1.322303,1.72309,3.076886,0.232832,-0.758614,1.076169,-1.445565
validation,0,0,-0.485287,2.098473,-0.504492,-1.242412,-0.007817,1.751254,0.463563,-0.581313,0.724356,-0.573868
validation,0,0,0.922427,-0.167369,-1.114736,0.844157,1.092189,-0.948303,-0.802745,1.507618,-0.851801,-0.688967
validation,0,0,-0.098349,0.09748,0.290377,0.924801,0.779739,-1.00298,0.601262,0.317185,-0.167034,-0.320435
validation,0,0,-1.036202,-1.027611,-0.527367,1.753516,0.765844,-0.819284,-0.28003,-0.459766,0.155027,1.039082
validation,0,0,0.227951,-0.380126,-0.7482,1.021605,-0.245131,-0.527067,0.061339,0.661707,-0.386357,1.474107
validation,0,0,0.783274,-0.909211,0.114127,-1.670096,0.223318,-0.486098,-0.042502,-0.187391,0.375653,-2.581907
validation,0,1,-1.548339,0.050789,1.135133,-0.024342,-0.221073,-1.509171,1.093407,0.423888,1.692646,-0.228084
validation,0,0,-1.966638,0.83818,0.34533,-0.095167,-1.771835,0.121981,0.65322,1.146681,-0.208005,-0.184651
validation,0,0,1.140265,-0.240894,-0.828259,0.513259,0.250016,-0.931719,-0.653006,2.11923,-0.676642,-0.035308
validation,0,1,0.036713,1.019109,-0.144702,2.028361,0.31128,-1.432133,0.362627,1.47143,0.611449,-0.375027
validation,0,0,-0.107895,0.864472,1.126724,-0.479986,-0.836219,-0.591645,-1.799133,-0.049213,-0.812286,0.033137
validation,0,0,-0.934719,0.695265,-1.02324,0.312733,-1.362996,-0.468491,-1.718689,0.800138,0.853406,0.65972
validation,0,0,-0.35518,1.34708,-0.682215,-1.655426,-0.342718,-0.447497,0.92391,0.622933,-0.512784,0.976457
validation,0,0,-0.222435,-0.742613,-2.650308,0.117164,1.414055,-0.965507,-0.35881,0.155952,-0.47704,1.376283
validation,0,0,-1.677084,-0.18782,-0.592027,1.900352,0.389905,-1.776983,-1.190686,-0.039273,-0.542752,-0.43476
validation,0,0,1.105657,-1.087102,-0.53438,-1.687512,2.852809,-0.894816,0.739947,-1.433012,0.029961,-0.341518
validation,0,0,-1.128899,0.362776,-0.145013,-1.772067,-0.183917,-1.280581,-0.145989,-1.779623,0.744044,-0.29464
validation,0,0,0.008499,0.323611,0.010234,-0.637063,-0.218128,-0.038967,0.558077,-0.698395,-0.802033,-0.887611
validation,0,0,-0.724359,0.398485,-1.215594,1.121759,0.896942,0.346622,-0.996259,-1.493882,-1.187972,-0.877424
validation,0,0,0.310148,0.790076,-1.291006,0.318992,-1.693749,0.413544,-0.349683,-0.701153,-0.81951,-1.760848
validation,0,0,-0.434992,-1.544797,1.028332,0.459365,0.488285,0.824253,1.573952,1.780091,-2.22832,0.264388
validation,0,0,-0.51249,-0.600655,-0.418934,1.879766,0.489495,1.114711,0.617269,-0.625464,1.665972,0.328266
validation,0,0,0.327791,-1.685873,-0.535317,-0.120682,0.886128,-0.364582,-1.086561,-0.430406,1.168246,0.153943
validation,0,0,-1.74265,-1.671022,0.178465,0.486962,2.307101,-0.858203,1.037968,-1.141998,0.079428,-0.555459
validation,0,0,0.700795,-1.486183,0.346716,-1.25651,0.882845,0.412962,-0.783982,0.85608,0.179499,1.598094
validation,0,1,1.18451,-0.330822,0.857558,0.409461,0.111981,0.964113,-0.804196,-1.413043,-0.063656,-0.034383
validation,0,0,1.099066,-0.399685,0.322337,0.039026,0.215786,-0.051777,1.629207,1.157265,3.395753,1.624157
validation,0,0,-0.372971,0.38242,1.459853,0.594297,-0.565231,-1.019824,-0.851017,0.07286,0.912713,0.255911
validation,0,0,-1.232646,-1.365057,-1.104086,-0.569729,-0.488238,-1.215236,-0.036913,0.902247,-0.311151,-0.664899
validation,0,0,0.369452,1.506992,-1.083395,-0.668585,-0.563004,3.206154,0.017077,0.429044,0.998159,0.309567
validation,0,0,-0.126258,1.836145,-0.99503,1.073391,0.254947,0.236101,-0.873106,0.328327,-0.471338,1.902625
validation,0,0,0.996742,-0.902901,1.068479,0.668303,0.637777,-1.271901,-0.325991,0.748676,-1.589446,-1.202026
validation,0,0,0.740769,-1.149684,-1.811531,-0.094159,0.554396,0.296835,0.17804,0.432718,-0.136832,0.571189
validation,0,1,3.025844,1.968884,-0.429039,-0.270552,-0.683208,0.961623,-0.862547,0.647129,-0.724915,0.020171
validation,0,0,0.277299,-1.798032,-1.190531,-1.330508,0.582637,0.628195,0.074828,1.798061,-0.778982,-0.680175
validation,0,0,-1.28192,-0.601728,-1.871714,0.829798,-0.685345,-0.756544,-1.53117,0.758968,-0.746888,1.592231
validation,0,0,0.436835,-0.457441,-0.591602,1.392,-0.638229,-0.084319,-3.116519,1.781991,-1.551997,-0.710705
validation,0,0,-0.523841,0.55033,-1.226363,1.066163,-1.194883,0.618386,1.431292,0.754328,-0.682446,-1.586834
validation,0,1,0.520462,0.724698,1.559383,0.503744,0.432468,0.164211,-0.64278,-0.382932,0.220504,-0.661574
validation,0,1,1.771943,0.692754,-0.74666,-2.054505,-0.749573,1.264022,-1.583935,-0.230842,2.816933,-0.300645
validation,0,0,-0.064534,0.922809,0.496969,1.46089,1.24143,-0.821049,1.908385,-1.294641,-0.421873,1.082194
validation,0,0,0.246405,-1.392184,-0.043915,-0.152061,0.151168,-0.95405,-1.124569,-0.934123,0.21713,-2.780695
validation,0,0,0.318515,0.391989,-0.187227,1.353768,1.220793,-1.783181,-0.370564,1.036337,1.475933,1.098416
validation,0,0,-0.196971,-0.969077,-0.32128,-0.052426,1.64343,-1.545066,-0.078084,0.845641,0.846237,-0.263905
validation,0,0,-0.930379,-1.222705,-0.55125,-1.144443,0.430493,-1.324815,-1.365549,-0.201153,-0.873503,-0.052273
validation,0,0,-0.982265,1.29794,0.836022,0.642679,-0.897887,0.290234,-1.242566,-0.855424,-0.998006,0.796983
validation,0,0,-0.371615,0.651248,1.696874,1.949089,-1.634106,-1.492829,0.822913,-0.127379,-0.066505,0.692444
validation,0,0,-1.475166,-0.616646,-1.02347,-1.648303,-0.830409,-0.551406,0.332955,0.14605,-0.252523,-1.369953
validation,0,1,0.878343,-0.176872,-0.137692,1.393174,-0.273875,-0.114748,-0.056223,-1.221002,1.496385,-0.37304
validation,0,0,1.600428,0.597467,-0.736606,0.776988,-1.905041,-0.886386,-1.079704,-0.665259,-1.458052,1.312919
validation,0,0,-0.502255,0.318177,-0.847257,-0.977262,-0.208432,-0.711697,0.378488,-0.422156,0.354212,0.635792
validation,0,0,-0.75166,-0.582569,-1.648795,-0.719794,0.895977,1.337724,-0.211621,0.580327,0.745652,-0.604877
validation,0,1,1.33275,0.49274,-0.111088,0.161933,0.762998,-0.026628,-0.677182,0.421002,-1.849359,0.835569
validation,0,1,0.703813,0.687439,0.587703,0.183479,-1.82223,0.049855,-0.302793,-2.074432,0.607462,-0.186945
validation,0,0,-1.44595,-0.850516,-1.297868,0.067472,-0.816571,-0.152883,0.092338,0.566625,0.194819,0.480155
validation,0,0,-1.521722,0.2772,0.902286,1.100265,-0.634237,0.259981,1.397213,-0.341353,-0.114269,-2.33376
validation,0,1,-0.040034,1.498175,0.161517,0.746082,-0.209497,-0.161926,0.048564,-0.35512,-0.351747,-0.442286
validation,0,0,-0.609209,-0.819364,-0.560876,-0.46238,-0.169872,0.405658,0.353999,0.785909,-0.345933,0.852647
validation,0,0,0.31078,-0.436337,2.203611,-0.449375,-0.604612,0.853705,-3.398483,0.338643,0.157417,-0.3608
validation,0,1,3.673097,0.099239,-0.763573,-1.271888,1.008901,0.649967,-2.086216,1.148546,-0.698721,-0.562657
validation,0,0,-0.866437,-1.096753,-0.441854,-0.261055,0.0231,-0.66864,0.269527,0.13996,0.638976,0.789468
validation,0,0,-0.025359,-0.175856,0.06265,-0.307393,0.532233,0.716266,0.661253,-0.729934,1.334445,0.045811
validation,0,1,0.209138,2.711557,1.241622,-0.61892,-0.705643,0.81022,-0.442488,-0.608531,-0.303967,-1.377777
validation,0,1,0.502013,-1.902811,1.457089,-0.440688,-0.235513,-0.68252,-0.363806,-0.409174,1.139108,0.203944
validation,0,1,0.187189,0.829438,-0.813447,-0.148771,-0.770678,-0.333594,-0.518448,0.340995,-0.622589,-0.112556
validation,0,0,-0.53653,0.042385,-1.19967,1.266021,-0.768975,0.722737,-1.292159,-1.282491,0.48394,1.938928
validation,0,1,1.723474,0.835515,-0.826153,0.124391,-0.156801,0.373292,-0.373151,-0.540266,-1.011039,-1.485674
validation,0,0,-0.457589,0.353446,2.939718,0.861928,-1.3848,-0.312917,-0.136663,-0.522091,-0.562597,2.129958
validation,0,0,-0.638531,1.522091,-0.104138,1.353526,1.510369,-0.382141,0.232279,-0.339869,-1.014112,-2.539116
validation,0,0,-0.142246,-1.159347,-0.559768,0.681672,1.294467,0.734166,-1.656399,-0.72603,0.823188,0.443006
validation,0,1,-0.136241,1.33324,0.763471,0.092189,0.396517,1.24277,0.674434,-0.695081,1.494154,-0.575477
validation,0,0,-0.087844,-0.617816,-0.592032,0.89967,0.078641,1.169305,-1.496365,-1.132079,-1.553816,-0.017715
validation,0,0,0.915765,0.444137,1.32436,-1.575792,-0.336327,-0.13029,1.276909,2.177702,0.277097,0.015165
validation,0,1,1.589972,-0.924369,0.555377,-1.025501,0.745673,-0.377419,-0.035198,1.054108,-0.022406,-0.536708
validation,0,0,0.699783,0.421742,-1.633972,0.036714,1.129164,-1.709998,-0.55702,-1.318718,-2.792245,-0.528606
validation,0,0,0.813144,0.346378,0.440365,0.175829,0.738189,-0.586944,0.519229,0.561163,1.189737,-1.112507
validation,0,0,-1.244844,-0.222329,-1.028589,-1.207867,-0.387745,0.433633,0.510262,-0.447101,-0.880307,0.662181
validation,0,1,-1.086324,0.764358,0.093175,0.078933,0.431873,-0.945905,1.027142,-1.002932,-0.397522,-1.306481
validation,0,0,0.445075,-0.15175,-0.840389,0.990995,-0.257497,-0.539319,-0.979244,0.987788,-0.10268,0.205844
validation,0,0,-0.215501,-0.404453,0.873112,0.707269,-0.842384,0.437952,0.308597,-0.861482,-1.843769,0.517105
validation,0,1,-0.587947,0.168107,-0.139565,0.155119,0.442853,-1.416438,-0.360107,-0.715763,0.506932,-0.696121
validation,0,0,0.80893,0.419813,1.543973,-0.22167,0.754706,0.426684,0.285613,1.404843,-0.100817,-0.198514
validation,0,0,0.238327,-0.853512,1.234896,2.867207,0.157594,-1.10326,-1.612725,-0.277968,-0.066157,0.122829
validation,0,0,-1.552454,0.242468,-0.833176,0.123762,-1.100714,-0.63419,0.871479,-0.804953,-0.131358,0.359155
validation,0,0,-1.776638,-0.923196,1.637141,1.013836,-0.23415,-0.350748,0.397032,1.049138,1.312371,-0.266614
validation,0,0,0.737747,-0.828395,-0.621899,0.224717,-0.611045,1.849476,-0.280157,0.234842,-0.021889,-1.865742
validation,0,0,0.336257,-0.662272,-0.093734,1.468946,1.400849,-0.466565,0.506017,-1.475178,1.269115,-1.4326
validation,0,0,-1.447703,0.154555,0.85424,-1.584808,0.566851,-1.124975,0.781212,1.032392,-1.168401,-0.806591
validation,0,0,-0.144225,-1.422133,-0.287225,0.65897,0.898058,-1.298063,-0.756509,-1.482971,-0.93345,-0.759862
validation,0,0,-0.553813,1.376677,0.023744,-1.258771,0.228794,-1.800956,0.812387,-1.596761,0.41901,-1.188611
validation,0,0,0.322205,-0.653341,-0.332966,-0.503818,0.984167,-0.940591,-0.026182,-0.819578,0.394893,1.206723
validation,0,0,-0.346795,0.341279,-1.248699,-0.587935,-0.452775,1.347727,1.23174,0.218667,0.907951,0.317873
validation,0,0,-1.230214,-1.204884,0.949782,1.639894,-1.107881,1.024931,1.04977,1.625147,-1.340315,0.943954
validation,0,0,0.33604,-1.407698,-0.48847,-1.705324,0.10254,-0.527671,1.284282,1.157829,-1.19765,-0.676715
validation,0,0,-1.572073,-0.643943,-0.498271,-0.120254,0.496522,0.38467,-0.77368,1.199068,-0.548091,0.813771
validation,0,0,-0.616455,0.252329,1.170613,0.061556,-0.108037,-0.62786,-0.666573,-0.667697,-1.600167,0.285154
validation,0,0,-0.921354,-0.588456,0.536583,-1.243177,-1.090177,0.336725,-2.326063,-0.627914,0.916107,1.807776
validation,0,0,1.011582,0.555281,-0.570453,-1.278183,-0.519314,0.548069,-1.314711,-0.129377,0.944391,-0.203825
validation,0,0,0.268689,-2.243199,-0.79746,-1.78724,0.618863,-0.542142,-0.941262,1.295103,-0.125283,0.278802
validation,0,0,-1.737632,-0.081184,-1.381786,0.741079,-0.753926,-1.77829,0.380522,0.284848,-0.608281,-0.263689
validation,0,1,0.277831,0.463729,0.362754,-0.103322,2.098709,1.910266,1.833551,-2.016656,-0.803719,-1.571131
validation,0,1,-0.5194,-0.190519,-0.904845,0.594749,0.965326,-0.774789,1.302517,0.246776,-0.510142,-1.145419
validation,0,0,-0.871046,0.661377,1.695038,0.870493,1.76997,0.720687,0.158928,-0.039986,-0.371328,-0.762476
validation,0,1,1.449797,-1.602626,0.672344,1.463433,0.310819,-1.748337,0.564052,-0.498371,1.182402,-0.226135
validation,0,0,1.036043,-2.224696,-0.336158,0.36625,0.672252,-0.495113,1.19124,-0.110496,-1.135572,0.291975
validation,0,0,-1.753066,-2.039375,-0.375445,-0.403353,-1.053769,-0.878564,0.140835,-1.738376,-0.901586,0.639086
validation,0,0,1.111971,0.430344,-1.489395,-1.147979,-2.181464,-0.32698,0.148722,0.100917,0.71067,1.776236
validation,0,0,1.490754,0.370094,-0.46321,0.098889,-1.43858,-0.764599,0.871437,0.404877,-0.391924,-0.294166
validation,0,0,1.91139,-0.210243,-2.501875,-1.161095,-0.020131,1.420318,-0.26359,1.027363,0.553172,0.615857
validation,0,1,0.043324,0.131674,0.150428,0.032187,0.055569,-0.264789,0.744059,-0.804019,-0.129047,-1.003343
validation,0,0,1.652205,0.259428,-0.944035,0.030616,-0.249206,-0.982206,0.71222,-0.757925,0.281497,-0.082858
validation,0,0,1.105725,-1.043219,-0.667588,1.157184,0.155958,1.289014,0.497763,0.162456,1.193504,-0.938632
validation,0,0,-0.551544,0.878312,1.468098,-0.031376,0.626717,0.392851,-0.341609,0.749066,-0.590298,-0.144323
validation,0,1,-0.162371,1.36245,0.370754,-2.068736,-0.363135,0.155251,0.710146,0.585215,0.780511,1.52814
validation,0,0,-0.379002,-1.306651,-1.272827,0.402721,1.195093,-1.222757,-0.770681,2.422533,-1.424938,-1.733157
validation,0,0,-0.091017,-1.053653,-0.994583,0.573435,-0.833889,0.231292,0.679924,-1.302298,0.456938,1.206363
validation,0,0,-1.06385,-0.5191,1.178813,0.610943,-1.596833,0.726574,-0.163289,0.192132,-0.821062,-1.629613
validation,0,1,-0.59154,1.139231,-0.126741,0.630114,0.521892,-0.221841,1.195147,1.400858,0.417454,0.309363
validation,0,1,0.377457,0.837301,0.707962,-1.225459,1.350843,1.876301,0.27827,-0.606769,0.584308,0.338371
validation,0,1,0.625379,-0.034453,-0.450477,-0.757148,0.235515,0.526876,0.445047,-0.513659,0.064336,-0.408302
validation,0,0,-0.60425,-1.006677,0.709186,0.710804,-0.262824,1.808442,-1.150578,0.400996,0.069432,-0.964961
validation,0,0,0.064963,-0.101866,0.085928,0.37629,-0.324358,1.922035,-1.922977,0.438636,-0.877493,0.600421
validation,0,1,-1.567436,1.819492,0.104891,-1.247536,0.183445,0.378523,0.506357,-2.194906,-0.24978,-0.958637
validation,0,0,-0.50189,-0.075687,-1.435282,-0.18769,-0.048094,0.868476,0.135071,0.785808,1.15106,-0.121295
validation,0,0,-0.316764,0.795191,-0.17195,0.171004,1.184781,-1.954388,2.061231,0.880159,-1.085232,0.806759
validation,0,0,0.476216,1.241459,-0.455748,0.77483,0.0331,0.509974,0.029258,0.32468,0.235849,-0.08688
validation,0,0,-0.420843,-1.882579,-0.312734,1.205802,1.263335,0.899173,-0.421924,0.691491,-0.604182,0.284936
validation,0,0,0.953221,-0.400767,-0.143189,0.746419,-1.316953,-0.669196,1.245627,1.294217,-0.857205,-0.477164
validation,0,0,-0.03446,-0.563308,-0.30055,-1.772721,-2.772499,-0.207019,-0.45846,1.391901,0.696458,-0.745216
validation,0,0,0.069189,0.106662,-0.229948,-0.818163,0.01452,-0.787893,-0.182839,-0.613467,-1.621459,0.004146
validation,0,0,-2.220351,0.78341,1.873492,-0.743306,-2.13167,0.954693,0.164612,-0.09484,0.404724,0.760382
validation,0,0,-0.75344,-0.665675,1.506643,0.656117,0.650488,0.935427,0.348519,0.047482,0.323934,-0.696025
validation,0,0,-0.091468,-0.714306,-0.329631,0.529445,-0.269706,-0.693794,-0.047154,-0.08695,-0.586802,-1.511176
validation,0,1,1.870327,1.914358,-0.541887,1.51101,-0.052004,-0.21617,-0.514387,0.658554,0.258672,1.476534
validation,0,0,-1.211971,1.99881,1.203498,-0.203866,0.33274,2.097555,-0.708588,0.736938,0.140425,0.325755
validation,0,0,-1.250205,-0.062512,1.536621,-0.446473,0.358168,0.547203,-0.749922,0.250266,2.030662,-0.707108
validation,0,0,-0.395759,1.418578,-1.096675,0.56785,-0.663556,-0.997401,-0.674706,0.347178,-0.033797,1.181688
validation,0,0,0.625335,-0.586368,-0.601962,0.281768,-0.017986,-1.720121,-0.202383,-0.023233,0.24546,-1.05644
validation,0,1,0.490433,0.509254,-1.104361,0.605085,-1.210446,0.182848,-0.130029,-0.578188,-0.236808,-0.45272
validation,0,0,-2.305544,0.836641,-1.300893,-0.815287,-0.822989,-0.98661,-0.708625,0.945806,-1.803159,0.093209
validation,0,0,-0.648845,0.474057,0.816065,0.468604,-1.41951,0.533052,-0.727646,-1.104614,1.12366,0.70137
validation,0,0,-0.44468,-1.624082,-0.844953,0.710495,-0.62107,-0.659035,-0.340347,1.261679,0.480472,0.589679
validation,0,0,-0.037078,-0.981027,0.397176,0.7756,-0.80427,-0.965898,0.239138,0.268804,0.584278,-0.379211
validation,0,1,-1.21001,1.588969,0.393915,-1.17003,0.358549,-1.029924,0.675264,-0.124759,-1.508456,-0.992706
validation,0,1,-0.471217,-0.176608,-0.11016,-1.399771,-0.520662,0.050115,-0.999542,-0.487703,2.238491,-0.55985
validation,0,0,1.37029,2.240173,-0.134861,1.081258,1.099071,-0.14769,-1.964131,1.5816,-1.069806,-0.487076
validation,0,1,-0.16272,1.278184,0.569706,-0.231107,0.531824,-1.232621,0.780976,-0.939655,0.914477,0.781666
validation,0,1,1.685868,-1.001234,-0.720891,0.768332,1.626313,-1.030093,-0.576411,-2.754268,-1.501676,0.044111
validation,0,0,-0.610091,-2.240111,-1.227513,-1.724813,-0.516771,-1.310045,0.647798,-1.841451,-0.13099,0.771683
validation,0,1,1.175716,1.278985,-0.401555,1.392708,-0.830956,0.494523,0.819339,-0.422882,0.27959,-1.706789
validation,0,1,-0.955472,-1.333546,0.855814,-1.618751,1.403396,-0.029011,-0.527859,0.043356,-0.817317,-1.056462
validation,0,0,-1.794802,-0.218394,2.554911,1.268552,1.331571,0.52277,-0.823376,0.443252,0.436274,-0.271493
validation,0,1,1.018048,0.508973,-1.223902,0.215401,0.206326,0.479977,1.950153,0.320677,1.114035,-0.577956
validation,0,0,1.286747,-0.835095,0.2956,0.507753,-0.682248,-0.037403,1.039063,-0.281987,0.057135,0.936113
validation,0,1,0.430876,0.866986,0.250605,0.704741,-0.271242,0.562719,0.998045,1.470882,0.931042,0.276803
validation,0,0,0.776766,0.390223,-0.00228,-0.626615,-0.011518,0.646186,-1.019086,2.174395,-0.608084,0.264517
validation,0,0,0.510008,-0.336521,-1.451995,-1.695189,-0.861164,-1.371712,0.40244,-1.77404,-0.996443,0.113054
validation,0,0,-0.058283,-0.129113,-0.465774,1.514957,-0.922586,1.035455,1.13142,0.892879,0.636123,-1.514508
validation,0,0,-2.249401,-0.831654,0.73763,-0.107152,1.561985,-0.029264,-0.005574,0.356505,-0.242796,-0.044171
validation,0,0,-0.562015,1.007596,0.301647,-1.665434,-0.966914,1.628594,-1.351145,0.212809,-0.425515,-0.745682
validation,0,1,0.471457,-0.31846,-1.067891,0.882222,0.197868,-0.571904,0.911422,1.613927,-1.26185,0.091581
validation,0,0,-2.678093,1.051082,1.163742,-0.482175,-0.206152,-0.974475,-0.054222,0.60163,-0.688294,0.221968
validation,0,0,1.435457,-0.776251,-0.275869,1.586374,-0.365027,0.131933,0.261723,0.322253,0.273482,-0.830255
validation,0,0,-1.325535,0.269722,-1.473486,1.055526,-1.417392,-0.27834,0.161593,-0.437805,0.19422,0.120601
validation,0,1,-0.128482,-1.563726,0.225269,-0.94572,0.14254,-0.767927,-0.644107,0.249126,0.152817,-1.045007
validation,0,0,-1.05017,0.754139,1.256829,-1.875246,-0.540689,-1.924867,-1.003675,-0.005672,0.493617,-0.27938
validation,0,1,-0.108732,-0.297997,0.519661,0.69777,1.190003,0.543931,1.347829,0.675407,-1.2023,0.04546
validation,0,0,1.661713,1.648447,-1.325799,2.058019,-0.168025,-0.393024,-1.557751,-0.127939,0.030103,-0.010345
validation,0,1,1.411551,1.14465,1.302247,1.203895,0.698599,1.232677,0.43279,-1.371072,0.849445,0.567097
validation,0,0,-0.375137,1.369523,-0.858351,-0.842789,-0.231579,0.422153,0.5127,-0.030339,0.400152,1.782673
validation,0,0,-0.590189,-1.890532,0.625744,1.10971,-1.253873,-2.242449,0.703923,-0.169782,-0.370705,0.734013
validation,0,0,0.738437,0.4512,-1.490145,-0.02281,-1.58957,0.289647,0.571515,1.525234,-1.75598,-1.919773
validation,0,0,0.881902,-0.484747,-0.20673,0.013696,-0.431575,-0.636071,-0.033627,1.45251,-0.346853,-2.114834
validation,0,0,0.970243,-0.133469,-0.647982,0.009976,1.694662,0.536467,-2.711181,-0.458147,0.607888,-0.817158
validation,0,0,0.468455,0.038091,-0.806719,-0.488388,-0.119964,-1.457748,-0.131712,-0.932389,-0.433395,0.234391
validation,0,0,-0.052728,1.572614,0.270445,1.438039,2.500507,0.331338,-0.228339,2.018598,1.210114,0.032663
validation,0,1,-0.850411,0.257019,-0.339168,1.223401,1.100924,-0.628042,-1.138748,0.114212,2.226733,-0.019965
validation,0,0,1.454565,-0.195307,1.000194,-1.087259,-1.297856,-0.819568,-0.777694,-1.412456,-0.613981,-0.389483
validation,0,0,1.035001,-0.520676,0.026898,-0.692711,-1.863831,-0.44143,-0.649718,-0.116876,0.014357,-0.450497
validation,0,1,2.154313,0.083601,0.604326,-0.365371,-1.088838,-1.786998,-0.480387,1.106598,0.200323,0.809763
validation,0,0,-0.145148,1.324886,-0.073797,-1.93887,0.149181,0.671282,-0.18576,0.16268,-0.649524,0.519084
validation,0,0,1.737846,-0.263858,-0.034428,0.273539,1.513507,0.613655,-0.272406,-1.665378,0.254892,0.429316
validation,0,0,0.344398,-0.470103,-0.298747,-1.216684,-0.313967,-0.606047,1.082397,0.573871,-0.976823,-1.556175
validation,0,0,0.042777,0.633359,-1.230561,2.412354,0.629867,0.234294,-0.795571,1.657947,-0.482678,1.318931
validation,0,0,0.718248,0.855699,-2.07667,0.416934,-1.578086,1.261135,-0.14479,0.248104,1.252449,-0.234577
validation,0,0,-1.879128,0.353698,-0.076717,-2.597552,-0.251669,0.732755,-1.555123,1.385313,1.931088,0.047784
validation,0,1,1.550198,0.165684,0.519534,-0.014894,-2.001817,-0.647042,0.068075,1.074099,-2.415068,1.063379
validation,0,0,-0.546431,-0.477067,-1.155751,0.391106,-0.636858,-0.469814,-0.330256,-0.940662,-0.551722,-0.325782
validation,0,0,-0.331594,0.809604,0.917965,-0.137877,0.029737,0.634172,0.168161,-0.27893,1.259857,-0.501632
validation,0,0,0.164359,1.408367,-1.075473,0.276429,-2.719274,0.689725,0.13813,-0.52992,0.849291,-0.398535
validation,0,1,0.975379,0.49978,0.080086,0.117642,-0.560211,-0.415491,-0.650019,0.07208,-0.554452,-0.187413
validation,0,0,-0.532606,-0.576122,0.009045,-1.082512,-0.406842,-0.119714,-1.051804,2.008992,0.290422,1.21156
validation,0,0,1.002922,1.416492,0.899197,0.767649,1.359152,-1.120176,-0.317712,-0.544529,0.920104,-0.493566
validation,0,0,-0.78508,-0.195814,2.366696,0.953749,1.038723,1.339287,2.199268,-0.811623,-0.687887,-1.178119
validation,0,1,-2.044105,2.992225,0.630917,0.134277,-0.875106,-1.715189,0.263255,-1.15327,-1.579127,0.087583
validation,0,0,1.441331,-0.650829,-0.088671,0.25626,-0.519077,-0.26416,-0.597426,0.53983,-1.511939,0.6582
validation,0,0,-1.408364,1.347153,0.422095,-0.752809,-1.245042,-0.440746,-0.051724,-1.532362,-0.364905,0.376057
validation,0,0,-0.530528,-0.991341,0.681065,0.510533,1.255102,0.34371,2.462625,-0.328587,0.277825,-1.446405
validation,0,1,0.556469,0.325034,-0.380139,-0.544475,-0.060398,0.995902,0.785527,-1.665936,-2.010309,-0.803049
validation,0,1,2.803957,0.546639,0.600546,1.813272,0.010866,0.057867,-0.547151,0.664538,0.035585,0.013481
validation,0,0,-0.555283,2.624304,-0.698111,-1.113034,-1.0648,-0.611716,0.343142,-0.201029,-0.857092,-0.912007
validation,0,0,-0.05627,0.959847,-0.443272,0.875763,-1.725947,0.623808,-1.348247,-0.474704,1.24527,-1.727191
validation,0,0,-0.668009,0.223404,1.123405,1.734974,-0.518938,-0.45085,1.086863,0.105845,-0.539881,0.392861
validation,0,0,0.065755,0.510917,1.531282,-0.411015,1.119743,1.087795,0.469413,-0.930944,-0.83802,-0.189551
validation,0,1,-0.03619,0.684337,1.175469,-0.661339,0.758135,0.242245,0.523289,0.176668,-0.880854,2.223146
validation,0,0,-0.97426,0.008148,-0.50432,-0.288526,1.672706,-0.730667,-0.079369,0.361093,1.105969,-0.288481
validation,0,0,-0.486851,0.52007,-0.307598,-0.250167,0.826354,0.595896,0.604037,-1.129213,-0.96934,0.113975
validation,0,0,-1.733756,2.454289,1.479067,0.060123,-0.733866,0.58483,-0.906464,0.485466,-1.121601,-0.265835
validation,0,0,-0.867123,-0.757749,-1.840501,1.370739,-1.521827,1.854741,1.565783,-0.666037,0.310264,-1.31862
validation,0,0,-0.00624,1.326119,0.552708,0.018596,-1.004722,-0.38206,-0.640477,1.442336,-2.130504,-0.754239
validation,0,1,0.788669,-0.722748,0.865425,-2.825749,-1.86053,2.780821,0.331166,0.053817,-0.197192,-0.305289
validation,0,1,0.159611,1.081213,0.425739,1.178525,-0.599674,-0.088176,0.65621,-2.500903,-0.300695,-0.269468
validation,0,0,0.234636,-0.353881,0.665991,0.00225,1.487381,0.36357,1.433541,-0.283945,-1.540711,-0.98417
validation,0,1,1.18979,0.064341,-0.196105,0.878052,1.94822,1.249097,-0.635088,0.0879,1.126313,-1.88043
validation,0,0,1.840547,-0.104891,-0.358853,-0.661646,-0.454752,-0.554905,-2.374279,0.647834,-0.34419,-1.296682
validation,0,1,0.90203,-1.471993,1.083396,1.800155,-0.341821,-1.504964,1.543257,-0.481537,2.49213,-0.21064
validation,0,0,0.06639,0.004525,-1.074958,-0.206495,-1.793895,-0.139068,0.980687,0.125288,-0.56882,-1.781226
validation,0,1,0.301911,0.157973,1.907851,0.636719,-0.65426,0.9753,0.481487,0.852421,-0.44303,-1.173333
validation,0,0,0.016009,-0.645417,1.217144,1.343592,-0.359158,2.131124,1.17341,1.093549,-0.842963,-0.514091
validation,0,0,-0.147926,-0.912902,-0.197916,1.137948,1.45447,1.277827,-2.071733,-0.00427,-0.482855,-0.785274
validation,0,1,1.310271,-0.584308,0.22391,1.957617,0.513623,2.573158,0.540589,-0.071242,0.275441,-0.435106
validation,0,1,1.424794,-0.078743,-0.546253,-0.444532,-0.200251,-0.529747,1.018013,1.350086,0.019268,-0.824463
validation,0,0,-0.63525,0.24218,-1.195084,0.511498,0.789554,-2.099536,0.070582,-1.483129,-0.381839,0.096808
validation,0,0,-1.132623,-1.304811,0.924974,1.37426,-0.473001,0.982748,1.220649,-0.291854,0.177673,0.024368
validation,0,1,0.166527,0.489162,0.776076,-1.394905,0.504999,0.004625,-0.199847,-0.484076,1.323257,-1.293285
validation,0,0,-0.602468,-1.545551,-0.929182,-1.50893,-1.426601,0.08505,0.145077,0.097207,-1.133882,-0.032768
validation,0,0,-0.734192,-1.187913,1.059008,0.791441,0.339516,-0.292084,0.333584,-1.527185,-0.105425,-0.823696
validation,0,0,0.939161,0.013976,-0.57011,-0.020848,-0.202579,-2.635029,1.942107,0.354759,-0.101715,1.216079
validation,0,0,-0.352411,-0.940534,-0.042112,-0.456489,-1.403679,-0.090302,0.556413,0.454294,1.005943,0.445024
validation,0,0,-0.599697,-0.28028,-0.214611,0.651157,-0.066053,-0.341388,0.241682,0.771655,-0.172761,-0.632675
validation,0,0,-0.342919,0.3113,1.320219,1.035567,-1.602477,-1.38926,1.305741,0.487361,-1.085138,1.210275
validation,0,0,0.985205,-0.684181,1.684222,-0.477112,-0.292846,0.526974,0.783959,-0.110398,-1.822382,0.333606
validation,0,0,-1.417481,0.416712,0.049689,0.998606,-0.319563,0.425091,-1.135171,0.237044,-0.418588,-0.299333
validation,0,0,-0.509808,-0.192586,0.094248,0.529816,-0.16627,-0.928255,-1.588504,-0.612918,-0.050874,0.173899
validation,0,1,1.041283,2.009692,-0.365775,0.581111,0.710679,0.150646,0.401327,0.827223,-1.662506,-0.610452
validation,0,0,-0.333336,-0.330598,1.520407,0.760269,1.15999,-2.985775,0.100923,-0.819743,-0.225706,-0.067567
validation,0,0,-0.377174,1.541277,-0.847248,1.228639,-1.389603,1.325799,-0.771715,0.997923,1.210441,1.358847
validation,0,0,-0.153005,-2.00087,0.701526,0.61711,0.757125,-0.598973,-0.274507,0.462398,0.637106,0.041203
validation,0,1,1.377314,-0.339342,-0.217484,1.344689,-0.094276,-2.87377,-0.583742,-0.166186,-1.88331,1.07911
validation,0,0,-1.167135,-0.605354,-1.526125,-1.910653,-1.124534,-1.884166,0.573947,0.459889,1.340641,-0.194448
validation,0,0,0.124518,-0.512079,-0.186396,-0.373848,1.245676,-0.409192,0.190184,1.000995,-0.962483,-0.126588
validation,0,0,-0.126515,-0.027156,-0.198543,1.070276,-0.524645,0.321692,0.527854,1.751644,1.154854,1.020649
validation,0,1,1.34734,0.546255,-0.493114,1.471911,0.802367,0.351651,0.582,1.224962,0.452687,0.759224
validation,0,0,-1.006068,-0.374063,-0.185205,-0.468581,0.673819,-0.375646,0.410991,0.364382,0.390288,-0.354998
validation,0,0,-0.277801,-1.536183,-0.997995,0.099262,0.495639,-0.575658,-0.055159,-0.540887,0.373056,-0.309887
validation,0,0,0.390003,0.565464,-1.323569,-0.07101,-0.184101,0.000676,0.060088,-0.09118,1.913444,-1.970732
validation,0,1,-0.284274,1.103753,0.357309,1.796123,-0.322383,-1.656591,0.094349,-1.191391,0.665858,0.292159
validation,0,0,-1.422638,-0.163102,-1.180002,0.055676,-0.924493,1.048377,0.269367,0.135252,-0.100573,1.32234
validation,0,1,0.671128,0.547069,1.390851,1.129542,-0.626497,1.056025,-0.678777,-0.387285,-0.315843,-0.115023
validation,0,0,-0.340778,-0.884265,-1.199666,-1.245734,1.195698,0.828998,1.575776,0.364854,-0.222587,-0.503739
validation,0,1,0.858287,-1.648055,-1.01051,-0.373808,0.509152,-1.746853,-1.97606,-0.757409,-0.422707,0.250256
validation,0,0,0.386768,1.06957,-2.22617,-0.335042,-0.271466,0.010835,-0.147842,0.429974,-0.244838,1.390745
validation,0,0,-1.699319,0.153497,-0.538077,1.773927,-1.014031,-0.27197,0.554391,-0.357182,-2.043538,-0.097941
validation,0,0,1.36124,-0.948399,0.269785,-0.746883,-0.216639,-0.002412,-0.611099,-0.363418,1.947329,-0.69353
validation,0,0,-1.719445,1.59194,-0.545383,-0.848491,1.405077,-0.205132,-0.259588,-1.375678,0.813509,-0.555947
validation,0,1,1.3911,1.224581,0.843422,-1.182116,-1.947372,-0.803934,0.798835,0.649755,0.17311,0.355133
validation,0,1,1.802873,0.939079,-0.320913,-0.597084,-0.377988,-0.149441,-0.243322,-2.205316,0.068932,-0.334754
validation,0,1,0.570748,-0.520761,0.161426,-0.525783,0.291067,-1.229947,-1.004407,1.260635,1.435452,-0.691508
validation,0,0,-1.045652,-0.250615,-1.591562,0.442903,1.020697,1.171805,-2.320714,1.012635,-0.200239,1.116854
validation,0,0,-3.055172,2.825896,0.700136,-0.526383,-0.773798,3.188696,-2.413615,-1.140059,0.104024,0.432913
validation,0,0,-0.025968,1.182844,-1.309661,-1.137575,-0.97116,0.443893,-0.41325,0.022391,0.208946,-0.959509
validation,0,0,0.752885,0.096474,-1.788892,0.835466,0.691718,-0.363959,-1.296207,-0.2881,-1.063848,-0.170339
validation,0,0,-0.012286,-0.020651,0.193444,-1.084867,-1.300037,-1.877342,-0.185461,1.034934,-0.329011,1.326655
validation,0,0,0.153624,1.665449,0.010054,0.114426,-0.950778,1.241318,0.468329,-0.662072,0.273188,0.589829
validation,0,0,-0.796679,-0.72128,-1.24583,0.736602,0.86256,0.134542,-0.312765,0.763287,-1.202286,-0.357161
validation,0,1,0.472602,1.151675,-0.191233,0.522261,0.279614,1.966778,-0.458123,-2.450005,-0.093934,-1.256071
validation,0,1,-0.037583,0.932521,0.578003,1.564065,-0.371207,0.465281,-1.435585,-0.358063,2.047383,-1.194056
validation,0,1,0.754469,0.3566,-0.240703,-0.419358,-0.144248,-2.012926,-0.116017,-0.981646,-0.091874,1.529491
validation,0,0,-0.060431,-0.88539,3.23817,-0.435226,0.139884,0.969135,1.357039,1.001774,-0.054654,0.410106
validation,0,0,0.262462,0.259361,0.467324,1.221471,0.600622,0.257939,1.431709,-0.119755,-0.322869,0.762884
validation,0,0,1.045691,-0.432732,-0.489633,1.195612,0.474878,0.337291,0.320735,0.699805,-0.002089,0.898385
validation,0,0,-0.781134,0.400485,1.016221,0.614238,-0.438119,-0.282808,-0.018972,0.100644,-1.073736,1.847396
validation,0,0,-1.684526,-0.005139,-0.191151,0.706179,-0.156522,0.689795,-0.459179,-0.15486,0.249708,1.268817
validation,0,0,0.808611,1.193423,0.560015,1.107857,1.158806,-0.463201,0.141384,-1.246015,0.128993,-0.751371
validation,0,1,1.082735,1.526115,-1.682437,0.57209,0.073838,-1.20366,-0.279351,0.181016,0.057932,-0.583233
validation,0,0,-0.982126,2.039424,0.797646,0.66019,-0.710985,0.089462,0.902823,-2.799071,-0.719658,0.775328
validation,0,0,-1.394958,0.747141,-0.265734,1.244281,0.159304,-1.226936,-0.50373,-0.944239,-0.482303,-0.456692
validation,0,0,-1.999529,2.261103,-0.370637,1.162699,-0.272218,1.159768,2.718088,-1.279994,0.086308,-0.641327
validation,0,0,-0.027301,-0.825879,1.554791,-0.143824,0.18819,-0.839456,0.805545,1.387202,-2.072844,0.992551
validation,0,0,-1.003083,-0.372761,0.964533,-0.566351,1.550794,-0.006825,-0.019133,-0.254596,1.592909,0.098423
validation,0,1,0.681038,1.855192,-1.205199,2.024768,-1.530749,-3.742738,-0.396574,1.959313,-1.06676,0.812983
validation,0,1,-1.420811,1.256774,0.238722,1.11793,0.608109,-0.2799,-1.490843,-0.940458,-0.702319,1.824587
validation,0,1,1.133866,-0.428406,-0.130695,1.091669,-0.712654,-0.463034,-1.998461,-0.264211,0.391276,1.958722
validation,0,0,0.159958,0.783133,-0.883312,0.35042,-0.185027,-1.800927,-0.522247,-0.365349,1.934614,1.460554
validation,0,0,-1.696113,-1.032229,-1.760051,0.855165,-0.254739,-0.269476,0.352194,-0.519722,-0.908638,-0.249844
validation,0,0,-2.623198,-1.270754,-0.797813,1.11185,-0.447927,-0.809079,-0.608506,-1.183351,-0.100818,-1.810644
validation,0,0,-0.513786,0.292669,0.192274,0.21284,-1.017049,-1.253514,-0.158868,-0.829254,-0.835218,0.428924
validation,0,1,-0.540488,0.095034,-0.120844,1.393241,-0.573029,0.016231,-1.093476,-0.492631,-1.487593,-0.516972
validation,0,0,-0.431548,-1.297757,-0.362935,0.800844,0.226869,0.536931,0.639866,-0.037302,0.907879,-1.325826
validation,0,0,0.122855,-1.086092,1.65738,-0.989176,1.10004,1.020212,1.013144,-0.255298,0.45457,0.103034
validation,0,0,0.779482,-1.183796,2.375762,-0.288521,-0.87768,0.922473,0.10845,-0.171075,1.243565,-0.334631
validation,0,0,1.053471,-0.027942,1.504132,-0.451859,-0.991654,1.485928,0.914969,0.202443,-0.915514,-1.052526
validation,0,0,-1.338371,-1.803323,0.009561,0.241451,0.081838,1.364079,-0.175056,-0.652529,-0.212778,1.448855
validation,0,0,0.812805,0.247285,0.167545,-0.885359,1.939403,1.622997,0.273555,-0.190782,-0.329477,-0.371111
validation,0,0,0.135308,1.342396,-0.686802,-0.01206,0.70402,-2.250224,-0.770825,-0.082044,0.141002,-1.917139
validation,0,0,-1.965545,-0.830411,2.036132,-0.25391,1.438885,0.2262,-0.323904,-0.559291,1.319121,0.3771
validation,0,0,-0.556218,0.513424,-0.955985,-1.723646,-0.672843,-0.751234,0.894812,0.549472,0.645497,-0.800877
validation,0,0,0.868933,-0.958014,-0.993174,-1.841937,1.229813,-0.157603,0.040382,0.045067,-0.730665,1.623167
validation,0,0,0.958987,0.181812,0.781343,-1.918408,-1.213906,1.466365,1.022734,0.722694,-0.245886,-1.576576
validation,0,0,-1.003111,-1.261329,0.802865,0.236477,1.262282,-0.093572,0.466762,1.843253,-2.017247,-0.541458
validation,0,0,0.215402,0.499346,-3.208863,0.029851,1.157839,0.336166,-0.436747,3.158188,-0.422485,1.022971
validation,0,0,0.47212,-0.37463,0.657136,-0.425208,1.369745,0.777638,-1.224096,-1.98112,-0.967285,1.139205
validation,0,0,1.287716,1.726107,-0.83297,-0.323705,1.702037,-0.342649,0.293587,-0.495924,-0.135542,-0.131261
validation,0,0,1.110671,-0.313733,0.472698,-0.040408,0.59166,1.544757,1.114795,1.001494,-0.442923,0.7057
validation,0,1,1.390557,1.387086,-0.316579,-0.370415,-0.515965,0.286771,-0.730365,-0.251767,2.369451,-0.870258
validation,0,1,1.757333,0.37114,-0.560559,0.083111,0.525901,0.765212,1.583255,-0.046381,0.019338,2.885353
validation,0,1,0.238595,2.454027,-1.034035,1.691696,1.638922,-0.227113,-0.141855,-0.242226,0.429342,-1.880206
validation,0,0,-0.859666,-2.09202,-2.287597,-1.562166,-0.073254,0.296484,-1.376346,1.037577,-0.507683,1.034514
validation,0,0,-2.188578,0.432323,-0.760009,-0.83634,0.177118,0.315689,-0.118353,-0.593172,-0.512646,0.711613
validation,0,1,0.903354,-0.601054,0.174453,0.155036,1.24926,1.247692,-2.183398,0.614231,-1.500274,-0.179138
validation,0,0,0.5282,-0.669478,-0.18484,-0.32025,0.073124,-0.724947,-1.121525,0.288724,-0.947023,0.224898
validation,0,1,0.778288,0.032622,-0.168216,-1.189307,0.908393,0.789965,-1.039029,1.203769,0.790408,0.774716
validation,0,0,-0.032817,0.73371,0.348684,1.961421,-1.813612,0.164064,0.362272,0.491622,-0.226262,1.7088
validation,0,0,1.316365,-0.830924,0.295759,-1.728554,-0.741257,-0.931579,-0.364071,-1.034312,2.651225,0.605095
validation,0,1,1.459789,0.310853,1.432467,1.282945,0.406683,1.250415,-0.756724,-0.144589,-1.59134,-0.843957
validation,0,1,1.2933,1.467697,-0.159953,0.565787,-1.614749,-0.529037,-0.138454,0.354161,-0.01299,-0.953646
validation,0,0,-2.227161,2.746049,-0.093475,0.259075,-0.048639,0.840318,-0.88118,1.042087,-0.541811,-0.297147
validation,0,0,0.790562,0.20248,0.117126,-0.543343,0.246272,1.752047,0.2701,-1.941954,-0.037402,0.42087
validation,0,0,-0.309293,-0.53312,-0.4683,0.565844,1.381098,-0.033511,0.109426,-0.952066,0.745843,0.002499
validation,0,0,-1.279292,0.234376,0.079662,0.482671,-0.70263,0.536447,0.474507,-0.299929,-0.152914,-0.201976
validation,0,0,-0.013442,-0.333653,-1.177225,-1.194918,0.015615,0.201205,1.69191,-0.612541,1.661395,-0.067883
validation,0,0,-2.027123,1.477088,-0.280964,-1.027037,0.317834,-1.040432,0.477695,-0.063119,0.916475,1.166865
validation,0,0,-0.271961,-1.05183,0.023336,-1.168101,0.597297,-0.070405,0.635278,-0.605306,-0.147653,-3.185838
validation,0,0,0.143987,-0.526627,1.194042,-0.410187,0.201062,-1.233703,0.399177,0.562398,-0.142467,1.123778
validation,0,1,1.687879,-0.705729,0.410117,0.648766,-1.795648,1.568775,1.920298,0.852977,-1.988996,-1.394974
validation,0,0,0.930562,0.041594,-0.235413,0.71792,0.520258,2.50937,0.991172,0.421269,-1.224868,0.655407
validation,0,0,-1.2676,-0.285224,0.466808,0.488731,-0.89316,0.593003,-0.243892,0.663559,0.934801,-0.687379
validation,0,0,0.422621,-0.829395,0.531397,0.991456,0.132033,-0.093743,0.414988,-0.565949,-0.514316,1.339946
validation,0,1,0.233387,-0.220687,-1.465905,-2.252739,0.380304,0.708624,1.095981,-0.529712,0.100816,-0.020353
validation,0,0,-0.135263,-1.301948,1.070771,-0.208966,1.589212,0.538695,-0.359455,1.706591,-0.942106,-0.89283
validation,0,0,-0.491302,0.193566,0.426506,-0.394924,0.781735,-0.67149,0.683464,-0.93835,-0.261152,-0.235952
validation,0,1,0.268722,1.895898,-1.41578,0.815299,-0.67595,1.665021,-0.844982,-0.447138,-0.783018,-0.003173
validation,0,0,-0.909916,-1.592736,-0.414043,0.045887,0.367401,1.315892,-1.513533,0.220589,-1.315428,-1.436257
validation,0,1,-2.155025,0.806524,-0.563767,0.422111,-0.867627,-1.558043,-1.797064,-0.519436,0.626017,1.741522
validation,0,1,0.750546,0.996287,0.321243,-0.471955,-1.001815,0.08246,-1.34176,1.008334,-0.018196,0.257115
validation,0,0,-0.263195,-0.317871,0.269172,-0.405237,-0.838805,1.781199,-0.648195,0.241003,-0.533418,0.185557
validation,0,0,-0.394628,0.31954,0.181928,-0.443592,0.734085,-0.832748,0.32283,-0.510686,1.309804,-1.049754
validation,0,0,-0.441793,1.53051,-0.126425,-2.548664,-1.610709,0.076636,-0.171815,-0.395224,-0.241171,1.958162
validation,0,1,0.190214,-0.538039,1.152112,0.328654,-0.265405,-0.224937,0.382769,1.428878,0.743218,-0.662847
validation,0,0,-0.320429,1.6443,-1.240619,0.579772,1.02878,0.938589,-1.775615,1.650765,-1.668805,0.535294
validation,0,0,0.626465,-1.047372,-0.187438,-0.897036,0.434661,-0.282506,1.825716,0.538772,-0.522449,1.113578
validation,0,0,-0.626558,0.228705,-0.661396,-0.554379,0.260783,1.028239,0.652835,-1.395259,0.527542,0.368501
validation,0,0,-0.984368,-0.083478,-0.958229,0.283549,-1.893298,2.606403,-0.753171,-0.000922,0.825206,0.512677
validation,0,1,0.117616,1.746227,-0.486186,-0.39819,-0.213878,-1.546694,-0.720589,0.546887,2.009158,-0.1448
validation,0,0,1.391233,-0.247809,-0.918608,0.35153,0.351119,-1.147852,0.635769,-0.305571,0.53008,-0.72409
validation,0,0,-1.648544,-0.056875,-0.027157,0.603708,1.094118,-0.366671,-0.070754,0.57863,-0.77943,0.645084
validation,0,0,0.686085,0.16014,0.857649,0.158087,-0.211789,-0.622616,-0.510859,-1.090261,0.442615,0.710572
validation,0,0,0.906146,0.659172,0.593916,-0.215747,1.439325,-0.065386,0.280266,-0.733519,0.63172,0.292473
validation,0,0,0.546316,-1.186635,-0.910645,0.758459,0.312514,-0.328845,-0.844448,0.401164,-0.496424,1.347537
validation,0,0,-1.935065,0.457672,0.008511,1.946328,0.497738,-1.292155,0.152485,1.525663,1.322424,-0.557651
validation,0,0,-0.235035,0.751133,1.552492,-1.276907,-1.89362,-1.175883,0.767111,0.001521,-0.153057,0.000349
validation,0,0,-0.785573,-0.151247,2.586199,0.075869,0.00279,-1.009933,-0.32725,-1.424476,0.859518,0.542016
validation,0,0,-0.426817,-0.490156,1.627897,-0.332796,0.190593,0.130712,0.829418,-0.06547,2.081151,-0.612874
validation,0,0,0.957161,-0.29821,0.729163,-0.143013,1.006158,-0.472134,0.757315,-0.204501,0.941964,1.240727
validation,0,1,1.121401,-0.073492,-1.632074,-0.357457,-0.131164,-0.948287,1.332193,-1.043448,-0.522745,0.417071
validation,0,0,-1.609191,-1.441449,-0.418579,-0.667066,0.111407,1.84045,-0.027878,0.617064,-0.024599,-0.40933
validation,0,0,-0.32184,-1.172338,-0.534948,0.75995,1.919885,0.236649,0.20532,0.942608,-0.104566,-0.476981
validation,0,0,-1.432365,-1.152786,0.82585,2.418194,-0.776262,-1.363199,0.079636,0.090562,0.214878,1.40927
validation,0,0,-2.364903,0.284387,0.271592,0.158745,-0.632267,0.235035,-0.837343,-1.27914,-0.334385,-1.535767
validation,0,1,0.802562,-0.347348,0.746821,-1.018501,0.609372,3.042565,1.258294,-0.459825,0.094182,-0.840794
validation,0,0,-0.947292,-0.427671,-1.380753,-1.080605,0.233184,-0.905512,0.908089,0.866452,0.133414,-0.359696
validation,0,0,-0.642781,-1.22849,1.230607,1.990758,1.135053,-0.839943,1.155767,0.305261,-1.73431,0.141217
validation,0,1,0.1673,1.703548,-0.370818,-1.136773,-1.9555,0.770621,-2.230573,0.731725,-0.104152,-0.492677
validation,0,1,0.691196,-1.267393,2.011429,0.413679,0.357325,-0.491903,-0.404394,-0.177233,-0.105618,0.327718
validation,0,0,-0.465287,-0.392504,-1.394177,-1.705524,-0.86564,0.632655,-0.432937,0.416965,-0.834751,0.532172
validation,0,1,0.99482,-0.214891,0.398597,0.877356,-0.777205,-1.331266,1.116292,-0.500288,1.944598,-1.238339
validation,0,0,0.740999,1.219857,-1.468827,-1.108767,-1.694026,0.493434,1.196967,-0.381344,-1.622001,0.577251
validation,0,0,0.032919,-1.142372,-0.111616,0.752074,-0.762477,-0.786497,0.486404,-0.41514,0.775738,0.042454
validation,0,0,-0.341834,0.35813,-1.164713,0.242218,0.995491,-1.020973,-0.181208,1.036362,-0.541612,-0.644046
validation,0,0,-1.470516,-0.613444,1.243856,-0.244131,-1.177257,-1.572315,-0.586776,0.246315,-0.6466,0.249299
validation,0,0,1.437816,-0.456728,-0.805589,-1.23309,0.210773,-0.958833,0.327534,0.376646,1.038306,0.617912
validation,0,1,-0.062814,0.660585,1.233875,0.392288,-0.635917,1.557907,-0.053827,-0.837217,-0.045049,-1.928436
validation,0,0,-0.603988,-0.674095,1.01293,0.476717,0.875972,-1.193259,1.810461,-0.964775,-0.655153,-0.775896
validation,0,0,0.627124,-1.647662,-0.319413,1.270505,-1.02684,-0.531205,-2.680501,0.373739,-0.002861,1.59172
validation,0,0,0.016598,0.049109,-0.472939,-1.872523,-1.178158,-0.490062,1.27252,1.409694,0.467412,1.374949
validation,0,0,1.524944,1.803243,-2.223265,-0.290865,-0.187975,-0.750554,-0.680735,-1.395442,-0.941757,-1.435885
validation,0,0,-0.561245,0.962432,1.297264,0.176832,-0.468815,0.945555,0.375875,-0.196953,-0.77862,-0.266058
validation,0,0,-1.045005,0.559254,-0.114229,-0.264505,-1.11948,0.459226,-0.189941,1.143779,-1.347408,-0.724145
validation,0,0,-1.537046,0.918448,-0.392508,-0.649796,-0.212028,1.344308,0.189209,-0.742378,0.291678,-0.866844
validation,0,0,-0.916206,0.237841,0.349259,0.486624,0.650978,-0.222393,-0.610652,0.041526,-0.868791,0.836462
validation,0,0,-0.587631,1.398964,0.047725,0.3772,-0.365605,0.24271,-1.901631,-2.016441,-0.388864,-1.534554
validation,0,0,1.974524,0.14616,0.744078,-0.332182,-0.173888,-0.265307,-0.200495,1.137494,-0.823989,0.495352
validation,0,0,0.128516,-0.360935,0.41772,-0.288588,-0.219058,-0.088528,0.240517,-1.430443,1.080555,1.639893
validation,0,0,-0.93802,-0.124588,-1.7523,0.646162,1.221293,-1.04303,0.03363,-1.984833,-0.438523,-2.325296
validation,0,0,-0.562547,-0.671007,-1.284869,-0.222414,0.274761,-1.032038,0.512601,-0.885672,0.160945,1.171432
validation,0,0,0.1322,1.398616,1.349544,-0.678168,0.620607,-1.085527,-0.751163,-1.87102,1.287962,1.629219
validation,0,0,0.341857,0.143048,-1.427459,1.126687,0.109475,-0.633354,0.456322,0.348688,-0.668876,0.443172
validation,0,0,-0.385896,2.099373,-0.422489,-0.246999,1.074005,-0.801993,0.100778,0.235575,-0.975886,0.135555
validation,0,0,-0.181025,-0.920437,0.507944,-0.161068,0.427654,-0.270754,0.768323,1.732593,-1.730922,0.881332
validation,0,1,-0.764748,1.062139,1.119007,0.295645,-0.835215,-0.378891,0.445428,-0.655002,0.108473,-0.969534
validation,0,0,-0.538632,-1.16589,-0.451267,0.815057,-0.520944,0.384554,0.101654,-0.142677,1.391973,-0.47742
validation,0,0,0.631997,-0.307656,1.017141,0.183945,-1.887532,0.166919,0.359742,-2.393271,0.823582,0.48228
validation,0,0,0.771035,0.669854,0.248983,0.442202,-0.453604,0.989254,-2.689066,0.39017,-0.661117,-1.164215
validation,0,0,-0.932359,0.383845,0.309091,0.285518,0.618304,-0.55762,1.274203,0.539721,0.221577,0.358574
validation,0,0,-0.764656,0.337005,-0.46796,-0.590746,0.93206,-1.872904,0.862613,1.244534,-0.340737,0.985349
validation,0,0,1.133093,0.219341,1.208747,-0.336628,1.663794,-0.540325,-0.848668,-0.639894,0.058442,-0.400389
validation,0,1,-0.066061,-0.92476,-0.180781,0.645886,0.085686,-0.312339,0.832723,-2.2719,1.689347,-0.243138
validation,0,0,-0.471903,0.257683,1.499233,-1.986032,-0.146125,0.088059,1.92064,-0.695441,0.688331,0.680874
validation,0,0,0.454019,-1.444404,-0.578597,1.486308,1.683483,0.003712,-0.371181,1.400124,0.937966,1.279074
validation,0,0,1.865526,-0.01486,1.74162,1.065656,-1.174368,2.366338,0.106042,-0.328473,0.119821,0.03865
validation,0,0,1.02087,-0.092156,-0.265211,-1.47693,0.726962,-0.720034,1.084409,-0.124696,0.151141,-0.286087
validation,0,0,0.332475,0.04336,-1.008063,-0.757062,-0.889934,1.002896,-0.23597,-1.879223,0.707258,-1.894947
validation,0,0,0.358066,0.521901,1.231659,0.779091,-0.884695,0.078799,1.162286,-0.863278,1.34178,-0.041415
validation,0,0,0.883041,-0.779818,1.96291,0.266312,-1.5878,0.53404,0.04454,-0.85526,-0.667251,0.120023
validation,0,1,0.306727,0.347878,-0.490137,-0.381286,-1.223347,-1.971978,-1.969597,-0.139885,0.69416,1.696283
validation,0,0,0.733267,-0.074604,-0.77792,-1.644939,1.501084,-1.143792,-0.43942,1.176807,0.386881,-1.666638
validation,0,1,0.618158,0.160421,2.066169,-0.014254,0.382254,-1.324586,-0.778075,0.636563,-0.18054,-1.467075
validation,0,0,-0.25391,-1.622953,-0.19773,-1.588031,-0.208576,0.051241,-0.434224,-1.058469,0.373686,-0.614449
validation,0,0,-0.582421,-0.741459,-1.465726,0.322538,0.586312,1.561135,0.61239,-0.807726,0.255573,0.979764
validation,0,1,0.927823,0.178005,1.488106,0.654073,1.177643,-0.67802,-0.622237,0.256744,-1.176262,2.207667
validation,0,0,-1.760707,-0.55132,0.166822,1.611633,-2.197849,-0.574678,2.522093,-0.26387,-0.225049,0.061313
validation,0,0,-2.15915,0.547047,-2.764646,-0.703224,0.297093,-0.967912,1.165913,0.220069,0.404487,0.405487
validation,0,0,-0.573564,-0.361722,1.414533,-0.641465,0.282929,-1.43619,0.842116,0.363837,0.1411,0.416914
validation,0,0,-3.120315,0.302236,1.321707,-0.946951,0.166942,0.622628,0.136313,-1.002678,0.087952,0.477529
validation,0,0,-0.238612,-0.014217,-0.039607,1.263361,-0.224771,0.301055,-0.356242,-0.188464,-0.247994,0.251897
validation,0,0,-1.551976,0.662157,1.291526,0.328017,0.293299,-1.201896,-0.159025,-0.083304,-1.560317,1.015681
validation,0,1,-0.100346,1.594121,-0.007045,0.046693,0.393916,0.29583,0.868289,-2.132921,-0.732118,1.421698
validation,0,0,0.281724,0.10187,-0.024379,0.313765,0.047874,-0.019674,-0.939353,0.244502,0.195781,1.27333
validation,0,0,1.311874,-1.152146,1.413994,0.634964,-0.923392,0.355477,0.349442,-0.814461,0.382875,0.160795
validation,0,0,0.966164,0.613217,-2.248209,0.378986,0.231193,0.856744,-1.308942,-0.654998,-0.81208,-0.711751
validation,0,0,0.326602,-0.865485,1.036658,1.209605,-0.606964,0.799024,-0.859576,1.103127,0.903242,-0.010887
validation,0,1,1.896349,1.137191,-0.043476,0.544326,0.618294,-0.350137,0.760664,2.005635,0.01987,-0.936544
validation,0,1,1.614629,0.092067,-1.192542,0.04027,-0.59947,-1.561039,-0.651249,-0.686122,0.711091,1.228951
validation,0,0,0.613685,-2.101357,0.333658,1.021166,0.542014,0.46285,-0.155441,0.927447,-2.187206,0.494898
validation,0,1,0.260425,1.52953,-0.009036,-1.419869,1.518507,0.029508,-1.439218,-0.021944,-0.176888,0.098131
validation,0,1,0.919216,-0.609348,-1.484013,-0.921269,2.363299,-0.963908,-1.182839,1.426673,1.918548,-0.047627
validation,0,0,-0.672015,0.313279,0.686829,-1.21882,-0.879196,0.126217,0.638874,0.751242,0.979766,-0.779905
validation,0,0,1.086823,2.289332,-1.629084,0.935805,0.764279,0.645014,-1.036705,-1.641624,0.978402,-1.976008
validation,0,0,-0.089667,1.317503,2.484566,1.376528,0.792028,0.615313,0.054191,-0.707609,0.707562,0.65553
validation,0,0,1.547835,1.127414,-0.653846,-0.079008,0.546497,0.89196,0.588017,1.456777,-0.721741,-0.327135
validation,0,1,0.790888,0.145439,-1.473915,-0.249831,0.959939,0.353641,-2.032233,1.447156,-1.482311,-2.072664
validation,0,1,0.614469,1.709753,0.08872,-0.330199,-1.37802,1.805954,0.573507,-1.668523,0.627036,0.090621
validation,0,0,0.140983,-0.117528,0.363744,-0.098228,0.294427,-0.349805,0.222395,0.408256,0.577621,0.761013
validation,0,0,-1.072737,2.111446,1.272681,-0.079161,-0.379874,0.37365,0.149238,0.053916,0.929811,0.328388
validation,0,0,-0.835215,0.93365,0.027468,0.468908,1.364722,-0.71398,-0.833237,1.009671,-1.174183,-1.493215
validation,0,0,-0.012569,-0.321193,0.869991,0.21636,-0.382681,1.206778,-0.347347,0.164534,2.211396,-4.473423
validation,0,0,1.755615,0.466415,1.377946,0.573248,-0.52219,-0.356211,1.200912,-1.250604,-1.534636,1.54497
validation,0,1,-0.517611,0.897275,-0.39555,0.860422,-0.241773,1.449361,2.738626,-0.099841,-1.543729,0.497397
validation,0,1,-0.578991,0.9141,-0.229055,0.701503,0.125259,0.731853,-0.326337,1.119192,0.285711,1.059526
validation,0,0,0.813613,-0.270768,0.085868,-0.899787,-0.090212,-0.996423,-0.312434,-0.347063,-0.014723,0.663412
validation,0,1,1.533143,0.216206,1.058828,0.430212,-0.44149,-1.669616,2.633555,-0.654272,0.832904,0.476434
validation,0,1,-0.356099,-1.404005,-0.480482,-0.200913,0.171843,0.145214,-1.42725,1.768564,-0.572527,0.782095
validation,0,0,1.092134,0.373398,0.330604,-0.066604,-0.857134,2.150473,-1.280556,-0.939417,0.083627,1.451809
validation,0,0,-1.76345,1.172904,0.064978,1.223293,-0.335697,0.833826,-0.521222,0.990377,0.382986,0.257255
validation,0,1,-1.689947,1.604533,-0.358116,-0.917562,0.531531,-0.11462,-0.357728,-0.298451,0.263691,1.113892
validation,0,1,0.16918,1.28998,-1.407653,2.039899,-1.022584,-0.398324,0.286367,-0.225844,1.545114,1.087761
validation,0,0,-0.825999,0.750325,-0.826225,-0.141761,1.885353,-0.315596,0.946298,-0.708844,-0.733452,-1.153807
validation,0,0,0.414457,0.16755,-0.420284,-0.82096,-0.645614,0.969542,0.192779,0.842284,-0.519644,-1.17364
validation,0,0,-1.071836,-0.261129,-0.660498,-0.034222,0.127244,-1.98695,0.796666,-1.070496,-0.342192,0.211318
validation,0,1,0.456446,-0.952257,0.069523,-0.277902,0.020099,1.41737,0.285472,0.465947,0.451915,0.300071
validation,0,0,-0.505095,-0.45905,-0.503172,2.294561,0.497855,1.544689,-1.476463,0.049927,0.533561,-0.645408
validation,0,1,0.110133,0.193464,-1.269428,-0.614343,1.204949,-0.75161,-1.265511,0.583474,0.850918,-1.199392
validation,0,0,0.228888,0.641651,-0.564517,-0.248296,-0.100997,0.134221,-0.826732,-1.213746,-1.195782,-1.227186
validation,0,0,-0.321768,-0.131458,-0.329763,1.202009,-0.443756,-1.010872,-1.137808,0.753918,-1.685744,0.018588
validation,0,1,-0.802094,1.53114,2.823207,1.984285,-0.982827,-1.192797,1.212156,1.999062,-2.436027,1.233027
validation,0,1,0.854625,2.157083,0.812968,0.017781,0.210399,-2.917882,1.007591,0.839676,-0.017552,1.468138
validation,0,1,0.891385,0.596783,-0.792314,0.073647,1.031182,-0.69518,0.123507,-0.609795,-0.371505,1.055867
validation,0,1,0.571555,1.076583,-0.461783,0.620618,1.332133,0.189709,-1.914242,-0.235963,0.479019,-0.353921
validation,0,1,-0.058859,0.841509,0.417344,0.797839,0.404824,-0.510577,2.830757,0.14866,-1.817795,-0.726304
validation,0,1,0.735159,0.338277,0.121941,0.856215,-0.930497,-0.178748,0.8337,1.250911,-0.751683,-0.949333
validation,0,0,-0.184917,-0.431383,1.226393,-1.884901,1.609644,-2.088586,0.382503,-0.487487,0.446361,-1.012985
validation,0,0,-0.314661,-0.201111,-0.991145,-0.67111,1.002394,0.753123,-1.254135,-0.305484,1.378259,0.258461
validation,0,0,-0.07929,2.980534,-1.649684,1.30445,0.35139,-0.282618,0.462267,0.063271,-0.384395,1.014298
validation,0,1,-0.412353,0.406516,-0.456483,0.755729,1.557645,-0.732461,-0.312141,1.136604,1.138067,1.881334
validation,0,0,-0.789053,1.088215,0.577609,-0.018604,0.588418,-0.438431,-0.978866,0.624313,-0.913643,0.588544
validation,0,0,1.764991,-0.286357,-0.583353,0.290106,-0.612302,-0.741005,-0.896206,-0.645158,0.129678,0.693816
validation,0,0,-0.498999,0.419609,0.682273,-1.03025,1.51715,-0.127614,0.118976,0.123564,0.017254,0.799014
validation,0,0,0.770173,1.731898,1.560594,-0.88103,0.70563,0.020012,0.971954,1.127668,1.788926,0.885754
validation,0,0,-1.774091,0.664717,-1.506954,-0.727014,0.704961,0.686896,0.057244,-1.009201,1.669628,-1.290824
validation,0,0,-0.383125,1.58884,-0.449568,0.466979,-0.467004,0.616254,0.037379,1.703509,-1.234824,1.710062
validation,0,0,-0.083559,-0.925432,0.43346,1.033275,0.90545,0.180539,-1.287726,-0.471744,-0.322639,-0.296761
validation,0,0,-1.955672,-0.725953,0.353297,-0.212114,0.776229,0.286372,0.782612,0.033733,-0.093366,-0.942515
validation,0,1,1.87628,0.642182,-0.928066,0.251646,-0.146328,1.102009,1.177041,-1.104782,1.239682,0.988475
validation,0,1,0.626685,-0.341281,0.498312,1.018066,-0.134121,-0.691919,-0.424485,1.141672,-0.320465,0.724438
validation,0,0,1.465625,0.005402,0.20169,0.739518,-0.530482,-0.773356,0.626907,0.372451,-0.093071,1.159253
validation,0,0,-0.566647,-0.027811,-1.650937,1.07112,1.017445,-0.945865,0.35829,0.359892,-0.536034,0.133691
validation,0,0,-0.944354,-0.204205,-0.43648,0.214269,-1.941061,0.003034,-1.319007,0.395601,-0.425609,-0.694498
validation,0,0,-0.090594,-0.101596,-0.880266,-1.363709,0.094539,-0.343258,1.151971,-1.388385,0.114295,-0.463698
validation,0,1,-1.033987,-1.420084,0.634571,-1.219504,-0.720182,-0.555944,0.824113,-1.178185,1.502128,1.549895
validation,0,1,2.383639,-0.593137,0.375772,2.645396,0.680562,-0.648447,0.626129,-0.694625,0.646457,0.154637
validation,0,0,-0.797648,-1.47353,0.347493,-0.2841,-1.05869,0.20066,0.811097,1.307681,0.30337,-1.286978
validation,0,1,0.259138,-0.220934,-0.370128,1.65749,-1.222519,0.343879,-1.901724,-1.335342,1.349986,-0.623479
validation,0,1,0.290969,1.097014,2.076968,-0.572136,0.684997,0.505136,1.277099,-0.668342,-0.552557,0.970813
validation,0,0,-0.761815,1.037151,1.348766,1.002436,0.168612,-0.067895,-0.581206,0.189917,-0.272061,1.40053
validation,0,0,-0.971951,0.156683,0.171094,-0.264285,1.720724,0.772202,1.505842,-0.450637,2.130031,1.229495
validation,0,0,1.119701,0.327056,-1.621891,-1.232674,-0.728411,0.898581,0.178754,1.105682,1.063964,1.999652
validation,0,1,-0.373328,-0.236995,1.071662,-1.038702,-1.061998,-0.251453,2.111174,0.182071,-0.089958,1.812238
validation,0,0,0.26529,1.553136,-0.053401,2.188512,0.389107,-1.549968,0.520535,-0.297823,-1.472412,0.195388
validation,0,1,0.126381,0.016782,1.687884,0.793293,-1.565631,0.00788,-0.764974,-0.385903,-0.148777,-1.627051
validation,0,0,-0.586345,0.628909,-0.48181,1.318154,0.009521,-0.088467,1.29464,-2.534174,-1.167467,0.570708
validation,0,1,-0.833339,1.369073,1.160199,1.13858,-0.254241,-0.039365,-0.726518,0.625559,0.027099,0.042848
validation,0,0,0.221396,-0.991622,1.24962,0.098604,-0.532741,0.752649,0.255964,-0.673421,0.391902,-0.079786
validation,0,0,-0.096619,1.499784,-0.572967,1.185702,0.346882,1.050377,-0.286773,-0.691344,1.27963,1.516586
validation,0,0,1.094345,1.261535,-0.779296,1.159097,-0.932326,0.356538,2.195264,-2.275057,0.697263,0.631905
validation,0,0,-0.02148,2.2511,-1.49228,0.421096,-0.255025,-1.120274,1.025004,0.765825,-0.302765,-0.497109
validation,0,0,-0.494675,1.890089,1.27344,-0.412808,-0.080088,1.270409,0.690783,-1.588312,0.916853,-1.256035
validation,0,0,-1.607966,-0.074554,0.510006,-0.517031,1.26074,0.904256,0.35654,-1.03031,1.721698,-0.015142
validation,0,0,-0.648879,-0.261037,-0.935586,1.70308,1.070173,0.555403,-0.822791,-0.338152,-0.655644,-1.802584
validation,0,0,0.876804,1.5458,0.594395,-0.711299,0.977261,-1.25553,-0.973921,1.167377,-1.338307,1.075185
validation,0,1,-0.886468,0.509045,0.543754,-0.904575,-0.193567,0.936578,-1.818861,0.034819,0.275501,-0.209085
validation,0,0,-0.547068,0.574599,-0.777313,0.904509,0.018509,-1.89116,-0.101969,0.756874,-1.217602,0.150567
validation,0,0,0.39888,0.971071,0.146962,-0.466477,-0.829811,2.114928,-1.63689,-0.241139,-1.284108,-0.904509
validation,0,0,0.939059,-1.578199,1.350622,-0.798022,-0.708424,-0.190698,-0.168732,-0.750529,-2.762842,0.706729
validation,0,0,-0.139254,2.48539,-1.694613,0.371191,0.833663,-2.587933,0.591462,-0.759444,0.013846,-0.082283
validation,0,0,0.350582,0.843275,0.052202,1.559599,-0.206574,-0.764916,1.758663,-0.010835,0.176772,0.827056
validation,0,0,-0.942006,-0.581775,1.629981,-0.10535,-0.381644,-0.3183,-1.185049,-1.070184,-1.979288,-0.396046
validation,0,1,0.265103,0.714318,-0.40845,0.25268,1.020211,0.751298,-0.721063,2.044,-0.83654,-0.689669
validation,0,0,0.201303,-0.287095,0.78141,1.168886,0.013539,0.832112,-1.140647,1.171515,0.216545,1.779532
validation,0,0,-0.173696,1.301884,-1.456663,-1.267234,0.230576,-0.744386,-1.601807,-0.294476,-0.190152,-0.085942
validation,0,0,-1.267178,0.155083,-0.502443,0.088634,0.814646,-0.614639,1.513929,0.839608,1.3108,0.523199
validation,0,0,-0.577317,-0.497938,0.019825,1.879465,-1.409425,0.326114,0.791958,0.691442,1.212627,0.301072
validation,0,0,-0.395985,-0.760046,0.451926,-0.393098,-0.502001,-0.292706,0.030683,-1.790938,0.845116,-0.094148
validation,0,0,0.558207,-0.031681,0.833357,1.837335,0.613331,1.287896,1.970535,-0.325045,-0.103733,-0.844981
validation,0,0,1.136225,-0.147005,1.33066,1.311541,-0.817774,0.308251,0.614277,-1.842294,0.176768,2.486999
validation,0,1,-1.410794,0.377317,-0.99979,-1.036355,-0.02344,-0.018891,-0.716849,-0.665041,-1.461047,1.242572
validation,0,1,0.718801,-0.062316,0.425422,1.371538,1.012664,0.755015,-0.138427,-2.381183,0.882283,-1.465757
validation,0,1,0.647101,-0.203314,0.558319,-0.007043,-0.057741,0.592409,-0.911215,0.20627,-0.561327,-0.183693
validation,0,0,-0.735939,1.253055,-1.507598,0.168051,-0.398482,-0.410708,1.802649,-1.277608,0.81994,0.857248
validation,0,0,-0.219434,0.750876,-1.234636,0.275225,1.143489,0.69617,-1.527172,0.162272,1.919092,-1.832214
validation,0,0,0.615579,0.396679,-0.579646,-3.009629,0.386907,0.478155,0.140965,-1.44129,1.700586,-2.56024
validation,0,0,-0.35801,1.04073,0.296428,0.690261,0.488818,0.177018,1.486311,-0.511961,1.070023,-1.439291
validation,0,0,0.450429,0.562112,-1.325845,1.481791,-0.548203,-0.118039,0.272431,0.719911,-0.800468,-1.295309
validation,0,0,-0.945304,0.187908,0.164593,-0.637311,-0.081298,-0.524356,-1.110364,-1.974743,0.98726,-1.037754
validation,0,0,0.263734,-0.335162,-0.941117,0.269073,0.26947,0.846828,0.364425,0.404092,0.119518,0.82388
validation,0,0,-0.282491,-1.466541,-0.548374,0.783605,-0.384303,0.324865,-0.355223,0.239634,0.489875,-0.468006
validation,0,0,0.237667,-0.231595,-1.236391,-0.988064,-0.033352,-0.585305,-1.761815,-0.157113,-0.763524,2.028287
validation,0,0,0.667883,0.151764,0.484701,0.555843,0.251698,1.202388,-0.543911,-1.026819,-0.493643,-1.774446
validation,0,0,-0.244681,1.078233,-0.953586,0.451154,-1.042609,-1.847102,0.467303,1.776111,-1.529198,-0.357471
validation,0,1,0.727109,1.13904,1.151245,1.304122,-1.23626,-0.33559,-1.61592,-2.829179,-1.725361,1.567397
validation,0,0,-0.129915,1.387366,0.047287,2.01591,-0.116834,-0.989987,-0.449272,0.064977,-0.439745,0.826773
validation,0,0,-0.125358,0.172268,-0.089262,0.143506,2.191031,0.889263,0.108811,-1.845568,1.302585,-0.910056
validation,0,1,0.580631,-1.295748,-0.537118,0.296412,-1.523823,0.177647,-0.939862,-0.384244,-1.657681,1.08668
validation,0,1,-0.755251,0.326117,-0.559613,-0.75696,-0.357983,0.868754,0.518096,-0.068254,-0.919367,0.896185
validation,0,0,1.015719,0.907827,0.644603,0.519317,0.19581,-0.181562,1.176376,0.612938,-0.781303,-0.942439
validation,0,0,-0.145971,-2.650298,-0.833921,0.417798,0.708984,-0.77958,-0.049332,-1.307687,0.151358,0.038434
validation,0,1,0.866683,-0.648371,0.955859,-0.958158,0.503595,-1.226269,-0.897273,-0.313437,0.028475,0.366047
validation,0,0,-0.095537,-1.87783,-0.315055,-1.619701,-0.600728,0.625381,2.005478,-0.229563,1.324283,0.420835
validation,0,0,-1.273782,0.174597,1.094543,-0.512426,0.381523,-0.309604,0.710984,-1.294958,0.484284,-0.714365
validation,0,0,-1.052371,-1.556567,-0.840911,-0.256934,-0.993925,-0.35968,-0.698629,-1.164255,0.91002,1.412998
validation,0,0,0.373114,0.579724,0.650093,-0.26642,-0.426531,1.224121,0.951672,-0.686901,1.976744,0.492924
validation,0,0,-0.071645,0.38751,-0.541782,0.42978,0.939542,-0.216938,-0.100864,-0.376218,1.185534,-1.786146
validation,0,0,-0.38682,-0.801433,-0.800573,0.245417,0.847294,0.339543,0.235347,0.485647,-0.815454,0.239226
validation,0,0,-0.392169,-2.496863,-1.817971,1.403249,-0.142427,-1.107379,-0.86796,-0.180818,1.621658,2.320031
validation,0,0,1.185785,0.051516,0.427228,-0.277402,-1.594619,-0.263349,-1.031492,-0.674466,0.398001,-0.452405
validation,0,0,0.200718,-1.186813,-0.795739,-3.149348,-0.928404,0.576327,2.106063,0.038729,-0.012429,-0.997258
validation,0,0,-1.445675,-1.838518,-0.770836,-0.649252,0.069684,-1.623294,0.084737,-0.309422,0.182681,-0.038456
validation,0,1,1.10932,-0.191517,0.532771,-0.889134,-0.514259,-0.357133,0.303267,-2.061184,-0.577333,0.939991
validation,0,0,-0.579794,0.706048,-1.62541,0.968065,0.73641,-1.008309,-0.772755,1.057165,0.057208,0.354742
validation,0,0,-0.253418,0.105046,-0.858895,-1.42817,-0.286587,-0.489127,-0.299409,1.321803,-1.000487,-0.260385
validation,0,0,0.394915,-1.641009,0.307116,-0.232887,-0.379529,0.044602,-0.230745,-0.25993,-0.049627,-0.812246
validation,0,1,1.67916,-1.39704,1.105908,0.27832,0.255792,-0.606659,0.380865,-0.131201,-1.176418,0.510573
validation,0,0,0.602501,0.865578,1.219909,-0.499896,0.075024,-1.573806,-0.800686,-0.903002,1.941072,0.172823
validation,0,1,0.779863,0.529025,-0.81255,-1.83584,0.17741,-1.743626,2.431985,0.665968,-1.172142,0.696531
validation,0,0,-0.779887,-1.565538,-0.638163,0.682482,-1.386128,0.654303,0.379009,0.284602,0.418171,1.657257
validation,0,0,-0.414113,0.908107,-0.227941,0.306967,0.135199,-0.242282,-1.071231,-0.20646,-0.774124,0.449388
validation,0,0,-0.193317,0.395032,1.330184,-0.644808,1.636309,0.837127,0.367198,-1.55285,-0.073592,1.077599
validation,0,0,0.392118,1.426902,0.330327,-0.903059,0.563103,0.101041,0.966789,-1.069813,-0.01168,-0.291274
validation,0,0,0.258542,-1.49096,-0.751355,0.189663,0.447736,-0.910149,0.376224,1.070707,0.293372,0.811345
validation,0,0,0.513351,-0.133852,-1.279117,-1.307966,1.782022,-2.19305,0.893849,0.86098,-1.150087,0.394125
validation,0,1,0.148628,0.336481,-0.85419,-0.229038,0.289979,-0.031846,-0.110338,-0.749221,2.746121,-1.43085
validation,0,0,-0.712016,-0.067727,0.721769,0.358501,2.168059,1.534725,-0.218409,0.741892,1.006816,1.653087
validation,0,0,-2.121543,0.65115,-1.207205,0.168957,-0.182888,-0.425081,-2.116191,0.606187,-0.110797,-0.2023
validation,0,1,0.945362,-0.112622,0.169998,0.361933,-0.966371,-0.246016,-0.43204,0.030054,-0.313809,0.434797
validation,0,0,-1.693526,-2.024333,0.147451,0.54658,0.503798,1.766261,-0.578464,-1.829506,-1.73187,0.873518
validation,0,1,0.721373,-0.17247,-0.109131,0.504408,-0.900011,-2.199381,-0.342622,-0.0681,-0.73075,-0.407452
validation,0,0,0.618632,1.835817,0.628769,1.998614,-0.427177,1.879032,1.248123,2.09511,-1.07319,-0.051487
validation,0,0,-1.013982,-0.371676,-0.897533,1.500503,-0.707122,1.00526,-0.428413,0.279928,-1.310218,-1.808426
validation,0,0,-1.334056,-1.056611,-1.21068,1.748205,-0.615066,-2.220085,1.545206,1.01044,-0.4846,-0.258215
validation,0,0,1.216819,0.132623,-0.927803,0.292854,0.385485,-0.090666,0.018305,-1.706547,-0.024594,0.695645
validation,0,1,-0.090985,-1.55369,-0.324206,1.064415,-0.297217,0.689164,0.441987,0.392617,0.533198,-0.674
validation,0,1,-0.04498,0.166502,0.536003,-1.382086,0.074412,-2.145276,-0.814959,0.228813,0.330072,1.508378
validation,0,1,0.892709,0.879222,0.515953,-1.526287,-0.045876,0.750451,-0.898517,-1.155703,1.170861,-0.456218
validation,0,0,-0.058777,-0.391024,1.352122,-0.130956,-2.092101,-0.451543,0.459109,-0.527764,-0.392505,-0.352483
validation,0,0,0.613142,-0.724495,0.526181,-1.44463,-0.20038,1.553576,0.454271,0.627145,-2.05448,0.876553
validation,0,0,-1.252107,0.108188,2.039768,0.466664,0.817151,1.346456,-0.563081,0.122254,-0.255138,1.367591
validation,0,0,-0.948256,0.943262,-0.513353,0.963583,-0.687937,-0.118345,0.040653,-0.756506,1.176181,-0.098834
validation,0,0,0.767585,-0.781556,-1.726154,0.544855,0.337783,-0.578728,-0.25606,-0.994291,-0.251145,1.782264
validation,0,0,-2.613242,0.648677,-0.100554,-1.371775,-0.460655,-0.011462,-1.03419,0.020063,-0.714347,-0.136161
validation,0,1,-1.465184,1.731198,-0.628749,0.011733,-0.706105,-0.142104,-0.920072,1.150118,0.722021,-0.138903
validation,0,1,1.562147,0.345644,-2.630447,0.279796,-1.629183,-1.68091,-0.704875,0.98708,0.953753,-0.179301
validation,0,0,0.169627,0.159473,0.504877,0.272523,0.418723,-0.154158,0.782159,-0.323889,0.398225,1.407924
validation,0,1,0.467431,0.481978,1.178999,0.640318,0.274338,-0.717287,-1.494777,-1.08033,1.179504,-0.060304
validation,0,0,-0.549331,1.621057,0.029405,-0.547605,0.795535,-1.362915,1.218727,-0.542028,-1.418865,-0.731962
validation,0,0,0.539894,-0.079127,0.727747,-0.077269,1.588143,1.03246,-0.252409,0.764218,0.818818,-0.768447
validation,0,0,0.281733,0.841167,-0.22746,-0.312159,0.987499,0.115853,0.031301,-1.160304,-1.278696,0.441859
validation,0,0,-0.906565,-1.39201,0.883329,-1.106471,0.514523,-0.304985,2.067594,0.013924,-1.103584,0.305602
validation,0,1,0.357407,-0.651173,1.235886,0.612157,0.010135,0.084337,0.724807,-0.595447,-1.194563,-0.142509
validation,0,0,0.282547,-1.585289,-1.336,0.361877,0.365157,-0.977106,-0.14523,-0.672441,0.371926,-3.227737
validation,0,0,-0.436794,0.127843,-0.630525,-0.310075,-0.539493,1.157851,0.413313,-0.577283,1.159084,2.493484
validation,0,0,-1.152156,-0.487719,-0.766828,0.867123,0.720169,-0.961387,0.715608,-0.242539,-0.232865,-0.430321
validation,0,1,0.822032,0.259799,-0.004002,-0.607695,-0.476933,-0.661568,-1.675266,0.134296,-1.505456,-1.315105
validation,0,0,2.536009,0.472667,1.844993,-1.324938,-0.982478,-0.403611,-2.045558,-0.56635,0.342264,-1.376394
validation,0,0,0.982538,0.32551,1.100791,0.066135,-0.521366,1.913137,-0.159546,-0.849031,0.260944,-0.220487
validation,0,0,-1.049223,-0.739467,1.204907,0.897687,-1.298016,-0.277447,0.705072,0.454009,-0.275116,-0.189401
validation,0,1,0.544071,-0.060598,-0.208148,1.544541,0.944115,-1.166236,0.179777,-0.137139,0.63558,1.758726
validation,0,0,0.325392,-0.898525,-0.331437,-1.195031,-3.665627,-0.403177,0.100114,1.570217,-1.348473,0.705907
validation,0,0,-2.389227,2.235206,-1.294881,2.05029,1.009179,-2.01828,-1.90265,-0.075574,-0.543143,-0.001999
validation,0,0,0.425957,-1.588665,0.00533,-0.275121,0.439746,1.147969,0.085227,0.15354,0.806199,-0.144123
validation,0,1,0.285097,1.546089,0.811102,-0.324719,-1.387063,-0.619415,1.656189,0.382143,0.358694,1.168601
validation,0,0,0.012444,0.086071,-1.497379,-0.540028,-0.11629,0.533967,0.133852,-0.79521,1.350425,-0.543566
validation,0,0,-0.205111,-0.031974,-1.101593,0.630794,0.852863,0.251396,-1.559895,0.599761,-0.655569,0.679083
validation,0,0,-1.266162,-1.448593,-1.253733,-1.412379,1.27066,0.378771,1.640073,1.605428,-0.898984,0.12438
validation,0,0,-2.151294,0.386304,0.11214,1.070347,-0.945539,-1.482625,-0.895013,-0.393805,1.526638,0.376874
validation,0,0,-1.424554,0.87298,-1.09762,0.626936,-0.861523,-1.194534,0.883412,-0.284509,0.799447,0.737982
validation,0,1,0.54747,-1.019742,0.941239,1.033434,-0.500391,2.279017,1.043389,0.074301,-1.908374,-0.932833
validation,0,0,0.397663,-0.322985,0.331717,0.25795,-0.98028,-1.637684,1.354216,-0.364784,0.284154,-0.717102
validation,0,1,0.247334,-0.516745,1.045581,1.263843,-1.57459,-0.422944,0.031858,-0.410083,0.884396,2.49466
validation,0,0,-0.359565,-2.192567,-0.62984,-1.307301,0.259062,-1.78089,0.686054,1.184451,1.829456,0.870431
validation,0,0,-1.039085,0.273461,-0.370953,-0.807332,0.708422,-0.853698,0.414249,1.734842,-0.698734,-0.50622
validation,0,0,-1.796879,0.629698,-2.408288,-0.305566,0.617395,-0.796777,-0.049748,-1.201406,0.584614,-0.589905
validation,0,0,-0.183934,-0.867946,0.581035,0.138953,-0.843063,0.88057,1.616083,2.057847,-0.447144,0.307089
validation,0,1,1.151618,0.66299,0.563747,-0.355442,-0.810993,0.226409,0.532651,-1.803256,-1.360418,1.213085
validation,0,0,-0.417987,-0.685276,1.178904,-1.662899,-2.756571,1.240659,-0.61926,-0.757948,-0.974546,-0.604771
validation,0,0,-1.739009,-0.331982,0.371726,0.276248,1.162223,-0.323331,0.1048,-0.455907,-0.861205,-0.30692
validation,0,0,-0.938452,-1.166321,-0.893867,0.565945,3.360568,0.664015,-1.276334,-0.199858,-0.729347,-1.095181
validation,0,0,0.47795,0.331944,-0.252885,-0.027066,0.787184,1.03512,-0.383164,-0.03945,0.220287,-1.219023
validation,0,0,0.001556,-2.523006,-0.401951,0.072494,0.891502,-2.390426,-0.42057,0.114975,-1.086522,-0.510984
validation,0,1,-0.477967,2.517122,-0.065875,0.41062,-0.725941,-0.475395,1.318818,-0.62605,0.23463,0.440927
validation,0,1,0.973511,-1.806294,0.248527,0.590616,0.744692,0.644966,-1.031131,1.94767,2.163806,0.433816
validation,0,0,1.442856,-0.21224,-1.60614,-0.403875,-1.047477,-0.041421,-0.233671,-0.321229,0.021049,0.376878
validation,0,0,-0.280296,-0.238856,-0.309874,-1.552963,0.23443,0.525197,-0.267611,1.382085,-0.91404,0.490356
validation,0,1,0.414378,0.528351,-0.754835,0.061421,0.556587,0.277399,1.185159,-0.100366,-1.529477,1.16011
validation,0,1,1.639784,2.610143,0.473858,0.827478,1.211174,-0.183331,-1.042624,1.273512,0.319205,-0.228809
validation,0,0,-1.076014,0.818292,-0.619614,0.151515,0.378441,1.780219,0.182413,-0.315176,0.636331,0.952857
validation,0,0,-0.750675,-0.632201,0.734125,0.190058,0.451616,-0.841981,-0.615525,1.184358,-0.42533,-0.100553
validation,0,0,-0.232975,-1.070227,-3.169219,0.970041,0.246869,-0.886661,0.125671,1.26798,-0.746376,-0.827997
validation,0,1,0.388601,-0.279944,-0.140736,1.513961,0.364768,-0.612079,-0.259934,-0.192753,0.144154,-0.289402
validation,0,0,2.145235,-1.343979,-0.395656,-0.357392,0.957038,0.357417,0.444932,0.327454,0.163989,-0.769687
validation,0,1,3.009029,-0.720827,0.963359,0.573164,-0.330176,-1.214054,1.359013,-2.886862,-1.187676,-1.066734
validation,0,1,1.061998,0.832845,0.340584,1.185109,1.655399,0.767749,-0.563977,-0.18766,1.837315,-1.237624
validation,0,0,0.353308,0.699254,0.808758,-1.253428,-0.298514,-0.890101,1.153899,0.626384,-0.422603,-0.949481
validation,0,1,0.225543,-0.006753,-0.043653,0.908289,-1.198957,-0.047357,-0.567101,1.852236,0.061263,0.11562
validation,0,0,1.410059,-0.259389,0.571165,-0.236253,-1.790709,-0.908846,-0.235187,-0.765324,0.519939,1.057357
validation,0,0,-0.208501,-0.31441,0.376262,-0.847311,1.78097,-1.692089,0.530251,-0.107771,-1.387501,0.229877
validation,0,1,0.630663,1.083143,1.21529,0.293689,-1.613588,-0.325297,-0.112737,-0.019962,-1.174735,-2.131326
validation,0,1,1.30864,-0.152174,1.299002,0.134684,-1.009627,1.230027,1.426551,-0.926932,-0.308033,0.974813
validation,0,0,-1.495309,-2.202483,1.469602,1.758809,0.881541,-0.383492,0.521587,-0.856606,0.424688,-0.061677
validation,0,1,0.955141,-0.4999,-0.63448,-0.083596,-0.726308,0.396271,-2.930564,-0.101261,0.676845,0.45185
validation,0,0,-0.957785,-0.514009,-1.727964,-0.587381,-0.724099,0.369035,-1.758255,-0.044284,-0.4599,0.311482
validation,0,1,1.806646,2.924288,0.658607,-1.866916,0.388719,1.39729,-0.435804,0.161005,-0.87512,0.496322
validation,0,0,-0.735143,0.368698,0.718293,1.148238,-1.639781,0.497784,-0.766926,-0.979015,-0.915943,1.089612
validation,0,0,0.230429,-1.665319,-0.588678,-1.139899,-0.414313,0.224491,0.851893,0.037532,-1.018777,2.072752
validation,0,0,-0.939779,-1.769029,0.091589,0.438067,-0.438541,-2.498845,0.538631,-1.205815,0.49391,0.442111
validation,0,0,0.260607,-0.336992,1.209113,0.28507,2.116983,1.823948,4.053517,-0.759385,-1.170816,-1.56493
validation,0,0,0.81927,1.034052,0.405403,0.398644,1.139409,0.023518,0.105512,1.348636,0.416208,1.612242
validation,0,0,0.961139,0.422858,-1.427947,-0.364754,0.522875,0.460369,0.79613,0.380437,-1.126808,0.871027
validation,0,1,-0.443555,-1.290198,0.347396,0.960228,0.026776,0.924325,-0.804702,-0.37625,-0.048696,1.563003
validation,0,0,0.668828,0.20306,1.037146,0.072863,-0.480247,-0.020372,-0.793066,-0.221383,-1.253606,1.841639
validation,0,0,-0.215647,1.156723,-0.829658,-0.99845,-0.650777,-0.409189,1.399929,0.413058,0.759808,-1.289831
validation,0,0,-2.041111,-0.450105,-0.835912,-1.254163,-1.484147,-0.27933,0.985903,-1.126038,1.068691,-1.645863
validation,0,0,0.939776,-0.27957,-0.279501,0.513487,-0.675055,-1.385311,-0.020275,-0.552119,1.063719,-1.402553
validation,0,1,1.25568,0.629833,0.234784,0.581491,-0.357431,0.214195,-0.595396,-1.740407,-0.831601,0.503283
validation,0,0,-0.445767,-0.584704,1.257851,0.717119,1.601324,-0.468531,-0.225186,1.002115,1.571558,0.595352
validation,0,0,-0.211718,-0.540347,0.422331,-1.026513,3.021003,-0.776506,-0.764435,-0.220441,2.090465,0.200822
validation,0,0,-1.980784,0.151816,-1.344908,0.446723,0.63416,-0.833583,-0.974118,0.947797,0.579984,0.139482
validation,0,1,-0.524787,0.213074,1.35848,-0.696264,0.4899,-0.651402,0.465053,1.504706,1.16452,-1.079563
validation,0,0,0.192616,-1.111438,-1.769708,-1.119133,-1.841105,-0.498607,0.251144,-1.247899,-0.271502,0.713593
validation,0,1,0.370526,0.942837,0.009684,1.875506,0.693624,0.707393,-1.446382,-1.98039,-1.186941,1.812585
validation,0,1,1.797968,0.181059,-0.763719,0.005155,-1.087057,0.256881,-2.244848,0.581606,0.958914,-0.107742
validation,0,0,0.295635,-0.450388,-0.674553,0.787929,-0.467907,-0.700543,-0.482326,-1.168056,-0.312875,1.275605
validation,0,0,-0.000169,0.406266,-0.016393,-1.658744,1.482777,0.590809,0.380194,-0.355722,0.679598,-0.022056
validation,0,1,0.780055,-0.027712,-0.034733,-0.694614,0.084978,-1.19254,-0.367971,1.03268,-0.069453,-0.780236
validation,0,1,0.307942,0.79887,-0.871403,1.633636,0.055812,1.241487,-1.688778,-0.252564,-2.848517,-0.735108
validation,0,1,1.732564,0.031122,-0.114855,-0.662745,-2.149256,-0.275509,-0.119754,1.552455,-1.067452,0.249598
validation,0,1,0.237161,1.439113,0.260574,1.654503,0.692521,-0.580466,1.722185,0.276344,0.034662,-1.164329
validation,0,0,-1.358323,-1.12324,0.829914,1.742371,-0.680976,-0.439128,-1.029053,-0.030807,-1.905415,0.302825
validation,0,0,0.282234,-2.099466,0.212075,0.460027,0.032476,0.901079,-0.514324,-0.33602,1.431258,-0.374643
validation,0,1,0.227345,-0.421895,-1.135063,3.667778,1.752861,-0.160323,0.430855,0.075678,0.234491,0.296179
validation,0,0,-1.846125,-0.932589,1.213914,2.903142,0.345586,0.738976,2.479693,-0.88843,0.527456,-0.946345
validation,0,1,-0.349515,-0.089792,-1.00252,2.027218,-1.141751,-1.075315,0.190899,-1.807946,-1.448719,-0.129886
validation,0,1,0.286499,-0.114469,-0.126374,-1.593075,-1.440506,-1.65775,0.990578,-0.778376,0.106898,0.444515
validation,0,1,0.28525,-0.464332,-0.351721,0.745724,0.585654,0.302048,0.058193,-0.489426,0.578559,1.128164
validation,0,0,0.579397,-0.028682,0.471501,1.103319,-0.56187,0.009468,-0.997769,0.064443,-0.43055,0.35999
validation,0,1,-0.014928,-0.531926,1.178335,0.68905,0.327085,-1.136498,0.486213,-0.146251,-0.830161,-1.010949
validation,0,1,-0.440153,1.877903,-1.567857,-0.880862,1.26738,-1.831616,1.150579,-0.63893,-1.401351,0.46197
validation,0,1,0.758806,-1.156372,2.051918,0.73978,0.114429,0.881677,0.101544,-0.514152,-0.605312,0.747869
validation,0,1,-0.929959,1.081749,-0.593972,0.170385,0.288598,0.63149,0.701781,0.428565,-0.261382,1.331987
validation,0,0,-0.446286,-0.738872,-0.171657,-0.827303,0.46779,0.301949,-0.234774,0.581654,1.292184,-0.203133
validation,0,1,-0.500933,0.681942,0.298045,-0.657808,0.748063,-0.791592,0.093803,-0.830395,-1.001105,-0.515168
validation,0,0,-0.542874,0.285785,0.538039,-1.410046,-1.633171,-0.394264,0.933902,-0.642825,-0.222252,-0.135742
validation,0,0,1.281396,0.159533,-0.756866,-0.021843,0.271258,-0.238145,0.427547,0.942956,1.984085,-1.589784
validation,0,1,0.892717,0.240891,2.905658,0.961303,-0.351966,0.546279,-1.10648,-1.383598,-0.301233,-1.10185
validation,0,0,-0.418232,-0.558525,-0.705018,0.46674,0.063866,-1.033905,-0.361545,-0.046374,0.352028,-1.054079
validation,0,0,-0.784868,0.010984,-0.11327,0.761282,-0.817027,0.234325,-0.272002,0.573347,-0.574707,1.200922
validation,0,0,-0.548564,-0.674938,-1.525872,1.100445,0.36699,1.489196,-0.613852,0.226284,-0.257451,1.463847
validation,0,0,0.102315,1.17806,1.404643,-0.755959,-0.493572,0.681363,-0.56166,-0.395744,-1.506802,0.742282
validation,0,1,1.740358,0.454887,-0.43681,0.58882,0.635408,0.001716,-1.419265,0.058538,-0.472858,0.344927
validation,0,0,-0.80401,-0.072186,1.133078,1.146528,1.258824,1.636847,0.903346,-0.761287,-0.430266,0.606546
validation,0,0,0.531594,0.158546,-0.271772,0.314851,-0.497586,0.213639,0.663335,-0.260857,-0.342385,1.572687
validation,0,0,-0.389221,2.251801,-1.38797,0.194046,-0.369222,-0.72749,1.081824,0.936993,-0.248198,-0.090526
validation,0,1,0.157768,0.463467,0.597864,1.374949,-1.109305,-0.397476,1.064832,-0.558041,-0.5857,-0.415501
validation,0,1,-1.992288,1.876748,0.06294,-0.625978,-1.430864,0.278409,-0.192474,-0.479918,-0.247134,-0.033505
validation,0,0,1.802166,-0.443789,-2.655024,-0.447348,-0.097736,2.436681,-0.098575,-0.234261,0.668902,-0.113521
validation,0,0,-0.37743,2.195088,-0.901113,0.166168,0.716781,0.795423,-0.113409,0.225585,-0.043056,-0.619862
validation,0,1,2.499572,0.630194,-0.458701,-2.119156,-1.59498,0.573248,-0.512224,-0.635474,-0.943693,0.012855
validation,0,0,0.039008,0.885527,1.456076,-2.674835,1.358072,-0.362752,0.113036,2.231104,1.356264,0.521167
validation,0,0,0.940119,-0.811495,-0.206446,-0.140453,1.248527,0.589535,0.531558,0.393793,-2.446012,-2.731092
validation,0,0,-1.58434,0.256032,-0.635176,-0.23977,0.083349,-0.446088,-2.136281,0.244793,-0.178695,0.959085
validation,0,0,-0.974935,0.829842,-0.549364,-0.247515,-0.166232,-0.930895,0.262954,-0.227769,-0.829912,-0.678237
validation,0,0,1.137962,1.027505,1.012654,-1.571272,0.365178,0.005456,-0.985759,0.894735,0.270892,-0.008274
validation,0,0,0.49783,-0.437908,0.937031,-0.357224,1.033772,1.638333,1.761823,0.428657,1.424812,1.960702
validation,0,0,-0.134896,0.805713,0.485665,-0.192165,-0.967698,-0.346152,0.26368,-0.77631,-1.430998,0.366442
validation,0,0,0.854539,-0.977079,-0.548505,-0.096946,-0.124142,0.378518,2.036524,0.924241,-0.057112,-0.143705
validation,0,0,-0.394048,-0.288981,0.192343,-0.413639,0.062948,-0.992667,-0.5384,1.048957,1.976655,-0.166799
validation,0,0,1.439252,0.414969,-0.922362,-1.708026,-0.959522,0.466475,-1.203609,-0.435098,-0.02299,-1.03305
validation,0,1,1.45779,0.222586,-0.207859,0.079609,1.448304,0.06972,0.182615,0.105854,0.489337,0.689552
validation,0,0,-0.852976,-2.041838,0.278368,0.993158,-1.528848,1.220234,-0.442208,1.37691,1.274694,-1.670479
validation,0,0,-0.450948,-0.028051,-0.655801,1.898273,0.458185,-3.944033,-0.329962,-0.868199,1.13243,0.289033
validation,0,0,-0.224876,-1.169633,0.820616,-1.151035,-2.770165,-0.647854,0.071706,-0.081507,-0.67972,0.575554
validation,0,1,1.329057,-1.596744,2.149298,0.257679,2.592463,1.906049,0.526554,0.238625,-0.425172,-0.625983
validation,0,0,1.161565,-1.175459,-0.91027,2.554874,-1.608544,-0.993979,0.16287,0.860046,0.737583,0.035758
validation,0,0,-0.617848,-0.349513,-0.123269,0.419346,-0.955347,0.872452,0.868067,-0.47577,-0.103768,0.032543
validation,0,1,0.644989,-1.353786,1.198033,0.185647,1.202433,-0.156456,-0.485357,-0.759219,-0.573743,-0.334049
validation,0,0,-0.264006,-1.044815,-2.552533,0.41764,1.943457,-0.983562,1.123173,-0.7258,-1.673514,0.848002
validation,0,0,-0.506672,-1.271292,-0.754518,0.134124,-0.892045,1.027374,0.532146,0.204138,-0.71373,0.082245
validation,0,1,2.199991,-0.34772,0.544991,1.482077,-0.173764,-1.500166,0.065697,-0.755677,0.372586,-0.004541
validation,0,0,-3.292993,-0.470558,-0.377962,1.343078,-0.440863,0.843352,-0.298377,0.677018,-0.519721,1.25244
validation,0,0,-0.552952,0.364381,-1.015142,-0.316409,0.974502,-0.278279,1.599592,1.169186,-1.223043,-1.722183
validation,0,0,0.001819,0.49197,0.444908,-1.210763,-1.264183,0.526556,0.432729,-1.715841,1.94495,-0.007063
validation,0,0,0.129764,0.261026,1.772988,1.759431,-0.487484,0.899085,-0.572799,-0.30628,1.286063,0.671673
validation,0,1,0.586261,1.998284,-0.877118,-0.52397,-0.57165,-0.752017,-0.616567,-0.30287,-0.880682,2.748233
validation,0,0,0.793647,-0.119801,0.781466,-0.471829,-0.344675,1.292155,-0.663103,-0.086721,0.167402,-0.684522
validation,0,0,-0.628244,-1.054386,0.687527,-1.817994,0.551555,-0.160601,-1.805051,0.69773,0.816833,0.438312
validation,0,1,0.762678,0.519321,-1.324903,2.431474,-0.278211,0.01634,0.233475,-1.308714,0.261009,0.557436
validation,0,0,-1.005861,2.281404,1.001093,-1.201245,0.000979,0.488849,0.800497,0.086405,-1.276019,-1.082269
validation,0,0,0.778329,-2.259233,1.09251,-1.10852,-0.054475,0.415577,0.914165,-1.078358,-2.893499,1.395408
validation,0,1,0.724564,2.078658,1.123958,-0.004681,-0.728813,-1.236132,-0.712123,0.152191,-0.759022,-0.687582
validation,0,0,-1.047131,-0.08271,0.266704,-0.808503,1.557197,0.384284,-0.285772,0.071331,-2.651464,0.868826
validation,0,0,1.328238,-0.850022,0.712605,-1.418976,-0.559974,0.03463,-1.564611,0.294659,1.373335,1.377575
validation,0,0,-0.997964,2.015371,-0.014853,-0.155331,1.933846,0.318906,-1.566461,1.08328,0.161892,0.478294
validation,0,0,0.480471,1.117409,0.134295,0.491885,1.1323,-0.980319,0.097397,1.291575,-2.685061,-0.992617
validation,0,1,0.984947,-0.696627,-0.854485,2.458784,0.819113,-2.211188,-0.292866,0.570129,-0.740313,-0.978808
validation,0,1,0.858819,0.516383,0.589197,0.973439,-0.781125,-0.188775,1.730755,1.237045,-1.740507,0.466238
validation,0,0,-3.141886,-0.563668,0.056421,1.368801,1.748506,-0.544357,-0.738696,-0.081675,0.162279,1.21383
validation,0,1,-0.202012,0.096082,-0.933274,-0.578999,0.839542,-1.416564,1.217491,0.861691,-0.172435,-2.112022
validation,0,0,0.396659,0.796104,1.28432,0.479307,0.449741,-0.13608,1.073394,0.701664,-0.793857,-0.549359
validation,0,1,0.917261,-1.053664,0.243171,-0.558812,-0.3066,-0.232327,0.738928,1.175415,-0.345093,0.810552
validation,0,0,0.199903,0.527505,-0.709694,-0.378797,0.185183,-1.401912,0.703368,1.545573,0.156828,0.051186
validation,0,1,0.813259,0.182067,1.594619,-0.544509,1.511256,0.382589,-1.082489,0.364079,0.25922,1.458597
validation,0,1,0.540504,0.625562,0.691239,1.255646,1.048364,-1.498925,1.354237,-1.22027,0.704181,-1.643465
validation,0,0,0.675575,0.377253,-0.232031,0.61439,0.4078,-0.295297,-0.838095,-0.217578,-0.917053,-0.540633
validation,0,0,-1.672863,-0.289071,-0.755857,0.169655,1.423811,1.20029,0.977442,-0.62869,-0.451477,0.268365
validation,0,0,-1.584571,0.030149,0.755144,0.287846,0.725521,-1.99027,-0.513142,1.86843,1.107485,-0.124979
validation,0,1,1.605382,0.068377,0.252176,-0.092768,-1.307815,0.097036,-0.110004,-0.384331,0.36057,1.359511
validation,0,0,0.318821,0.01955,-1.496813,-0.028172,1.524895,-0.286471,-0.97487,-0.196747,0.34919,0.049287
validation,0,0,-0.937039,-1.194802,-1.071041,0.518618,-0.552559,-1.162027,-0.199725,0.382021,0.150934,-1.420538
validation,0,1,-0.970847,0.788237,0.951937,-1.868249,-0.334124,0.045568,0.703565,-1.274784,0.478686,1.12675
validation,0,1,1.550745,0.732947,0.595139,-2.303826,0.383625,-1.409928,-0.001939,1.914258,-0.693401,0.457639
validation,0,0,0.273266,-1.232202,0.591432,-0.795046,-0.663856,-0.768348,0.541193,-0.132487,-0.794776,-1.50357
validation,0,0,-0.625636,-0.263902,0.100896,0.21109,-0.452719,1.995083,-0.290905,0.423376,-0.965832,-0.783776
validation,0,0,-0.565095,0.784937,-0.835452,3.416581,0.207474,-0.389749,0.388595,0.400473,0.237513,-0.085519
validation,0,0,-0.383408,-1.544154,0.027554,0.405804,0.493232,-0.037937,-0.043338,-0.419988,1.082351,0.403855
validation,0,0,-0.108101,0.434826,-0.398357,0.205748,0.017909,0.549601,-2.283606,-0.309237,-0.354703,2.549702
validation,0,0,0.069112,-0.449979,-0.962397,-0.242487,-0.086188,-0.209958,-0.298279,0.134752,-0.323718,-1.364666
validation,0,0,-1.215558,1.19373,-1.000584,-1.3264,-0.872759,0.211712,0.120934,-0.126922,-1.670614,0.526221
validation,0,1,-1.207779,-0.728798,0.614195,0.118005,0.913101,1.071454,-0.788224,-1.09089,0.115374,1.014852
validation,0,0,-0.145519,1.562025,-0.795063,2.852181,-1.054357,0.272986,-1.481237,1.336118,0.026372,-0.138614
validation,0,0,1.353033,0.117665,1.273649,-0.006773,1.436985,0.717077,-0.058335,0.713556,1.007776,0.268019
validation,0,0,-0.775633,0.730989,0.063765,1.020289,0.819446,-1.155532,0.613066,-0.113041,0.519133,0.090883
validation,0,0,0.874507,-3.024066,0.027249,0.781447,1.111363,-0.046127,-1.092654,0.946816,0.02555,0.826132
validation,0,0,0.401857,0.778366,-0.332357,0.428244,0.487731,0.953392,-2.216191,-2.798652,0.195762,-0.044484
validation,0,0,-0.737994,-0.276327,0.719124,1.425642,0.629712,-1.406114,-2.637586,1.225105,-1.07722,1.566071
validation,0,0,-1.365386,-1.607853,0.501768,1.534836,2.944653,-0.303294,-0.353571,-0.293433,-0.766741,-0.239836
validation,0,0,-1.558175,0.201189,-0.597749,-0.800636,-0.297584,0.138374,-0.518306,0.649802,0.374202,-0.801551
validation,0,0,-0.30754,-0.382313,0.290489,-0.635016,-1.716081,-0.98942,-1.528083,-0.63135,1.162889,0.260193
validation,0,0,0.631296,-1.165893,1.05275,0.025864,1.436462,-0.584337,-0.165737,0.695138,-0.389912,0.959794
validation,0,0,-1.482218,-1.152487,-0.874129,-0.697976,-1.110094,-1.030958,-0.588171,-0.002482,-0.424001,1.32365
validation,0,0,1.300249,-0.320853,-0.100632,1.058831,-0.704448,1.16149,-0.457905,-1.427622,0.913448,0.93804
validation,0,0,-0.304275,0.716746,-2.288975,1.743059,-1.618913,-1.015501,-1.461048,0.659615,-0.254583,0.677027
validation,0,0,0.242818,-0.154861,0.113136,-1.89385,-1.363492,-0.802249,0.314238,1.608581,0.550814,-1.107921
validation,0,0,-1.204254,-0.812287,-1.395174,0.655892,1.321551,1.003377,-0.190301,-0.633455,0.529361,-1.397681
validation,0,0,-1.911452,0.131601,-1.394478,0.283603,1.456127,0.350842,1.859858,-1.786821,0.015584,0.202935
validation,0,0,-1.398867,2.762306,0.938715,-0.161997,-0.486398,-0.443058,0.131479,-0.726065,-0.62211,0.392865
validation,0,0,0.088087,-0.682788,0.397329,0.791146,-0.908817,0.686717,-0.995472,1.488368,0.496328,0.031492
validation,0,0,-0.123562,-1.699866,-0.144705,-0.077972,-0.311857,-0.345904,1.316188,1.581264,0.237568,0.585795
validation,0,0,-0.700222,0.911757,0.973972,-1.73625,-1.079608,-0.952756,-0.248631,-1.005015,-1.230507,0.136343
validation,0,0,-1.643605,0.019373,0.140031,0.317548,0.085436,0.459397,-0.283122,-1.802446,-1.178105,-1.225714
validation,0,1,1.069942,1.509294,-0.148137,-0.52809,0.585981,-2.345951,-0.572604,0.007154,1.055714,-0.398529
validation,0,1,1.167251,1.073052,0.789101,-0.328947,-0.366033,-1.267191,0.339388,-0.861137,1.487509,1.140217
validation,0,0,0.788188,-0.87571,-0.284,1.010721,0.347327,1.149946,1.747219,0.163227,-1.20551,-0.859602
validation,0,0,-2.647521,-0.792539,0.651948,-0.042492,0.697096,0.598799,0.669784,-1.028203,-1.367011,-0.177687
validation,0,1,0.714525,-0.260703,1.426539,1.352827,-0.434859,0.57659,0.676966,-0.810853,0.859342,2.130663
validation,0,0,0.065143,0.27914,1.04,2.187778,0.849479,-1.332139,0.53618,0.690393,-1.617876,-0.77744
validation,0,0,0.292177,-1.075462,0.007049,1.402524,-0.001292,0.885384,0.081587,0.769289,-0.539491,-0.221474
validation,0,1,0.517798,1.580746,0.265493,1.498019,1.023472,2.255905,-0.442985,0.197514,0.648504,-0.716769
validation,0,1,-0.590581,-0.045265,0.827785,1.274031,0.231068,1.831351,0.35602,-2.151494,0.117664,-0.262864
validation,0,0,-0.292645,0.091352,-0.607578,-0.073796,-0.80894,0.858859,-0.665309,-1.049751,-0.002049,-1.211241
validation,0,0,2.405676,0.021975,1.539112,-0.908198,-0.867465,-1.699376,0.023766,-0.786028,-1.444978,0.321214
validation,0,0,-0.639131,0.833244,0.218629,-1.270133,0.120587,-0.249625,0.373851,0.18001,-0.71588,1.121697
validation,0,1,1.410102,0.634313,-0.019587,0.275816,-2.342331,-1.515304,-0.077359,-0.690386,-0.400049,0.403064
validation,0,0,-0.331176,-0.380598,1.158942,-3.163957,-1.906176,0.370429,0.455125,-0.151593,-1.20784,0.376001
validation,0,1,0.776898,0.989718,-0.062764,-0.234923,0.270648,-0.430144,-0.205824,0.492438,-2.06292,0.501906
validation,0,1,0.182444,1.772742,0.118789,-1.142776,-2.857766,0.764248,0.103831,0.385593,-1.304316,-0.380319
validation,0,0,0.730153,0.426106,0.684804,-2.110195,-0.390839,0.280835,-0.897539,1.614485,-1.090475,1.654137
validation,0,1,0.91174,-0.724321,0.501062,-1.569346,0.063128,0.512033,0.430031,-1.323207,0.56447,-0.06707
validation,0,0,-0.007064,1.297497,-1.625269,1.637975,0.179688,-0.681401,-1.979126,0.865484,0.472355,0.146974
validation,0,0,0.092061,-1.71391,-1.881487,2.228218,1.337068,-1.045291,-1.477498,-0.312997,-1.22332,0.735368
validation,0,0,-1.029265,0.414543,-0.200807,0.206594,-0.117686,-0.322811,1.727048,0.877983,-1.43678,-1.409387
validation,0,1,1.751214,-0.312052,0.117032,0.411925,-0.0379,-0.183252,1.997224,0.391922,0.418624,-0.756262
validation,0,0,-2.09419,-0.826718,0.341751,-1.135437,0.953698,0.32424,-1.136142,-1.600322,0.985878,-1.005803
validation,0,0,1.065423,-0.013049,-1.19558,0.848233,-1.012116,0.815351,0.050663,-0.065568,-0.202977,-0.37706
validation,0,0,0.799397,-0.470004,-1.85891,1.333505,0.30189,-0.327457,0.402221,2.165624,-0.656334,1.176505
validation,0,0,-2.218673,-0.872951,-0.278397,-0.928568,1.672279,1.505142,0.171975,1.145939,-0.940377,0.833973
validation,0,0,-0.463054,-0.801504,0.56598,0.538886,0.209295,-0.111813,-0.510884,1.025216,0.788099,-1.597744
validation,0,0,-0.06825,0.651586,1.138413,-1.831091,1.436985,1.159359,1.093348,0.756583,0.166627,0.259129
validation,0,1,0.85081,1.2484,0.052331,0.252471,0.817605,0.16792,-0.565442,0.249745,0.46046,0.648442
validation,0,0,0.385763,0.245199,-0.29532,-0.952939,-0.885581,0.872358,0.911016,0.939333,-0.509606,0.201005
validation,0,1,-0.258025,-0.118937,1.863497,1.170323,-0.844528,-0.16383,-0.87401,-0.051726,0.03631,-0.51104
validation,0,1,-0.195036,-0.080973,-0.087322,0.172091,0.566459,0.668654,-1.597993,-0.686421,-1.202235,-0.482851
validation,0,0,-0.59345,-1.527874,1.027933,-1.389533,2.664382,1.203732,-3.165952,-1.996621,-0.523787,-0.04187
validation,0,0,1.71568,-2.023511,0.427652,-1.178599,1.899566,0.774041,-0.050921,0.669279,-2.175083,-1.771227
validation,0,0,-0.98342,1.106541,0.219429,0.429082,-0.701909,-0.54016,-0.968288,-0.171434,-1.314534,-1.650261
validation,0,0,0.483426,-0.407085,-0.484999,-0.59079,-1.125036,1.09125,0.366874,0.890142,-0.252587,-1.704421
validation,0,0,-0.289144,1.936577,1.28164,1.008093,-1.419326,-0.047468,0.427011,-1.010672,-0.171006,-3.151249
validation,0,0,-0.99195,0.7803,0.691102,-0.025824,-0.98959,0.985638,-1.178424,0.422292,-1.908018,1.714219
validation,0,1,0.943013,-0.076926,0.068057,0.35235,0.587202,-0.618736,0.428027,0.962768,-0.74251,-0.552128
validation,0,0,0.204068,1.780119,0.669396,-2.446403,-0.515744,-1.032404,-0.166588,1.440062,0.370702,-0.986547
validation,0,0,-0.350759,0.08555,-0.889824,1.547404,-0.148305,1.123766,1.60848,-0.580583,-0.224235,-0.304422
validation,0,0,-0.530215,0.099082,0.971103,-0.289432,-1.409946,0.422601,0.553686,0.315654,0.560282,1.08491
validation,0,0,0.811212,-0.480418,-0.117397,-0.650674,1.802278,0.697156,0.066848,0.616512,-1.888981,-0.60061
validation,0,0,-0.757264,-0.481255,-0.974723,-0.131764,-1.838617,0.452843,-2.222113,1.204254,-0.575103,-0.112162
validation,0,0,0.619188,0.060425,-0.535585,1.464274,-0.051331,-0.212792,0.319152,1.396834,1.035923,-2.271104
validation,0,0,-0.044862,-0.191051,1.31872,-2.155868,-1.850141,-0.174241,1.253588,0.497652,1.364742,-0.429772
validation,0,1,0.48976,0.016577,0.756108,1.230725,1.492692,-0.30346,1.102386,-0.294329,1.482162,-0.47353
validation,0,0,-1.19658,-1.1118,-0.021931,-0.117006,-0.21018,0.221896,-1.056504,0.670376,0.825346,1.225409
validation,0,1,1.386571,1.452022,0.29228,-0.460937,-2.226056,-0.847112,-1.512542,0.243833,1.031609,-1.681729
validation,0,0,-0.619876,0.083628,-0.339552,0.573029,0.103064,-1.46419,-1.193578,1.183965,0.562653,0.12226
validation,0,1,2.306307,0.753372,0.717955,1.490993,-1.334928,-0.599506,-0.875686,0.428008,-0.43908,-0.207048
validation,0,1,0.585285,0.281427,1.106825,0.080581,0.127949,-0.658338,0.566252,0.02783,-0.033695,1.154919
validation,0,1,-0.693162,0.257808,0.829328,0.633482,-0.937945,0.253339,-0.469551,-0.940907,-1.977821,0.840517
validation,0,0,-0.201077,-1.554235,-1.40247,1.033133,0.602736,0.846953,0.011832,-0.485165,0.383905,0.628336
validation,0,0,0.964591,-0.615415,0.042124,-0.741974,0.817515,-0.84796,-0.47662,-1.438032,0.677975,-0.476108
validation,0,0,1.021266,0.90584,0.908741,1.128181,0.762049,0.841887,-0.294083,-1.769249,0.705606,0.373745
validation,0,0,0.794166,-0.540085,-0.443154,-1.925122,0.992839,1.031104,-2.039363,-0.773512,-0.955127,1.437715
validation,0,1,0.367011,0.677672,-0.373578,0.499687,-0.81709,-0.518106,-0.080502,0.109709,-1.445053,0.723426
validation,0,1,1.701677,-2.013823,0.236273,1.213531,0.93387,1.827093,0.603186,0.630804,-0.410984,0.611536
validation,0,0,-0.123202,0.585672,0.972605,0.758751,-0.896636,-0.994578,-1.540952,1.194531,-0.357774,-1.203477
validation,0,0,-1.062093,0.44776,0.813298,-0.244525,-1.11617,-1.285519,0.68092,-0.811141,-0.402606,-1.496039
validation,0,0,0.481337,0.105132,-0.677723,1.563816,0.218186,0.235897,0.668979,1.180536,-1.747505,0.582017
validation,0,0,-0.288283,-1.432839,-0.154443,0.015824,0.48223,1.033928,1.266522,-1.630825,0.390982,1.077383
validation,0,1,2.172729,-0.05299,0.893575,-1.173816,0.409828,0.60448,-0.027904,-1.917149,0.495183,1.752065
validation,0,0,0.833782,0.672391,-0.292872,-1.455597,-0.898089,0.102077,-2.017888,-0.366642,-0.018167,0.163324
validation,0,0,0.228308,-0.485095,-0.040918,0.851945,-0.264187,-0.203059,-0.200604,-1.26032,0.418753,0.624275
validation,0,0,0.858915,-0.025719,-0.877058,0.309516,-0.673365,-0.228693,1.13007,1.735443,-1.140901,0.076054
validation,0,1,1.357944,-0.220598,-0.419873,-2.011539,0.915642,0.188297,-1.955744,0.495269,-2.120696,-1.092623
validation,0,0,0.509602,-0.056347,0.956545,-0.151568,1.173159,-0.157863,-0.071654,-1.046976,1.213574,0.51358
validation,0,0,-0.509679,0.987126,0.550773,-0.261963,0.123816,-0.083196,0.327697,1.093001,-0.692146,1.811608
validation,0,1,0.400055,0.327298,1.877012,1.610634,0.265938,-0.374883,-0.795169,0.796862,0.378848,-0.262729
validation,0,0,-0.901241,-1.388156,-0.511403,-1.785182,-0.453238,-1.350683,0.937968,0.143612,-0.709314,0.741399
validation,0,0,-0.08467,-0.632391,1.543561,0.509986,0.57467,-0.363499,0.532988,2.57706,0.394445,-0.434452
validation,0,0,0.08505,-0.873569,0.249161,-0.941162,0.714123,-0.80214,-0.187577,0.516963,0.030069,2.562737
validation,0,0,0.108679,0.141574,1.637588,0.37392,0.541297,0.631645,-2.040266,0.460069,-2.068801,-0.462267
validation,0,0,-0.630761,-0.018621,-1.087043,-0.470835,0.662482,-0.13527,0.754512,0.194763,-0.460203,1.031121
validation,0,1,0.636557,-0.369835,-0.08113,-0.285867,-0.507581,-2.489895,-0.042838,1.035753,1.309448,-1.623505
validation,0,0,-0.675551,0.185256,0.218993,-1.28628,-0.988401,-1.705728,-0.718211,-0.454395,-0.852203,0.255429
validation,0,1,0.20845,0.499282,-1.025044,0.01508,0.135588,-0.053588,-0.164735,-0.324921,-1.592468,1.085581
validation,0,1,-1.701922,0.548451,-0.336958,-1.081847,0.766034,0.36889,-0.255402,-0.175658,-0.167677,-0.9036
validation,0,0,0.741999,0.726963,-0.206406,-1.256615,0.329646,0.113401,0.814835,0.251503,0.073383,-0.31872
validation,0,0,-0.618121,0.673082,-0.59909,-1.257628,-0.684498,-0.960246,0.800768,0.241348,0.009965,-1.36602
validation,0,1,0.42992,0.368675,-0.865548,0.576927,0.004245,-0.003097,-0.161665,-0.53012,-0.339163,0.353694
validation,0,1,0.542149,1.441086,0.485821,0.333351,-1.636739,0.576833,0.303232,0.243133,-0.267368,0.409956
validation,0,1,0.965871,1.449777,-0.752468,0.198698,-0.456854,0.903496,-2.022097,-0.124256,-0.221091,0.012374
validation,0,0,0.979514,-2.30955,-0.299506,-0.404656,0.566834,0.42388,-0.27179,0.784395,-1.969291,-0.238051
validation,0,0,-0.526977,-1.771788,0.816637,1.714206,1.203446,0.118403,-0.738118,-0.248332,1.380014,0.284726
validation,0,0,-0.523868,-1.591973,0.384595,-0.080886,0.195609,1.218723,0.854983,-0.224343,1.447602,-2.1055
validation,0,1,0.256547,0.01668,1.299274,0.649623,-0.871111,-2.008938,-0.89322,1.575168,-1.567015,-1.863913
validation,0,0,-1.175104,1.003634,-0.621653,-0.960829,0.735084,-0.736515,-1.677368,-1.5223,0.509585,1.105458
validation,0,0,0.868015,-1.315252,-0.393083,-0.565935,-1.194799,-0.392799,0.564752,-1.966346,0.009195,0.444383
validation,0,0,1.346329,-2.069562,0.145856,0.037301,-2.109411,-0.225289,0.587072,0.604049,0.286923,0.49807
validation,0,0,-1.041236,-1.64629,1.327179,-0.679327,0.225768,1.632214,-0.089558,1.968133,-0.119479,-0.204267
validation,0,0,-0.283042,-1.642639,-1.32859,-0.027369,-0.743549,0.494924,-1.126879,-1.584457,-0.00653,0.247909
validation,0,0,0.022335,0.768369,1.179611,0.221145,0.810553,0.476002,-0.414757,0.106172,-1.815929,0.405371
validation,0,0,-0.441713,-1.298717,-2.071651,-1.216387,-1.86141,2.216066,-1.228714,-1.767484,-0.38326,-1.125817
validation,0,0,0.963995,-0.51105,0.819566,-1.606356,0.522971,-0.979433,0.403116,1.970133,-0.072791,-0.719494
validation,0,0,0.027208,0.774516,0.059871,0.255372,1.788509,-1.210589,1.300983,-1.706728,1.612408,1.749042
validation,0,0,-1.079913,-1.160127,-1.148205,-1.553497,-1.023423,-1.442715,-0.177232,1.004851,-0.877411,0.893368
validation,0,0,-1.212492,0.454839,0.062559,-0.530878,-1.285143,0.625555,0.152246,-0.338318,-1.019029,0.642274
validation,0,0,-1.495852,-0.282951,-1.329591,0.702128,-0.816216,-0.501454,-1.999603,0.413799,0.111073,-0.247429
validation,0,0,-1.638022,-0.651388,0.292141,1.14518,1.806228,-0.709024,0.879019,-0.34943,0.835492,0.286854
validation,0,0,-0.831478,0.548716,-0.911826,-0.188271,1.642758,-0.522164,-0.771174,0.482355,0.465705,0.052339
validation,0,0,-0.114762,-0.05786,0.224804,1.36646,0.356747,-0.279918,-0.562444,0.488578,0.71671,-0.141965
validation,0,0,1.22846,-0.649428,0.580868,0.03478,-0.885191,1.063353,0.119571,1.292665,1.005366,-0.963255
validation,0,0,-0.791677,-2.659764,-0.2139,0.13179,0.091214,-0.820532,-0.552076,1.143022,1.728076,0.194031
validation,0,0,1.449504,-0.539301,-0.6798,1.211494,0.520797,0.845115,0.548295,2.511943,-0.847851,0.547482
validation,0,0,-0.55517,0.014768,0.614806,-0.797433,0.727146,0.270608,0.531444,0.733451,0.417265,-0.167489
validation,0,0,-0.072432,-0.638697,1.294547,1.353663,0.80956,-0.287147,0.466383,0.594332,0.87019,-0.447593
validation,0,0,-1.060317,-0.961457,0.953733,-0.189944,0.438553,-1.727275,-0.320345,0.715038,0.195908,0.758976
validation,0,0,1.34123,1.515525,-1.191184,0.21327,-0.27753,1.655259,0.843811,-1.276693,-0.048694,-0.847596
validation,0,0,0.43473,-0.1154,-0.410218,-0.706671,0.50135,0.072881,-0.508913,0.351349,0.559756,0.651714
validation,0,0,-0.431794,-0.743807,1.938942,0.260132,-0.050393,-1.577728,-1.064075,-2.230303,0.855232,-0.926701
validation,0,0,-0.93359,-2.031665,0.166932,1.430196,-1.111252,0.025728,-0.918776,0.49639,-0.332329,0.735172
validation,0,0,-0.735389,-0.35973,1.397345,1.672736,0.140865,-0.085228,-1.841486,-1.506745,0.337339,1.315318
validation,0,0,1.646493,0.344201,-0.375489,1.514993,-0.034773,-0.091341,-0.266854,0.120668,0.249493,1.399539
validation,0,0,-0.885983,1.801252,-1.460422,-1.824937,-1.493669,-0.645136,-2.618137,1.128274,2.313547,0.598525
validation,0,1,2.561851,1.635058,-0.166497,-1.090083,-0.267447,1.99312,0.361435,-0.87081,0.285827,-1.298289
validation,0,0,-0.065838,-0.861275,-0.211836,-0.204067,0.516038,-0.779417,-0.341059,0.673655,-1.288869,2.83019
validation,0,1,0.221092,0.833072,-0.226044,-0.056784,-0.947093,1.294847,1.143657,-0.578474,0.763248,0.536345
validation,0,0,-0.221574,1.432055,0.763024,0.052436,1.300439,0.777392,1.256537,-0.085707,0.677411,0.903031
validation,0,0,-0.615451,-1.122971,1.680843,0.758202,-0.743665,0.504083,0.04717,1.145958,0.723866,-2.382025
validation,0,0,0.11202,-2.754419,1.052908,-0.35013,-0.247748,-0.554406,0.76826,-2.601064,1.851904,0.165575
validation,0,0,-0.341709,-0.845664,0.071828,-0.495875,0.046436,0.845879,-0.298912,0.852984,0.846003,-0.812317
validation,0,0,-0.418155,-0.5729,-1.495067,0.67622,1.646957,0.993692,-0.113245,-0.388517,-0.753274,0.611537
validation,0,1,0.644585,1.295884,0.102949,0.409484,0.161357,0.167371,0.204263,1.198246,-0.225078,0.313759
validation,0,1,0.488133,0.902431,1.999061,-0.125387,0.89183,0.520831,1.013525,1.320188,-0.66051,-0.087835
validation,0,0,1.802289,1.284994,-0.142695,-0.385727,-0.457314,1.567002,-0.018427,-0.008047,-0.538491,-0.087471
validation,0,1,-1.02524,-0.979702,1.442644,0.394543,-0.57537,0.820777,-0.512917,-0.375353,0.566548,0.328637
validation,0,0,1.055396,0.737245,1.087133,-0.078561,1.251482,1.193484,1.00292,-1.559126,0.141039,-1.640684
validation,0,0,-1.474169,0.129938,-0.343685,-0.505504,-0.827184,-0.275218,-1.389075,-0.284379,-0.62476,-0.483385
validation,0,0,-2.203889,0.127283,-0.119179,-0.839691,2.167459,-0.829394,-1.161741,-0.254876,0.039854,-0.47728
validation,0,1,1.925828,0.709342,0.238673,-0.71672,0.784825,-0.303312,-0.410338,0.267324,1.687073,0.203407
validation,0,1,0.182732,-0.265596,0.306511,-0.919301,-1.081704,0.521339,0.268782,-0.794516,0.894306,1.292927
validation,0,0,-1.44787,-0.408454,1.385504,0.337276,0.928771,0.282404,-0.886995,-0.50508,-0.694263,-0.494901
validation,0,1,0.563955,-0.846268,0.628724,0.768973,-0.159299,1.635785,1.155121,-0.846074,0.271384,0.388782
validation,0,0,0.098988,0.261405,0.170661,0.127793,1.24363,-0.821591,-0.36182,0.144984,-0.394299,-0.836009
validation,0,0,-0.138284,-1.746568,0.226895,1.451487,0.244364,-0.413056,0.078178,2.13123,-1.8358,0.592621
validation,0,0,-0.247436,-0.216113,-0.247914,0.994643,-0.190682,-2.041429,0.262715,-1.31162,0.031335,1.033785
validation,0,0,-0.072765,-0.261278,0.098031,-0.013376,-1.656592,-0.586907,-0.94614,-1.016359,-1.043161,-0.973156
validation,0,0,-0.829071,-0.280866,1.777801,0.785751,-1.464748,-0.379026,-0.825799,2.191957,-0.153358,1.295931
validation,0,1,1.800397,0.264729,0.145402,-0.155045,-1.888774,-0.101964,0.46545,-0.942028,-0.323295,-1.742588
validation,0,1,1.961339,-0.105591,-0.840082,0.41072,-0.47303,2.422472,0.067084,0.940542,0.822601,0.952456
validation,0,0,-1.037187,-0.467008,0.34116,0.206508,1.942866,0.264445,-0.303226,0.223582,0.288794,-0.276708
validation,0,1,0.483945,0.598051,2.089641,0.106262,0.372863,0.215314,-0.454981,-0.105817,0.734755,-1.837008
validation,0,0,1.562547,-1.803972,0.599086,0.142622,0.208793,0.169087,-1.523715,-1.126721,-0.883396,-0.149829
validation,0,0,1.373194,-0.863672,0.250183,1.135776,-0.91483,-2.081666,-0.91323,0.629397,0.854475,-1.256445
validation,0,0,0.257075,1.352347,-0.486678,-0.475856,-0.582192,-0.322143,0.761517,0.897959,-0.197993,1.003663
validation,0,0,-1.308688,-1.005305,-0.154201,-0.017057,0.038058,-0.835209,0.195967,-0.36234,0.58598,-1.44665
validation,0,0,0.101798,-0.060633,-0.954365,0.549316,-1.268089,-0.156281,-0.157075,0.842951,-0.153447,1.736348
validation,0,1,0.615351,-0.092081,1.874231,-0.234934,-0.090056,0.636347,0.626311,0.212645,-0.748258,0.385465
validation,0,1,0.948405,0.300387,-2.124709,1.148357,0.308074,-0.322748,-1.528924,-0.617267,0.486634,0.28391
validation,0,0,-0.716772,-0.201088,-1.349074,1.170474,0.211825,0.002985,0.147081,-1.487331,-1.59392,1.432888
validation,0,0,0.030395,0.332466,1.19711,-0.112439,-1.440141,-0.184808,0.006182,0.325258,-1.12752,0.371545
validation,0,0,-0.594268,-1.330766,0.377149,0.977003,-1.004289,0.637021,-0.283062,0.43302,-0.601981,0.580171
validation,0,0,-0.519431,-1.755632,0.124862,-1.36887,-2.063289,0.838344,1.006556,0.683502,-0.712852,-0.0604
validation,0,0,-0.42288,1.950604,-0.397652,-0.037492,-1.32079,-1.191117,0.223412,0.959244,-0.955359,1.996332
validation,0,0,-0.218326,-1.913443,-0.051305,-0.423681,-1.30839,-0.948735,1.49877,0.896141,-0.106281,-1.320552
validation,0,0,-0.037819,-2.062539,0.771389,0.534751,0.762748,-1.824813,0.773605,-1.278854,0.480304,-0.269725
validation,0,0,-0.37756,-1.0421,1.442222,0.636143,0.422419,-0.325668,-0.045643,-0.789873,0.872555,0.478172
validation,0,0,-0.646414,-1.380096,-1.971256,0.305553,0.235332,-0.073201,2.053109,-0.973174,0.967395,-0.745828
validation,0,1,0.079161,0.694121,0.601054,-0.07625,-0.992892,0.835525,-3.397314,-0.31047,-0.120368,-0.638513
validation,0,0,-1.288881,0.995283,0.551325,0.127593,-0.113937,-1.291822,-0.658237,1.234851,0.141597,-1.820968
validation,0,1,1.593317,-0.23804,-1.371748,-1.150338,-0.276983,0.775391,-1.552993,0.691773,-0.498346,-0.992327
validation,0,0,0.384423,-0.931889,0.378774,-0.312358,-0.975582,-0.876411,-0.023719,1.550931,-2.384966,-0.489046
validation,0,0,-0.023917,0.77796,0.767198,-1.056353,-1.018893,0.079668,0.378118,0.647409,0.724174,-0.504019
validation,0,0,-0.005703,0.301141,1.32351,-0.68718,0.115531,0.346378,0.41477,1.233909,-0.587148,0.429432
validation,0,0,-0.054212,-0.60859,0.028435,-1.454349,0.015731,0.527005,-0.554793,-1.137045,-1.486946,0.337998
validation,0,0,-0.586905,-0.138096,-1.487095,-0.347831,1.244849,0.663015,0.656151,0.178461,-0.514405,-0.463987
validation,0,0,1.204962,0.961998,1.193056,-0.084369,0.414314,0.727931,0.327494,2.376627,-0.042268,-0.299342
validation,0,0,1.787058,-0.423045,-0.866423,1.456903,0.09825,1.072024,-0.07835,-2.067351,0.25704,-0.177884
validation,0,0,-0.792235,1.620032,-0.09171,0.958898,0.874544,0.579733,-0.156291,-0.280551,-1.406062,0.306309
validation,0,1,0.622076,0.478405,-0.918788,0.40763,-1.328649,-0.563334,-1.118123,-0.267302,1.638032,0.732128
validation,0,0,0.800067,0.996678,0.134835,-0.607273,-0.707986,0.484423,0.212781,-0.800181,-2.054597,-0.785122
validation,0,1,0.428853,1.38236,-0.331568,-1.37938,0.892087,1.109561,1.228892,1.147026,0.305617,1.478054
validation,0,0,1.201972,-2.574207,-0.038847,-0.270039,0.648735,0.521764,0.154678,-0.411546,0.131717,0.592071
validation,0,0,0.254973,-0.995859,-0.650059,0.692588,0.954364,-0.722668,0.607902,-1.314554,-0.947859,-1.068853
validation,0,0,0.327183,-0.252335,-0.952007,0.114301,-0.04817,-0.937414,0.225116,1.380727,1.146289,2.576476
validation,0,0,1.21843,-1.298013,-0.503257,-0.637117,-0.293649,0.939686,-0.277107,1.533261,-0.676107,-1.621499
validation,0,0,0.798608,0.288652,0.303667,0.437683,-0.735276,-0.401131,-0.708705,-0.071929,0.947132,-0.028993
validation,0,1,-0.612481,-0.966885,1.052062,-0.72713,-0.642937,0.289166,0.10548,-0.833245,1.831288,0.138108
validation,0,1,0.642193,1.645638,-1.622485,1.041266,0.075173,0.181575,-0.155118,-1.280653,-0.094564,1.48441
validation,0,0,-1.915187,0.291806,-1.036763,-0.320111,-0.196642,-0.270015,-1.065968,0.98164,1.07226,-2.398557
validation,0,1,1.229407,-0.097244,0.164995,-2.192015,2.664132,-0.191575,-0.956904,-1.391988,1.194145,0.387897
validation,0,0,1.5537,-2.46266,-0.154039,-0.576311,1.019604,-0.948618,-0.531129,-0.399907,0.534997,0.735902
validation,0,1,0.192258,-1.102046,1.212699,0.550474,0.622778,-1.09069,0.334622,1.163017,-2.845325,-1.844849
validation,0,0,-1.532788,-0.894678,2.159615,-1.352871,1.004048,-0.497327,0.137508,0.800947,-0.438469,-0.786675
validation,0,1,0.832027,0.651926,0.90461,-0.009626,-1.890263,0.422203,0.49164,1.056662,0.202701,-0.201731
validation,0,1,-0.032777,-0.936329,0.297247,0.042201,0.589263,2.713195,-0.230277,0.840048,-0.497074,0.856889
validation,0,0,-1.360576,0.595496,1.069519,-0.661648,-0.409918,-1.69517,-0.255943,-0.743042,-0.092831,1.7771
validation,0,1,0.27274,0.535882,1.522231,-1.530741,-0.720334,0.710302,-0.420356,0.629106,-0.895456,-0.205702
validation,0,0,1.149053,1.211943,-0.341551,1.372284,-0.395109,1.205034,-0.995275,-0.059454,-0.708314,2.41983
validation,0,1,0.271773,1.244493,1.211966,0.425079,0.845909,0.604357,-0.445312,1.349471,1.152393,-0.262741
validation,0,0,-0.263499,1.015037,-0.524133,-0.419191,1.360104,-1.507263,-1.809947,1.216068,-0.665539,-0.614562
validation,0,0,-1.839776,-0.188039,0.565768,0.485586,2.777795,-0.101677,2.906312,-1.013284,-0.837807,0.276085
validation,0,0,-1.710573,1.088573,0.198729,0.573825,1.039279,-0.841511,1.058324,1.827323,-0.622264,0.885006
validation,0,0,-0.83756,0.542757,0.424142,0.457473,-0.691687,-0.679849,-0.545089,-1.495569,-0.554684,1.540454
validation,0,1,0.465415,0.103028,0.155663,0.703462,-0.369533,-1.101595,-1.634786,-0.115448,1.031602,-0.313638
validation,0,0,0.169384,1.967995,-1.076264,0.942594,-1.498935,0.04064,0.675465,1.275847,1.54619,-1.466788
validation,0,0,-1.851025,0.499962,0.072953,0.140987,0.875585,1.094029,-1.171245,-2.542475,-0.936349,1.501219
validation,0,1,0.135925,0.390878,0.25032,0.917062,-0.227182,-0.5208,0.871226,-0.696453,0.382157,-1.299237
validation,0,0,-1.508929,-0.871545,0.802712,-1.542194,0.372283,-0.021584,-1.588127,1.382319,0.93165,0.340932
validation,0,1,-0.118118,1.407904,-0.057117,-0.758738,0.415526,0.833804,0.998603,-0.645415,0.496959,0.726423
validation,0,1,3.582902,0.070205,-0.379811,0.639854,0.966996,-0.757141,0.174524,-1.422953,-0.23375,0.517701
validation,0,0,0.024949,-0.23056,-0.456633,0.397626,-1.208129,1.586288,-0.839976,0.071969,0.065186,0.048556
validation,0,0,0.465092,0.840909,0.080052,0.668523,-1.249961,0.061915,-0.199441,0.161167,0.266223,-0.741475
validation,0,1,0.515764,3.12149,-0.314158,0.631153,0.815978,1.500209,1.20985,0.576955,0.714158,-0.56044
validation,0,1,-0.309222,1.301682,-0.29598,1.419628,1.133335,0.648715,-0.807419,0.654816,-1.246964,-0.527758
validation,0,1,0.07381,-1.564938,0.388834,-0.447667,0.033199,-0.035448,0.332828,0.356298,0.76576,-0.046673
validation,0,0,-0.368074,-0.948513,0.678035,0.992039,-1.156131,0.701455,0.692339,-0.731578,0.867559,2.332265
validation,0,1,1.180726,-0.342672,0.960338,0.792486,-1.654869,-0.701423,1.092257,1.208068,0.173036,-1.404157
validation,0,0,-1.279561,1.265669,-0.596393,-0.0417,-1.437159,1.515873,1.019788,0.378239,0.74137,0.385599
validation,0,1,-1.030984,0.010022,1.463688,1.014331,1.461927,0.286503,0.760612,0.934324,-0.779423,-0.919382
validation,0,0,-1.892097,-1.518167,0.792151,1.260617,-0.731289,0.026129,0.596472,-1.070681,1.217934,1.025989
validation,0,1,-0.46875,-0.545527,0.922575,0.523151,-0.73567,0.073313,-1.215304,-2.059617,-0.322976,0.012906
validation,0,0,0.569063,-2.078321,1.542228,0.828681,-0.407537,0.445611,-1.010845,-0.869751,-0.703792,0.918667
validation,0,1,-0.307896,0.500935,-0.903099,-0.893619,-0.536638,0.491319,-0.791728,-0.0862,0.313248,-0.413471
validation,0,0,0.06803,1.642255,-0.135803,0.901114,0.819544,0.604258,-1.058968,-0.123363,-1.814039,-1.752801
validation,0,0,2.202549,-0.463248,1.004129,-0.726498,-0.352449,0.708343,-0.497012,1.046933,0.683119,-0.967026
validation,0,1,1.367933,0.568896,-0.628104,1.570266,1.648148,-0.569109,0.082351,1.279979,0.563065,1.441501
validation,0,1,-0.529936,0.060467,1.579614,0.083244,1.005484,0.658767,-1.27021,1.046206,1.169672,-0.686155
validation,0,0,-0.702666,0.583401,-0.77055,0.963036,0.54022,-1.820281,0.603646,-1.496654,-0.088614,0.274642
validation,0,0,0.450114,-0.152578,0.407913,-0.397264,1.422202,1.038039,1.245089,-2.622976,0.833375,0.716976
validation,0,0,0.572409,0.204583,-0.917665,-0.833304,0.444791,-0.590296,0.572587,0.331682,1.331298,0.155823
validation,0,0,-0.680967,-4.190936,0.875703,-0.141274,-0.973909,-0.723128,-1.059223,0.694782,0.045548,1.387744
validation,0,0,-1.497194,-0.327332,-0.360622,2.012432,0.178056,-0.253294,0.525338,-0.273529,-1.677604,-0.670463
validation,0,1,0.015451,-1.288091,-1.178807,1.405869,-0.792422,-1.608991,1.262183,-0.442669,0.372888,-0.066709
validation,0,0,1.039325,-0.254958,0.203402,-0.901433,2.059992,0.093645,-0.642534,-1.742182,0.831431,0.276922
validation,0,0,-0.277874,-0.327135,0.532653,0.531422,-0.361781,0.109277,1.396012,-0.370633,1.509528,-0.730869
validation,0,0,-1.74134,-2.182732,-2.102041,1.49929,-0.515409,-0.67558,0.202274,-0.11148,0.913742,0.288938
validation,0,1,1.870752,-0.901321,-0.246593,-0.599357,-0.733564,-1.384315,0.772374,1.081803,0.630142,0.504723
validation,0,1,-1.443811,-1.089624,1.53658,0.629419,0.330472,1.341413,-0.011863,0.979625,-1.082187,-0.282482
validation,0,1,2.021745,0.463511,-0.055161,0.090014,1.008406,-0.049288,-2.53429,1.07187,-0.504213,0.407701
validation,0,1,-0.531557,1.830912,1.722847,-1.138347,0.217058,0.063405,1.422242,0.217205,-0.285875,-0.768371
validation,0,0,-0.070888,-0.672788,0.339031,-1.324185,0.002491,-0.241871,0.070655,-0.210619,-0.207884,0.424538
validation,0,0,0.228963,-0.230914,-0.868615,-3.491311,0.403558,0.488293,-0.242013,0.352551,0.203695,-1.036701
validation,0,0,-0.375931,0.953068,-0.529055,0.019867,2.050259,1.600036,-0.119415,-1.167071,0.315197,1.834864
validation,0,0,0.034417,-0.769282,0.72915,-0.204138,0.504135,1.167308,-0.231715,-0.787921,-0.825368,-0.770055
validation,0,0,1.23465,-0.023561,0.984615,-1.048775,1.100208,-1.328612,-0.213686,1.643444,-0.980139,0.086842
validation,0,0,-0.044665,-2.552151,1.067162,0.615641,-0.481558,0.821498,-0.567692,0.102518,-0.125722,1.152726
validation,0,1,0.280934,-0.2803,-1.016972,0.902198,1.940719,1.368367,-0.041239,-0.541949,0.344907,-1.264075
validation,0,1,0.084489,-1.327867,0.327324,2.702828,-1.121864,-1.33684,-0.288331,-0.605427,0.041432,-0.976747
validation,0,0,-0.217702,1.039654,-1.979363,0.11248,1.797405,1.408626,-0.289057,1.559908,0.958575,-0.458238
validation,0,0,-1.256367,0.361032,-0.95234,0.637261,-0.183586,-1.066526,-0.657408,-0.250363,1.917756,0.605844
validation,0,1,0.759231,-0.237211,0.044306,-0.86865,0.534557,-1.043554,-0.799246,-1.778469,0.302323,1.348633
validation,0,1,0.767352,1.325373,-2.05261,-2.009865,-0.778764,0.913466,-0.983666,-0.91253,1.681781,-0.819707
validation,0,1,-0.976921,1.196998,0.503019,0.126474,0.29553,-0.081361,0.109671,-0.61842,0.353094,-0.815888
validation,0,0,1.013709,-0.675501,0.481064,-1.40365,-0.132292,-0.212002,-2.302265,1.389996,-1.549402,0.071561
validation,0,0,-0.912107,0.533704,0.60084,-0.829446,-0.40664,0.878441,-1.376699,1.272798,0.855803,-0.855885
validation,0,0,0.1473,-1.436215,0.246514,0.822481,-0.254589,0.068602,-0.344921,1.424214,-0.766405,-0.062336
validation,0,0,0.467706,-0.772051,-1.208152,0.290973,-1.093562,-0.706702,0.377811,0.462831,0.970317,1.933274
validation,0,0,-0.481309,1.183724,-1.492396,2.080949,-0.769455,0.850722,0.130321,-0.958356,0.601155,1.095972
validation,0,0,1.425577,-1.200836,-1.714678,-1.414064,0.364254,-0.867524,-0.740878,-0.909415,-1.201259,0.838192
validation,0,0,-0.635622,-0.763243,0.566462,-0.573331,-0.841598,0.018166,1.097733,-0.375206,1.503517,-0.075041
validation,0,1,-0.957661,1.384436,-0.20964,-0.716492,1.852183,0.529699,-0.642116,-1.195239,-0.680233,-1.257192
validation,0,1,0.319911,1.784522,-1.682046,-0.026477,-0.435465,-1.953398,0.785545,-0.864909,1.699731,1.388272
validation,0,0,0.604736,-1.01319,0.293427,-0.503094,-1.12434,-0.880521,-1.126973,-0.21548,-0.634731,-1.147222
validation,0,1,0.545978,-0.231383,0.424293,1.349082,0.1711,0.15894,-1.33457,0.026016,0.228489,0.199044
validation,0,0,-0.896527,0.274249,-0.793661,1.800999,-1.005661,-0.98662,-0.394578,1.409747,-1.815513,-1.01125
validation,0,0,-1.105656,-0.650686,0.21867,0.296739,1.482537,-0.433498,0.087294,-1.203101,-0.243907,0.135006
validation,0,0,-2.095481,0.406531,-1.126808,1.892575,-0.585295,-0.062042,1.58468,-1.515022,0.798225,-1.14978
validation,0,0,-0.755261,-1.552877,-0.040268,1.396822,1.12241,-0.177592,-0.566722,1.867408,0.141753,-0.154437
validation,0,0,-0.499166,-1.266762,-0.373536,0.08627,-0.517871,0.284044,1.982928,-0.666893,0.382942,-1.780773
validation,0,1,2.155842,0.477713,1.544044,1.03262,0.733747,-0.211093,-0.079969,-1.800478,0.773193,-0.669566
validation,0,0,0.338947,-0.289122,0.135952,0.081418,-1.163372,0.622439,-1.106864,-0.409189,-0.181951,2.69225
validation,0,1,-0.327464,1.107897,0.058119,0.310312,-0.15946,0.458469,-0.260922,1.498001,1.021924,1.403936
validation,0,0,0.436066,-1.873388,0.227464,-0.776332,-0.882557,0.100743,1.121467,0.911379,-0.841793,-0.094041
validation,0,0,0.635808,0.002757,0.259706,0.862218,-1.214379,-0.714571,2.201632,0.60541,1.864837,1.613543
validation,0,0,0.180208,-0.05794,-0.356045,-0.801492,0.208352,-0.385732,-0.501762,-0.794036,-1.673982,0.800715
validation,0,0,0.703831,-1.230541,0.765059,-0.465779,-1.676661,0.194073,-0.772603,-0.140601,-0.899627,-1.410913
validation,0,0,-2.07826,-0.454215,1.250424,-1.075258,0.888417,0.199369,0.019963,0.727842,0.566901,-0.508918
validation,0,0,-0.169175,0.61104,0.811847,0.085656,-0.3231,-1.439277,0.653313,-1.958929,0.455437,-0.460291
validation,0,0,-0.752683,0.083892,-0.142193,-0.748204,1.594859,-0.469369,-0.665605,-0.622467,-1.329378,-0.957829
validation,0,0,-1.725316,1.761639,1.070306,-0.219357,-0.002888,0.411712,0.64821,-0.20641,-1.463648,0.27534
validation,0,1,0.740921,1.579,0.495771,0.858416,1.522408,0.380703,0.20828,1.767217,-0.730029,-1.666224
validation,0,1,0.007984,0.791275,1.317311,1.956345,0.393651,0.588731,2.28069,-0.04599,-0.521602,-0.910972
validation,0,0,-0.923059,-0.307439,-0.381928,1.398174,-0.359862,1.401398,-0.894746,1.635606,-0.273416,-0.225885
validation,0,1,-0.622826,-0.233024,0.62378,-0.060175,-0.029715,0.074568,1.435331,-0.493957,1.35076,1.302222
validation,0,0,-0.308766,-1.649859,-1.901561,-1.61782,-1.040861,-0.760986,-0.812771,1.852758,0.265306,-0.855317
validation,0,0,1.309433,-0.388103,-0.3094,0.092709,1.922154,0.121323,-0.080288,1.143784,0.167115,-1.182232
validation,0,0,0.711489,-0.271259,-1.512009,0.731733,-1.814915,1.3307,-2.673085,0.6372,-0.905866,1.144049
validation,0,0,0.987445,-1.039599,-1.678166,1.166731,0.614787,-0.641425,0.140898,1.663506,0.265519,0.372812
validation,0,1,-0.348988,0.206595,-0.192955,0.088001,0.5334,0.798168,0.324882,-0.187112,-0.112021,0.649768
validation,0,1,-0.446593,1.075774,0.066994,0.951851,1.250374,-0.598407,1.487964,-0.465167,0.084436,-1.701306
validation,0,1,1.084389,0.008493,0.303112,-0.462955,1.622936,1.635854,-0.004113,0.347099,1.117766,1.830934
validation,0,0,0.127971,0.35744,-0.281796,-0.90014,-0.152553,0.007147,0.393735,0.431596,-0.294196,-0.339063
validation,0,0,0.794353,0.71966,-0.120453,-0.23097,0.360911,-0.589878,0.003804,-2.048925,-0.046827,-0.683703
validation,0,0,0.611203,-0.268345,0.089322,-2.008647,-0.143725,0.754357,0.713852,-0.269433,1.030371,-0.950002
validation,0,1,2.366904,0.400096,1.452809,-0.598341,0.531322,0.005887,-0.694153,0.014184,-0.177224,-0.313185
validation,0,0,1.125745,-1.052428,-1.146696,-0.875547,-0.201314,0.572571,-1.215995,0.163314,1.230457,1.54202
validation,0,0,-0.170148,0.098139,0.11095,0.884566,0.868922,0.455961,1.01754,0.805071,-0.914172,1.351562
validation,0,1,-1.243728,-2.358424,1.612802,0.730179,0.178971,-0.247046,0.071978,2.01079,-0.136799,-0.277074
validation,0,0,0.052805,0.692804,-0.378829,1.328149,-0.497938,0.02572,0.181577,0.96964,0.091289,0.744695
validation,0,0,0.609014,-0.910053,0.592274,1.122523,0.0681,0.239135,0.449042,-0.237135,0.206281,-0.896184
validation,0,0,-0.177017,0.581632,-0.810021,0.877519,0.586306,-0.444376,0.101123,0.205416,-0.899725,0.087187
validation,0,1,2.051058,-0.026415,0.177368,0.483145,-1.979411,-0.732922,-0.761885,-0.166048,-0.0181,-0.48464
validation,0,0,0.278361,-0.314387,-0.030588,-1.063962,-0.433404,1.532928,0.536871,-0.250051,-1.412224,0.060851
validation,0,0,-2.110686,0.163716,-0.598003,-1.939509,-1.521806,0.013281,-0.108571,-0.151807,-1.644539,1.139504
validation,0,1,0.781293,0.196751,1.181033,-0.224088,0.353081,0.239213,-0.546871,0.353361,-0.42862,0.583573
validation,0,1,2.480392,0.42433,0.29739,-0.661417,1.357084,0.679259,-0.111247,-1.515413,0.922904,-0.363585
validation,0,0,0.000953,1.913433,1.242007,-0.898853,0.229756,-1.664353,0.241021,-0.896828,0.440002,1.425739
validation,0,1,1.461699,0.111863,-0.178616,0.398124,-1.773198,-0.493668,-1.761428,-0.503789,-0.515588,1.093347
validation,0,1,0.689854,1.447829,-0.434842,0.863923,-0.288043,0.211143,0.203103,0.484678,-1.692004,-0.263189
validation,0,0,0.199341,0.878236,-0.815932,1.93486,-0.375455,0.697492,0.332698,-0.030548,-0.124296,-0.296798
validation,0,1,1.166549,3.020779,-0.883659,0.962312,1.151945,-0.591445,-0.05237,0.535575,-0.781687,0.814526
validation,0,0,-0.048592,-0.832142,1.663669,-0.128851,1.361374,0.709722,-1.098176,-0.020984,1.283486,0.757544
validation,0,1,-0.446922,1.435999,-0.409701,1.332354,-0.148089,-1.168578,-0.245388,-0.738728,0.747586,-0.343066
validation,0,0,1.471804,0.43769,0.519875,-2.056771,0.214105,0.7623,-0.404136,0.52081,0.500975,-0.536754
validation,0,0,-0.503865,-0.02666,-0.842835,-0.294732,1.546417,-2.923842,-0.973944,-0.478517,1.214632,-1.231001
validation,0,0,-2.092289,-0.392962,-0.71801,-0.261317,0.820798,-0.324735,0.618786,0.169497,-1.871121,0.211767
validation,0,0,-1.290597,-1.044288,1.369843,-0.130877,1.433281,0.752794,-0.585907,0.530706,0.025773,-0.041196
validation,0,0,1.063666,0.506409,0.596955,-0.619571,-0.479102,-0.087003,-1.436601,-1.598367,-1.762521,0.656124
validation,0,0,0.386343,-0.574582,-0.899357,-0.642518,0.123229,-0.880951,-1.650358,0.006404,-0.699662,0.227704
validation,0,1,1.797859,0.298851,1.349075,1.644134,0.634195,-0.322665,-0.290908,0.033123,1.823156,0.024274
validation,0,0,0.205022,-0.471736,-0.679872,0.810613,-0.942969,-0.01762,-0.187046,1.36456,0.451592,-0.15205
validation,0,0,0.83717,-1.254594,-0.770113,-0.839327,-1.964449,-0.386199,-0.457921,-0.191943,-1.844998,-0.109932
validation,0,0,-1.247685,0.276901,0.619761,-0.479856,-1.025959,-1.103046,1.734733,-0.098902,-0.041939,-0.897695
validation,0,1,3.096984,-1.858795,0.635917,-1.10229,-1.254834,-0.952672,-0.289601,0.309076,0.106227,1.212658
validation,0,0,-0.281692,-1.160298,-0.219858,-0.039532,0.082535,-1.536998,-0.401913,-0.594356,-0.736493,0.82708
validation,0,1,0.706426,1.711146,-0.025046,-0.786106,-0.715798,-0.731639,-0.134101,-1.264877,-1.52237,0.613469
validation,0,1,0.83095,-1.218596,0.25566,2.017976,-1.061052,-0.896922,0.686499,0.889893,1.66189,-1.01695
validation,0,1,-0.350231,1.364549,1.935779,-0.918749,-0.239304,0.10035,0.811266,0.12341,0.100335,0.578525
validation,0,1,-2.061156,-0.801268,1.715285,0.593668,0.931458,-1.352304,-2.279748,-0.84758,-1.046316,-0.950275
validation,0,0,-0.466507,-1.209839,-0.705898,-0.271207,0.56587,-1.40511,0.671379,-0.290467,0.383901,0.850726
validation,0,1,-0.071527,0.454153,0.301711,0.024041,1.232756,1.864757,-1.644384,2.596187,-0.213078,-0.785805
validation,0,1,0.076058,1.180874,-0.764004,1.147269,0.827938,1.614723,-1.218264,0.461426,0.118938,0.956076
validation,0,0,0.300736,1.638712,1.55691,-1.131329,-0.305717,0.864169,-0.13773,-0.390045,0.088667,-1.424322
validation,0,0,-0.30839,1.146407,0.423212,-0.774742,1.559067,-1.086495,-0.779469,0.242525,0.007655,-0.394642
validation,0,1,-0.265397,-0.170749,-0.648413,1.329892,0.193229,-1.168968,0.840962,-0.187358,-1.536305,-0.77642
validation,0,0,-0.776889,-1.5895,0.886686,1.289567,0.596806,0.163134,-0.532092,0.958112,-1.590103,-1.208273
validation,0,0,-1.090638,0.871873,1.392004,0.531571,0.022817,-1.407416,-0.176654,0.22971,1.189864,0.04071
validation,0,0,1.183829,1.808541,-0.863321,0.516934,2.559226,0.154331,0.03416,0.056538,-1.114291,0.575993
validation,0,0,0.15673,0.767895,0.004669,0.93629,0.512695,1.67695,1.173393,-0.787556,0.060771,0.672008
validation,0,0,0.198049,-1.02504,1.925669,-0.760899,0.605723,0.694646,-0.16244,1.800474,0.369641,-0.40488
validation,0,1,-1.448061,0.774256,-0.98421,1.392753,-1.383976,-3.039538,-0.973111,0.549798,-0.25776,1.333148
validation,0,1,0.534886,1.326461,-0.244601,-0.258914,0.190799,1.201823,0.206024,0.320492,0.192028,-0.253563
validation,0,1,0.57986,-0.645361,-0.337494,0.734385,1.67254,-1.457111,-0.137749,1.019568,0.057545,0.169894
validation,0,1,0.198347,1.119252,0.806376,0.620952,1.736393,1.869432,0.452238,-0.528923,-0.599396,0.200369
validation,0,0,0.385364,-0.602439,-0.114331,0.353826,-0.399071,-0.034231,-0.096223,0.113544,-1.065688,-0.580861
validation,0,0,0.284392,0.097318,-0.817216,-1.099394,-0.800878,1.043853,0.284424,1.431877,1.003029,-1.170523
validation,0,0,1.103356,-1.346228,-0.968799,1.171466,-0.597248,0.208808,-0.838707,0.514523,-1.09789,0.366639
validation,0,0,-0.106315,-0.592281,0.11503,-1.717893,1.091057,-1.267408,1.159667,1.304235,1.041665,-1.437274
validation,0,0,0.737023,-1.266338,0.120653,-1.579977,-0.565977,-0.339549,0.374548,-0.737785,0.724039,1.180871
validation,0,1,-0.888119,-0.829217,-0.702434,-1.058935,-1.61676,0.216997,1.550936,-2.035999,-1.179337,-0.49233
validation,0,1,0.056846,0.866321,-0.966076,-0.987092,-0.496688,-1.560924,-0.002899,-0.934391,1.28596,-0.837712
validation,0,0,-0.195131,0.350801,0.647808,0.30276,0.040067,-1.180126,-0.377692,1.663898,-1.153516,0.105232
validation,0,1,1.100987,1.420724,-1.758858,-0.97825,2.075972,0.610837,0.507474,0.547921,-1.734274,-2.52441
validation,0,0,-0.26755,-0.17188,-0.605579,0.459505,-1.204897,0.173019,0.151105,0.519422,-1.399672,-0.966561
validation,0,1,1.927242,0.528245,-0.1806,0.631847,-0.270168,1.062708,1.002158,-0.350159,0.483083,0.55814
validation,0,0,0.927479,1.066532,0.997727,2.087081,-0.436847,-1.165877,0.017749,1.049102,-0.262167,0.167731
validation,0,0,0.865269,-1.066646,-1.294409,-1.937612,0.264267,-0.794022,0.263125,0.002756,-0.934034,0.150467
validation,0,1,0.145443,-0.053111,1.143617,1.052128,-0.274136,-0.707998,-1.598308,-0.398142,1.330965,0.451182
validation,0,0,-1.400074,-0.686448,0.451163,1.639207,-0.288893,-1.062338,0.481564,-1.142726,-0.966449,1.795967
validation,0,1,0.342789,1.826828,1.291329,-0.73606,0.046386,-1.70458,-0.522561,-0.606763,-0.576105,-0.758661
validation,0,0,2.153334,-0.682822,-2.508423,-0.917997,0.797569,1.407215,-0.360167,-1.262972,-0.450483,0.919358
validation,0,1,0.87368,0.73807,-0.025381,-0.677803,-1.737287,-0.78599,-1.071444,0.721033,-0.950773,-0.172241
validation,0,0,1.041063,0.076999,0.761817,0.311365,-0.387968,0.677692,0.590975,0.483585,-0.325679,-0.785456
validation,0,1,0.769663,0.951545,0.998499,-0.277504,1.291032,-0.143691,-0.796174,-1.42649,0.565334,-0.09451
validation,0,1,-0.042906,-0.536295,1.528183,-2.17094,0.863295,-0.320993,-0.541796,-1.804487,-1.138775,2.297219
validation,0,0,0.805046,-1.645777,-0.360486,0.419124,1.458576,0.224252,-1.92436,-0.918196,-0.356306,-0.354869
validation,0,0,-0.329179,-1.144664,-1.033199,-0.268856,0.162321,-1.104439,0.494495,-2.471393,1.043995,-0.796993
validation,0,0,-0.25367,-0.593125,-0.213816,1.342211,2.145613,-1.213076,-0.300218,-0.437619,-0.60004,2.115887
validation,0,0,-1.306368,-0.313063,-1.035376,-0.893068,-0.672168,-0.787666,-0.615021,-0.33572,0.238746,0.20277
validation,0,0,0.194444,-1.412526,0.95919,0.735269,-0.246576,0.877287,-0.498609,0.278788,1.046338,1.2492
validation,0,1,0.964302,-0.839533,-1.297369,0.331111,-0.014993,-0.234254,-1.358653,0.752803,-0.939962,-0.041411
validation,0,0,-0.021715,-0.545456,0.153011,-0.285653,0.1396,-0.916617,-1.257567,-0.054965,-0.62755,-0.561192
validation,0,0,-0.864529,0.060677,0.222047,0.759508,0.770957,0.291477,0.469795,-0.295088,-0.109232,-1.146611
validation,0,0,-0.299276,-0.473459,-0.53505,-0.199082,-0.304446,0.634572,0.425223,-0.952721,-0.508873,-1.128126
validation,0,1,-0.124168,2.080279,-0.564403,-0.176784,-1.761192,-0.080949,0.377085,0.540626,0.372045,1.09945
validation,0,1,-0.317254,1.185971,0.289933,0.737161,0.44711,-0.890511,-0.997901,1.648137,-0.80446,-0.061195
validation,0,1,1.292246,1.269583,0.841332,-0.102097,-1.331246,-0.579252,-0.627209,-0.02088,1.025478,-0.146445
validation,0,0,0.077917,-1.541545,-1.481694,0.155471,0.737836,0.933546,-0.010228,0.216871,1.563837,-0.657964
validation,0,1,-1.009025,0.375613,1.37203,1.554405,-1.6721,0.836625,1.827691,0.16048,1.499186,-0.700837
validation,0,1,-0.531418,-0.065185,-0.621845,-0.192474,0.638044,-0.484551,-0.850468,0.790301,2.366514,0.182623
validation,0,1,1.188933,-0.003241,0.319174,1.351456,-0.596877,1.381847,-0.820052,0.181828,-0.908348,-0.01905
validation,0,0,-0.402722,-0.514039,0.47338,-1.017563,0.539729,0.542737,-0.078799,0.319868,-0.187638,0.883511
validation,0,0,-2.353438,1.083701,-1.832251,-0.115173,-0.363061,-0.840298,-1.60262,1.061823,0.124092,-1.894876
validation,0,0,-0.301723,-0.750498,0.474712,0.975503,0.132347,-0.302012,-0.895553,0.855677,-1.332697,-1.283234
validation,0,1,0.065613,0.452078,-1.346827,0.04076,-1.796692,0.597452,0.601495,0.902888,-0.532165,-1.122822
validation,0,0,0.065218,-0.085022,1.870565,-2.140666,-0.647347,-0.503985,0.959496,-1.109042,0.49389,-0.687478
validation,0,0,0.689532,0.239768,-1.837933,-0.653065,1.117086,0.316232,0.129432,-0.719563,0.457502,-0.76194
validation,0,1,0.591494,-0.069328,1.433583,0.554249,0.326694,0.250721,-0.992832,0.12246,0.765451,-0.212161
validation,0,0,0.656153,-0.327813,-0.035114,-1.08381,1.431709,-0.64052,-0.147503,1.046571,-0.42749,-1.038395
validation,0,1,1.39978,0.128932,0.783169,0.419686,1.207759,-0.272945,-0.212315,-0.737007,-0.056059,0.636366
validation,0,0,0.270225,-0.750255,-0.847435,-0.389998,0.441214,0.495863,-0.785274,1.59925,-0.733725,-0.320657
validation,0,0,-1.194879,1.169474,-0.468367,-0.605381,-0.608336,1.040804,-0.12383,1.741555,0.926585,1.142883
validation,0,0,0.612581,-0.585897,0.921513,-0.137619,1.430052,1.135347,-0.901889,-1.344861,0.720319,0.564997
validation,0,0,-0.76334,-0.908273,-2.14582,0.149151,-1.76224,1.311148,0.208676,-0.273304,-0.388242,-1.604372
validation,0,0,0.061992,0.50275,0.588708,0.784882,-1.58504,0.289276,-0.945849,-0.943136,-0.935626,-1.57553
validation,0,0,0.782913,0.438469,-0.195097,-0.80671,-1.290857,0.914067,-0.274144,0.923533,1.254706,-0.212986
validation,0,0,0.102914,0.578454,-0.749658,0.34101,0.159207,0.416288,0.725333,-1.846154,0.423122,-0.914624
validation,0,1,2.230172,1.704012,0.293062,0.359604,-0.488341,0.884572,1.033721,-0.745727,-1.378945,0.91538
validation,0,0,0.026631,0.854201,0.399026,0.442718,-0.278085,1.551092,0.926348,0.323965,0.669225,0.359315
validation,0,0,0.627816,1.007753,-0.90564,0.33762,1.202653,1.514773,0.149767,-0.738254,1.602505,-0.63715
validation,0,0,0.435885,-0.454287,0.976966,0.604717,0.684264,1.098372,-0.498374,-1.798295,-1.128645,0.143712
validation,0,0,0.55109,-0.69693,-1.929255,0.092044,0.130102,0.384155,-0.938615,-0.851448,1.825719,-1.504624
validation,0,0,1.084208,-0.145608,1.107522,1.243696,-0.343357,-2.434897,-1.193753,1.226467,-1.397421,-1.52847
validation,0,0,0.080063,0.162518,0.373937,0.514878,0.221965,0.175538,-0.148849,0.754123,0.955537,-0.034669
validation,0,0,0.969081,-0.822689,0.991832,-0.38434,-1.738969,-1.270004,-1.229655,0.411769,-0.198836,0.396458
validation,0,0,0.81757,-0.694824,0.072025,-1.389211,0.179348,0.733958,-1.185907,0.300044,0.13278,1.566942
validation,0,1,0.794091,-1.823571,-0.240822,-0.489745,0.276912,-0.722883,0.43235,1.069279,1.12816,-0.810341
validation,0,0,-0.646284,-0.288403,0.801567,-0.600194,-0.048852,-1.228892,1.781133,0.259908,0.942551,-0.523669
validation,0,0,0.761027,-1.078054,0.540534,-0.589103,-0.817499,-0.030314,-1.019813,-1.445202,-0.808239,1.714981
validation,0,0,0.411178,-0.630469,-1.012446,0.000599,0.537822,2.544547,-0.003097,1.671745,0.633623,0.290943
validation,0,0,-0.416946,0.027414,-0.661388,-0.047045,-0.819957,-0.313673,-0.462027,-1.641357,0.88265,-0.086244
validation,0,0,-0.138665,-0.868725,-1.305968,0.511328,-0.127808,0.74304,0.813041,0.200771,1.778574,-1.699794
validation,0,1,-0.819678,1.054679,0.879481,0.46194,-1.302971,-0.447554,0.371825,-0.365549,-1.127529,-1.9967
validation,0,0,0.364712,0.695927,0.114731,0.304323,-1.358248,-0.982102,-2.308475,0.166973,2.207429,0.884044
validation,0,0,0.76551,-0.705096,0.467289,-1.193597,-1.045784,-0.11442,1.345359,-0.71295,-2.31066,-0.725027
validation,0,0,-0.272142,0.852327,0.522262,-0.683402,-0.591734,-1.022727,-1.207535,-0.058926,0.82604,-1.667021
validation,0,0,-0.023697,0.583715,-1.067101,-1.285243,-1.287266,-1.73961,-1.154315,-0.496851,0.985315,-0.525818
validation,0,0,-0.695342,-0.084283,0.884856,0.984283,-0.333697,0.89916,0.088412,-0.362078,0.171691,-1.918409
validation,0,0,-0.74917,-0.490802,1.074004,0.994456,0.388525,-1.391444,-1.077603,-1.901288,2.180794,-0.044273
validation,0,0,1.211199,-0.945795,-0.85133,-2.278591,-0.260992,0.005024,1.120439,1.732874,0.334935,-1.067883
validation,0,0,0.075154,0.702252,-2.51249,0.202875,-2.172068,-0.576292,-1.356696,-0.697161,-2.475815,0.900124
validation,0,0,0.218709,1.324945,-1.0944,-1.786448,0.45951,-0.704504,0.218938,0.217657,-0.503644,0.195024
validation,0,0,-0.571955,-0.741124,0.12305,0.008919,0.475394,-1.473627,0.518917,-1.249421,-0.233878,-0.78396
validation,0,0,-0.146637,1.228387,-0.723281,-0.063201,1.08181,1.330348,2.058976,-0.310226,0.196674,-2.291381
validation,0,1,1.233749,-0.770784,-0.516916,-0.077129,0.025108,1.08886,-0.342805,-1.152471,0.478361,-0.787293
validation,0,0,-2.25336,0.319889,1.362583,-0.070871,0.123884,0.622227,2.147823,0.651193,0.703847,0.564242
validation,0,0,-0.327783,-0.943282,-0.256677,-1.597573,-0.394344,-0.572591,1.058982,0.916419,0.470501,1.769724
validation,0,0,0.207598,-0.222515,-0.408511,1.502705,-1.033582,1.645492,0.46448,0.648732,0.819122,-0.976763
validation,0,1,1.334404,0.775871,0.942667,-0.453027,1.06724,-0.256361,-0.534762,-0.154856,0.282814,-0.507196
validation,0,0,-0.318879,0.612816,-0.422511,-0.025162,0.230032,0.211966,-1.598909,-0.244965,0.30289,0.005002
validation,0,0,-0.449643,-0.404296,-0.777952,-0.021208,-0.110473,-1.452348,-0.047486,0.812617,-0.405423,-1.142902
validation,0,0,0.272702,0.182243,-2.111063,1.132428,1.425284,-0.286106,1.778836,1.177617,0.061947,-0.646041
validation,0,0,-1.633556,0.119683,-1.348531,0.163142,-1.218546,-0.518486,-0.314922,0.566059,1.831061,1.671857
validation,0,0,0.325759,-0.99967,0.142373,-0.248576,1.249272,-1.180364,-0.391188,-0.088888,-0.085777,-2.237663
validation,0,0,-0.963078,0.249271,-1.078289,1.907471,-0.120477,-0.211136,-1.160285,-0.196305,0.165293,-0.759103
validation,0,0,-1.719131,-0.095485,-0.578229,-1.297784,0.448197,0.725788,-0.893495,0.020621,1.367324,-0.455358
validation,0,0,0.393501,0.164504,1.140311,-0.462558,-0.445139,0.805477,0.800424,0.973489,0.775428,0.374161
validation,0,0,-0.744237,1.204825,-0.043015,0.947018,-0.082479,0.705765,0.978172,1.979911,0.165329,1.446516
validation,0,0,-0.258619,-1.274635,1.454351,1.643953,0.652071,-0.164889,0.914212,0.2178,-1.384803,-1.119336
validation,0,0,-1.728946,-0.472868,-0.219221,-1.203846,0.596502,-0.682327,0.43953,0.039714,0.714057,-1.260214
validation,0,0,-0.682123,1.217549,-0.760014,1.353827,-0.881298,1.580683,-0.594635,-0.899088,-0.316823,1.041712
validation,0,0,-0.572829,-2.624055,-0.418304,-0.870527,0.027327,-0.046367,-1.320801,-1.124911,0.30568,-0.520098
validation,0,1,0.499718,0.308646,2.334479,-0.270667,-0.515981,-1.101524,1.217427,-1.250323,-0.364578,0.056349
validation,0,0,-0.802522,0.944704,0.174269,-0.238612,-0.221343,1.585512,1.057841,-1.53277,-1.035194,0.914297
validation,0,0,-0.617521,-0.45401,-1.771426,-0.138418,-0.970944,-0.222917,-0.715556,0.294771,-1.587463,-0.213836
validation,0,0,-0.75453,-0.61767,-0.304232,-0.518596,-1.541481,-1.353419,-1.139916,0.11061,-0.014161,-0.746363
validation,0,0,-1.839098,-0.580189,-0.226105,0.091575,0.879467,-0.412609,-0.759896,-0.949017,-0.070995,0.051886
validation,0,0,-0.10306,-1.897498,-1.947021,0.126759,-0.218325,-1.557438,0.212317,0.11379,0.580458,-0.28372
validation,0,1,1.737915,-0.078262,-0.782028,0.578878,-0.759067,0.47143,1.946368,-1.215444,0.003161,-0.389951
validation,0,0,0.61047,0.035838,0.201685,1.528242,0.754403,0.766627,1.105118,0.487903,-0.610466,0.967262
validation,0,1,-1.40212,-0.146186,0.900884,1.14392,0.416873,-1.368248,0.104396,0.729573,0.285213,-0.650431
validation,0,1,1.738512,-1.288921,-0.619129,0.516654,-0.278838,-0.113305,0.69557,0.687511,0.372118,0.202846
validation,0,0,0.75453,-1.1211,-0.530084,-1.466691,1.378836,0.797246,1.089631,1.523078,-0.065892,0.037716
validation,0,0,-1.635391,-0.59933,-0.153051,0.575845,-0.671169,-1.931297,-0.021385,-2.113139,-2.01075,-0.897392
validation,0,0,-0.564655,-0.798929,1.565965,-2.28201,0.26342,-0.638893,-0.026222,1.862592,0.393173,-0.418749
validation,0,1,1.908124,-0.136013,-0.690238,0.307734,-0.643081,0.642103,0.368354,-1.373284,0.744452,-0.953272
validation,0,0,-1.945683,-0.117899,-0.042845,0.587422,0.988375,0.47103,1.019261,0.664447,-1.697722,-1.268357
validation,0,0,0.580976,0.041934,0.553552,-0.296094,1.342423,1.316059,1.69565,-0.952521,0.781511,0.06657
validation,0,0,-0.295338,-0.964217,-0.862707,-0.447075,0.027904,-0.260739,1.615515,2.292706,0.871357,0.428928
validation,0,0,-0.538523,0.072971,-0.381987,-1.217242,1.124514,-1.485761,-0.365582,1.149152,0.94341,2.605512
validation,0,0,-2.938879,0.20443,0.843595,0.623882,-0.435543,0.688458,-0.482771,-1.057923,0.769229,-0.770816
validation,0,0,-0.3267,0.957975,-0.136764,-0.284848,-1.237837,-2.892636,0.001293,0.76144,-1.562717,-1.965506
validation,0,0,1.320263,1.466235,-0.048542,-0.695809,-0.115415,1.832612,0.355719,-1.160245,-1.125674,0.025954
validation,0,0,0.961101,0.067262,-1.141676,-1.096796,-0.114954,-0.725299,0.161533,1.174143,-0.783175,-0.48382
validation,0,1,0.261773,1.345067,-0.707318,2.44327,0.98639,-1.363281,0.309496,0.961268,1.597668,-0.944847
validation,0,0,-0.362266,-0.690842,-1.534713,-0.191461,-1.970579,1.590033,-0.81046,0.203564,1.421486,-0.532666
validation,0,0,0.400936,1.251087,1.403658,-0.418207,-0.839418,-0.206817,0.294133,-1.042367,-0.078709,0.732721
validation,0,0,-1.207551,0.687095,-0.916144,-0.616052,-1.491425,-0.389566,-1.140328,-0.984735,-1.051041,-1.341555
validation,0,0,-0.636296,0.661929,-1.581667,0.624218,-1.042228,1.036829,0.393224,1.899821,0.521656,-0.478263
validation,0,0,-0.832751,-0.860732,-0.185844,0.190809,1.835777,-1.534888,1.690433,-1.005914,-0.266877,0.290427
validation,0,0,1.19069,-1.029881,1.48038,-0.220058,-0.587752,-0.46537,-0.653722,-1.536784,0.526279,-0.245217
validation,0,1,1.29276,0.407048,-0.196195,-0.673936,0.151283,0.791398,1.077255,-1.427092,-0.064449,0.861613
validation,0,1,0.574185,-1.88592,-0.143818,0.816956,0.607312,-0.827281,-1.185207,0.238972,0.302482,-0.556109
validation,0,1,2.036552,0.014574,0.259932,-0.603121,-0.676682,1.399283,-0.549018,-0.414934,0.39497,-0.640636
validation,0,0,-0.479755,0.338402,2.685215,-1.459032,1.189749,0.692056,1.535694,0.62067,0.704524,1.121162
validation,0,0,0.681697,-0.584482,-2.39963,1.975517,0.673438,-2.14174,-1.504081,-1.198276,1.267112,-0.905901
validation,0,0,-0.347433,-0.102158,0.035816,-0.952614,0.356493,-0.658244,1.256079,0.321449,-1.639555,0.385568
validation,0,0,0.190729,-1.046667,-1.091859,1.554206,1.264252,-0.75999,0.775534,0.12643,-0.163437,0.880644
validation,0,1,-0.568654,1.033049,0.272659,-0.916747,0.215272,-0.068678,-1.467264,-0.286366,-0.728885,-0.525967
validation,0,0,-0.169911,0.217538,1.335658,1.390939,1.003623,0.656496,-0.101033,0.36374,-0.714587,-0.840643
validation,0,0,1.121835,-0.66916,1.784069,1.054847,1.100907,-0.463678,-0.959187,1.846752,0.715136,0.235816
validation,0,1,-0.936095,-0.07792,0.898623,0.652674,1.231147,1.6412,-1.323661,-0.095356,-0.350861,1.085754
validation,0,0,0.599027,-0.226807,0.62563,-0.109953,-0.623873,1.392042,-1.11313,1.194619,-0.502022,-0.426201
validation,0,1,-0.277646,0.91707,-0.501089,0.411141,0.936103,1.263557,0.045049,-2.439877,0.204504,1.045917
validation,0,0,-0.260952,0.043836,0.660824,-0.096779,-0.25592,-0.376125,-0.467793,-0.245616,-2.383862,-0.447621
validation,0,0,0.427281,-0.302083,-1.755527,0.761351,0.217477,0.461869,0.279976,0.936086,0.681866,1.295745
validation,0,0,0.827156,-1.246624,-0.752414,-0.416502,1.624748,-1.793622,-0.408407,-0.04378,0.900185,-1.458659
validation,0,1,-0.758049,-1.579264,0.216035,-0.690311,0.198581,-0.754809,0.389841,-0.205485,0.359009,-0.932199
validation,0,0,0.537468,-2.015181,0.24856,0.18594,0.300208,0.507454,0.037892,0.604485,0.637562,-0.254362
validation,0,0,1.573787,0.184025,0.611996,-0.905963,-0.755627,-0.166686,0.268458,-0.115878,-0.689662,-1.677453
validation,0,0,1.190019,-1.142778,-1.132943,2.123854,1.505695,0.505838,-0.43114,-0.958996,-0.170553,1.073253
validation,0,0,-0.863808,0.82596,-0.712417,0.278812,-0.055016,-0.025084,-0.138097,1.58524,-0.443825,0.262548
validation,0,0,-0.71878,-0.563657,-0.877142,-0.127067,1.113656,-0.196465,-0.11333,-1.044158,0.94451,0.628251
validation,0,0,-0.910528,0.052319,-1.690476,0.928884,0.846072,1.299061,1.053693,-0.577952,-0.919336,-0.592426
validation,0,0,-0.60985,-2.496779,-0.761025,0.926923,2.324862,-0.708748,-1.506165,-0.139527,-1.238512,-0.302362
validation,0,0,0.355615,-0.149948,0.55293,0.05755,-1.381048,0.410615,1.268387,0.848852,-0.238268,-1.811757
validation,0,0,-0.431443,-1.689757,-0.324035,-0.491845,0.236637,1.170326,0.986882,-1.126037,-0.802703,0.489734
validation,0,0,-1.589329,0.608431,-0.401802,-0.600313,0.502074,-0.469335,-0.312434,-0.014196,-1.765571,1.445918
validation,0,0,0.670376,0.904652,0.378663,-0.547058,1.706468,0.102942,0.942832,-0.087222,0.753416,-0.592868
validation,0,1,-1.388809,0.40856,2.281294,1.355027,-2.148295,-0.070465,-0.687141,-0.127603,1.511869,0.084278
validation,0,0,-0.623246,0.762219,-0.199916,-1.200592,-0.843667,-0.397768,0.917507,0.759117,0.574909,1.174731
validation,0,0,-0.244994,0.263016,-2.073392,1.579715,0.004119,1.1837,1.908236,0.106702,2.777576,-0.52387
validation,0,0,-0.619312,-1.702348,-0.037375,0.784731,-0.745371,1.962776,0.090762,0.004925,-0.419041,0.883387
validation,0,0,-1.857739,0.940704,1.82029,0.568655,-1.495228,-0.674916,-1.07428,-1.19714,0.152242,0.996353
validation,0,1,0.56872,0.687953,-0.100037,0.036737,-0.187103,-1.50337,-3.49258,0.111261,1.009942,-0.177824
validation,0,0,-0.84697,0.369101,0.474653,0.527238,-1.161461,-1.078707,0.098191,-0.242314,0.757763,-0.488495
validation,0,0,-0.083128,-0.59869,0.548222,-0.464148,1.422477,0.585436,-0.71714,-0.167085,0.817326,0.244228
validation,0,0,-1.491511,-0.601588,-1.698344,-0.100771,-0.667765,-1.555816,2.570132,-0.361549,-0.992556,-0.489091
validation,0,0,-0.532004,-0.427896,0.908073,-0.758773,1.654173,-0.556511,0.333273,1.257429,-1.457247,0.520558
validation,0,0,0.529989,0.158404,-0.816419,0.006364,-1.432987,0.131971,0.745087,0.45649,-0.250393,0.067496
validation,0,0,1.378314,-2.942565,-2.180828,0.11553,-1.443984,1.452503,0.357555,0.459465,-0.453246,0.185026
validation,0,0,-0.445036,0.315359,0.151694,1.657633,-0.869859,-0.759236,0.385116,-1.295486,2.68652,0.368434
validation,0,0,-0.831816,-2.037597,0.267202,1.785789,-0.129799,0.606814,-1.289842,0.112807,0.167969,-0.585759
validation,0,0,1.358298,2.030706,-0.065041,-1.169332,0.494891,0.43399,0.309115,0.913253,-0.409693,-0.181939
validation,0,0,0.104625,-0.801927,-0.640243,-0.165703,-0.957075,-1.863705,-0.749622,0.617565,0.605562,0.776424
validation,0,1,-0.309942,-0.141779,1.274219,1.540545,1.966162,0.089409,-0.801422,-0.766777,-1.051431,1.543864
validation,0,0,0.750995,1.264163,-1.435889,0.077774,-1.497956,0.281266,-0.7159,0.540154,-1.308245,-0.426761
validation,0,0,-1.414022,-0.972898,0.619666,-0.992052,0.711255,-1.84324,-0.012234,-0.24314,0.5623,-0.721516
validation,0,0,-0.553793,0.942352,0.704422,0.535332,0.910753,0.063999,0.008248,0.26215,-1.102494,0.346507
validation,0,1,0.282976,-1.802981,0.222429,2.123385,-0.025948,0.688605,0.325408,-0.305556,0.013229,1.201391
validation,0,0,-2.224306,0.219076,-0.909751,-0.759126,0.496628,-0.023442,0.262323,-0.451742,-0.531224,0.084643
validation,0,1,-0.099663,2.181248,0.863346,-0.409172,1.099046,-0.183038,-1.229171,-0.264843,-0.813276,1.21057
validation,0,0,-1.012371,0.539956,-1.572289,-1.360202,0.049414,0.409501,-0.304821,-0.744014,-0.422429,-0.284198
validation,0,0,0.315539,1.831436,0.187269,-0.734497,2.028843,-0.795793,-0.282655,-0.685071,-1.121887,-2.090284
validation,0,0,0.112964,0.171999,-1.538733,0.179118,-0.2493,1.007861,0.839268,1.43882,0.521959,0.978363
validation,0,0,-0.094696,0.550308,0.9907,1.34227,1.382637,1.750709,-0.290609,1.518754,1.029057,1.153936
validation,0,0,0.762674,0.239164,0.194379,-0.603328,-1.177728,-0.491915,-0.459521,1.302423,0.869503,-0.610294
validation,0,1,-0.389565,-0.02725,0.097404,1.809516,0.066058,-0.073629,-1.265344,-0.398198,-0.811346,0.683531
validation,0,0,-0.799282,-1.306818,-0.946299,-0.028074,1.727016,-1.272006,0.658887,0.091132,-0.361213,-0.506045
validation,0,0,0.612801,1.436421,0.151728,-0.686938,1.92312,0.694399,0.501103,-0.745977,-0.753874,0.680928
validation,0,1,-0.918739,2.187525,-0.31838,1.243691,0.327201,-0.161334,0.762514,1.138433,1.865876,-0.183147
validation,0,0,-0.760017,-1.355193,0.592797,1.106237,-0.691568,-0.427208,-0.470207,-0.002062,1.108061,-1.677487
validation,0,0,0.094453,-1.175281,0.019572,-1.790054,1.09458,0.778021,1.136871,-0.312557,-0.659186,-0.434605
validation,0,0,0.823179,-1.40147,-1.495457,0.348602,1.346706,-1.266111,0.340739,-0.106634,0.433057,-0.035669
validation,0,0,0.546423,-1.078937,-0.063323,0.900047,-0.008964,1.236515,0.713175,-0.396416,1.332365,-0.132694
validation,0,1,0.172039,0.362728,1.516877,0.413212,0.589144,0.329963,0.907455,0.224808,-0.295904,0.076992
validation,0,0,-0.467157,-0.489967,-1.118997,-1.02046,0.891815,-1.183825,-1.665046,1.961122,0.023925,0.660567
validation,0,1,1.909144,-2.064409,0.103678,0.954546,-0.108191,1.520325,-0.015079,0.622938,-0.200056,-0.216596
validation,0,1,1.022337,1.068777,1.348011,0.917612,0.963813,2.417611,0.759376,-0.350033,-0.569536,0.013585
validation,0,0,0.710968,-1.471607,0.737304,1.463059,-0.295989,-0.580301,-1.1907,0.055103,-1.213614,1.358897
validation,0,1,0.588823,-0.27593,0.428532,-0.476157,-0.701337,2.424132,-2.333496,1.614314,-1.180953,-0.429985
validation,0,0,-1.457378,0.6837,-2.826897,0.791611,-0.13906,-1.745255,-0.497736,0.148376,0.22354,0.678738
validation,0,0,0.060239,-0.812839,-0.739405,0.980614,-1.14379,-0.279902,-0.819699,-0.25541,0.052084,0.750081
validation,0,1,-0.212877,-0.133983,1.05399,-0.51624,0.367353,-0.966285,-0.454058,0.056568,0.478028,0.209468
validation,0,0,0.401585,-0.553141,-0.971126,-1.063645,-1.486858,-0.933261,0.832082,0.824791,-1.692131,0.713323
validation,0,0,0.290431,0.512089,-0.57625,1.283715,0.556959,-0.646078,-1.796702,1.069772,0.443708,-0.046907
validation,0,1,2.527398,0.235806,0.156669,-0.741103,0.707678,-0.523988,-0.326534,1.19107,-1.937369,-0.327919
validation,0,1,0.572929,0.182248,0.396283,0.017643,-0.490899,0.685805,1.08892,0.331537,0.451243,0.727145
validation,0,0,-0.293559,-1.138599,-1.551472,-0.359132,-1.191128,-1.29994,2.697005,0.120884,-0.887121,0.227716
validation,0,1,-0.233461,-0.734709,2.272074,0.710828,-0.14548,-0.734205,-1.566044,-1.384715,1.099671,-0.659684
validation,0,0,-1.530025,-0.16365,-1.380839,0.501213,0.086416,-0.548363,-0.386387,0.012247,1.995567,1.074291
validation,0,1,0.256379,0.466095,2.107376,-1.369646,0.466187,-0.173349,-0.250279,-0.062128,-0.192938,-0.115299
validation,0,0,-1.191277,-1.143237,0.08779,1.680804,-0.999203,-0.732901,0.041867,0.667792,0.622571,-1.499591
validation,0,1,-0.316038,1.023412,-0.331451,-0.072758,-0.356864,0.294691,0.745293,-1.089181,0.722155,0.143852
validation,0,0,1.59227,0.886354,-0.948968,0.973481,-1.00413,0.742917,-1.240124,0.144725,0.148398,0.035779
validation,0,0,-1.083584,-0.492487,0.022864,-0.505362,1.16522,-0.994342,1.677422,0.278478,-0.3931,-0.065987
validation,0,0,-0.679868,-0.350152,0.538434,1.893438,-0.109594,-1.67172,1.069956,0.265298,-0.06627,1.360584
validation,0,1,0.584957,0.059256,-1.380173,2.45978,-0.083734,-0.641746,-0.057448,-0.60706,-1.84171,-0.651704
validation,0,0,-2.070509,-0.751239,-0.964436,1.463643,1.226922,-0.926807,0.906146,0.493622,0.209237,-0.323128
validation,0,0,-0.315362,0.535801,0.520357,-1.733833,0.643929,0.633448,-0.203563,0.714458,0.423429,-0.026286
validation,0,1,0.923812,0.046953,1.056233,0.942575,-0.723905,0.347512,0.28912,-0.199817,1.678646,-1.3846
validation,0,0,-1.011266,-0.283482,0.769683,-0.222176,-0.621406,-0.331389,-1.118726,0.701192,1.744609,0.21826
validation,0,0,-0.760191,0.605387,0.432366,-0.304868,-1.400447,0.844748,-0.443822,-0.375734,0.20731,1.179206
validation,0,1,0.030273,-1.309502,1.936444,1.377034,1.944334,0.676202,0.259335,1.898626,0.601968,0.878686
validation,0,0,-0.537296,0.586521,-1.130427,0.829948,0.56863,-1.846997,-0.130935,-1.546757,0.49923,-0.269255
validation,0,0,0.156937,-0.989085,-2.662514,1.012866,1.017545,1.162518,1.245392,-0.003983,-1.827994,-0.196423
validation,0,0,-0.760016,-1.075769,-0.785053,0.873281,-1.273099,0.38377,1.020382,-1.13977,0.477333,-0.307587
validation,0,0,1.672534,-0.707778,-0.386369,0.559676,1.101814,-0.954666,0.910478,2.952901,-0.37113,0.695583
validation,0,0,0.395627,-0.295689,1.594873,-2.122278,0.474424,0.27486,0.386226,-1.532049,-0.216516,0.499904
validation,0,0,1.429839,-0.574764,0.69387,-2.24032,0.520955,-1.420251,-1.852855,1.166152,0.623882,-0.018657
validation,0,0,0.565091,-0.886774,0.862726,-0.858486,0.464741,1.277554,0.297734,1.819555,1.192035,-0.570501
validation,0,0,-1.810302,0.022816,0.302621,-0.094295,0.212114,-0.194474,-1.015591,-0.814758,0.313717,-0.747914
validation,0,1,0.831559,1.807872,-0.059678,0.016985,-0.635353,-1.21695,0.01513,-1.421268,-0.39386,0.658957
validation,0,1,0.890641,1.423364,0.160831,-1.164138,0.864788,-0.644776,0.789414,0.237231,-1.217856,-0.4105
validation,0,1,0.759968,0.468566,0.879216,-1.481384,0.111555,0.711063,-1.791335,0.563445,0.490879,1.099767
validation,0,0,1.188202,-0.304678,-0.955722,0.05639,-2.787787,-0.440246,0.691434,1.150963,-0.461162,-0.321678
validation,0,1,1.855761,0.146253,0.276508,0.613356,-0.412581,1.163257,0.761035,-0.555911,0.825887,0.370983
validation,0,1,2.147835,-2.349586,0.153519,-0.775896,0.62273,-1.438053,1.543308,0.502543,0.482389,1.112726
validation,0,1,-2.275498,1.45723,-0.481933,0.428848,-0.527445,-1.420093,0.589687,0.523543,-0.223685,1.545191
validation,0,0,-0.348659,0.466447,-0.259246,-3.003286,0.040628,-0.98159,-2.509157,-0.237588,0.994079,-0.588601
validation,0,0,-0.194346,0.441612,0.146392,1.172413,0.377735,-1.126422,1.759508,-0.286796,1.319909,0.439159
validation,0,1,-0.020167,1.155078,1.53731,0.835196,-0.622218,1.220617,1.651058,-0.916933,3.494899,-0.633794
validation,0,0,0.111871,2.953295,0.048909,-1.28323,0.751571,-0.28662,0.029831,-0.252506,-0.965765,0.233535
validation,0,1,0.160186,0.509205,1.43936,-0.084292,-0.474513,0.253839,1.567496,-0.611929,-1.202773,1.078477
validation,0,0,-1.152216,0.775327,1.692946,0.001759,0.675785,-0.198923,2.241148,-0.589346,-0.529847,0.970421
validation,0,1,0.043709,-0.413801,-0.70646,-0.764941,-0.482229,0.543767,0.952296,-1.259156,0.596446,-0.317488
validation,0,1,0.625027,1.332928,-1.581469,-0.607343,0.266575,1.718926,-0.550787,-0.815076,-0.172632,0.170142
validation,0,1,0.247567,1.810466,0.290435,0.358736,0.785976,-0.195644,-0.126312,-0.823339,-1.055388,-0.771992
validation,0,0,-1.18759,-0.469021,-0.24753,-0.578165,-1.05984,1.055472,1.523351,0.3481,0.564112,-0.114717
validation,0,0,-0.582085,-0.923107,0.185849,-0.743499,-1.055247,1.33744,-1.499612,0.265368,-0.029488,0.807682
validation,0,1,1.326092,0.055768,-1.644357,0.387189,-0.271907,-1.565576,0.966923,0.185591,-0.415742,1.287857
validation,0,1,-0.238379,-0.179795,1.135566,1.678605,0.96107,0.203465,0.141212,0.858157,-0.312548,1.311243
validation,0,0,2.293218,-0.68541,-2.081074,-1.280646,-2.020001,-0.428494,0.227634,0.396865,1.498968,-0.869304
validation,0,0,0.530765,-0.351246,0.71718,-0.127235,-0.487657,-1.708702,-0.465239,0.746752,-0.340402,0.018143
validation,0,0,-0.213664,0.066659,0.71279,-0.110151,0.964048,0.376114,1.383989,1.662991,1.08066,-0.009165
validation,0,0,0.183377,0.84572,-1.056227,0.387517,0.838621,0.140424,-0.036592,1.267615,-0.087131,-0.418643
validation,0,0,0.345042,-0.767357,-0.56398,-0.686691,1.419113,1.744761,0.78268,0.772449,2.054116,-1.043672
validation,0,0,-0.447825,0.126018,-0.448033,-0.443045,-1.918926,0.808273,1.391119,1.049085,0.722827,0.916773
validation,0,0,1.242552,-1.530489,2.17213,-0.380415,-2.014814,-0.379755,0.028165,1.481991,0.344337,-1.784522
validation,0,1,1.706273,-0.173732,-0.422105,-0.076548,-0.09735,1.006995,-2.118066,-0.84164,-1.008971,-0.630506
validation,0,0,-0.089569,1.111329,-1.452163,-1.159948,1.057343,0.940127,0.9188,-0.741961,0.0638,0.986668
validation,0,0,1.04369,0.616384,0.680303,0.267268,0.395567,0.83147,-0.601712,-1.206782,1.323801,-1.666114
validation,0,0,0.056334,-0.227087,-0.55493,0.625848,-1.001849,0.08843,-0.18135,-1.4806,0.082772,-0.360079
validation,0,0,2.040296,-2.031008,-0.994352,-1.547176,-2.181103,-0.469962,-0.206247,1.198963,-1.594264,0.074839
validation,0,0,-0.045311,-0.98166,-1.777877,1.685578,0.416165,-0.448799,0.515979,0.447656,0.928042,0.095492
validation,0,0,0.240875,-0.43995,-0.260075,-0.830129,2.041632,0.109607,0.597131,1.069544,1.81233,-0.485126
validation,0,0,0.363599,-0.092963,1.496648,0.829181,-0.286305,-1.017079,-0.176963,-0.34395,-0.686802,-1.112577
validation,0,1,1.568792,-0.910641,0.601484,0.920886,0.134021,1.391594,-0.096076,0.59395,-0.578938,-0.82221
validation,0,0,-0.709521,0.305864,0.469664,-0.593811,-0.179319,1.128058,-0.641277,0.946397,0.533774,-0.956103
validation,0,0,1.4139,0.055706,-0.229001,-0.791013,-0.518296,-0.431205,0.799805,0.527699,0.212959,-0.463604
validation,0,1,0.034985,1.949076,-0.445992,1.765268,1.054216,-0.759184,0.80687,-0.895556,0.427867,-2.124885
validation,0,0,0.056497,-1.324083,0.731112,-0.617293,-0.19699,1.44568,1.752278,0.252504,-0.008534,-0.010855
validation,0,0,0.945741,0.915956,-0.401161,0.347333,-0.321091,-0.435505,-0.485234,-0.365111,-0.93175,0.997986
validation,0,0,-0.366875,-2.315417,-0.821183,-0.55318,-0.846791,-0.862736,-1.54805,-1.082048,-0.763316,-0.302409
validation,0,1,1.606531,0.527913,-1.193277,-0.637909,0.723857,-0.099306,0.733764,0.015614,-0.1725,1.320219
validation,0,0,-2.199675,-0.909379,-0.036435,-0.075883,0.334852,0.474474,-0.907788,-0.260097,-0.664348,0.462802
validation,0,0,-1.052466,0.883385,0.77062,0.77597,-1.809595,0.959334,-0.35739,0.207857,-0.882006,-1.713735
validation,0,1,-0.99742,-0.263025,-0.980438,-0.562202,-0.512444,-0.667849,0.986735,-0.128658,2.913888,1.655663
validation,0,0,-0.615735,0.748991,-0.853256,-0.248619,0.192644,-2.067863,-0.400618,-0.920159,-0.920305,0.714042
validation,0,0,-1.477996,0.005118,-1.626644,0.28924,-0.650127,-0.228502,-0.760572,-1.065876,-0.571072,1.319449
validation,0,0,0.946742,-0.830134,-0.805599,-0.627461,0.534252,-0.204956,-0.462155,0.077412,0.131396,1.344109
validation,0,0,-0.173896,0.477225,-0.482762,-1.541297,-0.773937,-1.207776,-1.708815,0.929563,0.417919,0.494314
validation,0,1,0.673778,0.010623,0.386635,0.993654,-1.506576,-0.78245,1.663503,0.071804,1.506534,-1.174851
validation,0,0,-0.935537,-0.423203,0.870468,0.692498,0.393758,-1.630772,1.309053,-1.970757,-1.693562,0.906433
validation,0,0,-0.212949,-0.704325,-0.374383,-0.764924,0.904808,-0.128757,-0.06897,-0.850648,-0.75417,1.800236
validation,0,0,-1.397459,0.460208,1.574508,0.913313,-0.10751,-0.518513,-0.254867,-0.082571,0.766874,1.452689
validation,0,1,1.045745,0.941632,0.198452,-0.102429,1.646754,2.328646,-0.975474,-1.65249,-0.35053,0.494463
validation,0,0,-1.284859,-1.54793,-0.911675,0.780026,-0.48802,0.290124,1.48035,1.595787,-1.59537,1.774324
validation,0,0,0.136284,-1.446047,0.399584,0.204712,-0.455319,0.953624,-0.29058,-1.416833,1.822048,-0.474784
validation,0,0,1.125357,-1.958962,0.242794,-1.197021,-0.831084,-0.094504,0.18783,-0.20301,2.071394,-0.911713
validation,0,1,0.255243,1.323565,0.449858,-0.63931,1.596918,-1.598556,-0.737669,-1.092079,1.04598,-1.28299
validation,0,0,-0.339394,0.634428,-0.578628,-0.738694,-0.11262,0.749325,-0.618613,2.159062,-0.499018,-0.5557
validation,0,1,1.384254,0.471098,1.390497,-0.495204,-0.040814,1.248449,-0.74058,-0.151259,1.365312,0.282904
validation,0,0,1.274483,1.57819,-1.583505,0.686832,-0.241206,-2.690722,0.269611,-0.55711,-0.020841,-0.137803
validation,0,1,-0.303203,-0.303586,-2.536649,-1.048263,-0.334659,-0.116566,-0.435763,-0.356768,0.253529,0.112522
validation,0,0,0.252188,-0.114349,-0.714555,-1.452805,1.412953,-0.853498,-0.449793,0.400594,0.334986,0.062352
validation,0,0,-1.463252,-0.439342,0.892328,0.107803,-0.558894,-0.134487,-0.801478,-0.621424,-0.280639,1.03584
validation,0,0,2.260745,-1.035422,-1.190021,-1.970221,-0.617772,0.439183,-0.804759,1.022457,0.823821,-0.011582
validation,0,0,1.231452,-0.14267,-0.045388,-0.02139,-0.066571,-0.101261,-1.141631,-1.269786,1.898906,-0.209833
validation,0,0,1.119273,0.157525,0.137701,-0.858124,-0.908791,-1.144638,3.721336,-0.763561,0.492708,-0.694117
validation,0,1,0.639706,0.962668,0.023081,-1.032025,-0.135577,0.768522,1.341788,-0.065488,0.43936,-1.199073
validation,0,1,0.041271,1.220022,0.36237,0.721678,0.776275,1.078964,0.090133,1.187396,-2.367888,-0.781434
validation,0,1,-0.313854,-0.513775,-0.245366,0.745716,-0.946075,1.80244,0.487325,0.174354,0.681931,0.417328
validation,0,1,-0.782855,0.542361,0.021148,0.644969,1.288173,0.377877,-0.764117,-0.258614,-0.797939,-0.788213
validation,0,1,0.24676,-0.863457,0.461408,-1.350438,-0.877513,0.501477,0.848119,-0.821663,1.158159,1.069263
validation,0,0,-0.253036,-0.756117,-0.253609,-1.355407,0.830238,0.364523,-0.121449,1.336407,-1.043013,0.281674
validation,0,1,-0.458534,-0.285307,-0.087376,-0.151617,0.697207,0.529908,-0.91235,-0.255316,-2.058698,1.333949
validation,0,0,1.327062,-0.822374,-0.627746,-0.54622,0.038828,0.318519,1.1257,0.065548,-0.678302,-0.674796
validation,0,1,0.457018,-0.790369,0.22701,1.388253,-1.266728,-1.04432,-0.754879,0.496179,0.309369,-0.776387
validation,0,0,0.554411,-1.681484,2.1486,-0.084114,0.701859,-0.148395,0.775516,-0.558205,0.703526,0.907644
validation,0,0,-0.994233,0.520922,0.027091,-1.160341,1.913317,-1.612035,-1.104034,1.087826,-0.155499,0.822672
validation,0,0,1.501271,-0.154033,-0.482504,-0.386936,2.721589,0.442384,-0.704973,0.829824,1.528955,-1.296207
validation,0,0,-0.657061,-2.424262,-0.770223,-0.415065,-0.419819,-1.144593,0.602977,0.638651,1.864385,0.537861
validation,0,0,1.039965,-1.106928,-0.937642,0.114153,0.535858,-0.736363,0.414697,0.810086,1.31324,0.373839
validation,0,0,0.205507,1.592874,0.631446,-0.965995,-1.458063,-1.15826,-1.078714,-1.138097,-0.102546,-1.095496
validation,0,0,0.098141,-0.154318,-0.286436,-1.108393,1.638241,-2.361343,0.232122,-1.354687,-0.348636,0.365716
validation,0,1,0.424985,-0.346319,0.652937,0.615569,0.344547,1.133882,-0.550737,0.063517,0.619123,-0.656718
validation,0,0,0.464574,0.627583,-0.24364,0.611973,-1.297368,1.286186,0.586263,0.167823,1.139967,-0.511936
validation,0,1,2.391205,0.030477,0.250087,-0.115509,0.473723,0.475984,1.933855,-0.555198,-0.718979,-0.233613
validation,0,1,0.593048,-0.024034,0.573737,2.994565,1.559571,0.612969,0.479896,0.192698,-0.183955,0.772995
validation,0,0,-2.967406,-0.789423,-1.559043,1.571062,-1.053148,0.004666,0.440614,-0.386542,0.191007,-1.014867
validation,0,0,0.081857,1.713803,-0.639433,0.348127,-0.315499,-0.03461,-1.460084,-0.432303,1.345799,-0.881411
validation,0,0,-0.698178,-2.251394,0.905715,-0.452627,-1.105869,-1.166276,-1.436292,0.537691,0.737174,0.074452
validation,0,0,-0.037587,-0.597136,0.519791,0.954574,-0.029536,-0.401256,-0.128555,1.747731,0.951643,0.085773
validation,0,0,0.492826,1.117902,0.078087,-0.17507,-0.324203,-0.883785,0.826882,0.879835,-0.287252,0.792295
validation,0,0,-1.274077,0.296843,1.179845,-0.401682,0.189437,-0.747254,2.053602,-0.343786,0.593037,0.167287
validation,0,0,-0.425856,-0.169329,0.605127,-1.670489,0.152535,0.454095,-0.221028,0.68135,0.30422,0.348024
validation,0,0,-1.390134,0.489596,-1.095821,0.269538,-0.828279,1.878863,-1.081327,1.344733,0.394256,-0.551478
validation,0,0,-0.676172,-0.725658,-0.46628,-1.533934,-1.242568,0.193198,-0.295165,-0.302464,1.359867,-0.665297
validation,0,0,-0.455425,-1.377075,-1.020083,-1.668584,-0.445311,-2.012624,-0.655669,-0.558206,0.061915,0.652189
validation,0,0,0.162126,0.773325,-1.976013,-0.983509,0.92566,1.101431,-1.855837,0.300376,0.694651,-1.658753
validation,0,0,-1.241733,-0.655333,1.037236,1.024344,0.078498,0.014512,0.982298,-0.702572,-0.192899,-0.763502
validation,0,0,0.497868,0.712609,-0.248714,-0.152298,-0.50438,-0.459056,-0.018213,2.126029,-0.577176,-1.534074
validation,0,0,0.040244,0.626024,-1.06397,-0.228685,-0.412706,0.302814,0.460108,-0.370422,0.462125,0.499244
validation,0,0,-0.917199,0.455774,1.576717,0.989625,-2.43103,-1.231147,-1.078162,-0.680518,0.416725,0.147332
validation,0,1,0.737299,2.149635,0.287325,0.275112,0.168049,-0.281125,-0.934522,-0.399555,-0.582361,1.31349
validation,0,0,-0.142254,1.174137,0.799594,-0.677829,-0.053237,-0.287371,-0.862723,0.258271,-1.211567,0.300539
validation,0,0,0.439442,1.377161,3.648245,-1.450244,-1.72042,-1.10645,-0.26733,0.645315,-1.103715,2.330798
validation,0,1,-1.182073,-1.201085,-0.22321,-0.421636,-1.176902,1.236407,-0.297568,0.192587,-0.37829,-1.210017
validation,0,0,-0.820184,0.380313,-1.232064,1.382869,-0.469865,0.485548,0.92646,-0.973532,0.403119,0.111917
validation,0,1,0.939736,-0.821689,-1.157621,-0.866013,1.607066,0.185284,0.212523,0.927025,-0.347898,0.383559
validation,0,0,-1.049729,0.896023,-0.398073,0.309046,0.457801,-2.426176,2.293769,-0.217622,0.342814,1.918221
validation,0,0,1.972198,-0.39706,2.638367,0.139675,0.66225,-0.422887,1.348369,-0.814036,0.02905,1.308094
validation,0,0,-1.612186,1.281927,-0.586547,-0.682644,0.807048,-1.12215,0.022267,0.349787,0.38484,-0.714267
validation,0,0,0.35992,-0.708786,0.645253,-0.322993,1.41978,1.183576,0.430887,-0.170652,1.559158,-1.123755
validation,0,1,-0.097117,1.258371,0.339855,0.343497,-1.116045,0.864217,0.189164,0.160949,0.660365,0.956602
validation,0,1,0.277041,-0.074809,1.027221,0.085782,0.370784,1.275608,-2.282074,-0.767529,-0.612442,-0.497232
validation,0,0,1.116272,0.193903,-0.320168,-0.367553,0.669636,-2.331398,1.364002,1.85007,0.518958,0.754687
validation,0,0,-0.871813,-1.568131,-0.005667,0.5405,1.924998,1.414006,-1.25538,-1.25644,1.461366,-0.853988
validation,0,0,1.086723,-1.595439,-0.092572,-1.620884,-0.299031,-0.049303,-0.46634,0.730708,0.830707,1.184843
validation,0,0,-0.699026,0.17076,-0.186083,0.980385,-1.268491,-1.100094,-0.953827,1.704257,0.289859,-0.482176
validation,0,1,1.718996,-0.435593,2.213823,-0.110975,1.020662,-0.197794,-1.461984,-1.119178,1.115546,-0.438929
validation,0,0,-0.803034,1.434322,-1.347955,-0.005222,-0.101263,1.025681,-0.376579,-0.595015,-0.813021,-0.390001
validation,0,0,-0.619754,-0.289364,0.166877,0.184915,-0.706005,0.181924,2.285882,0.814648,-0.188718,0.537017
validation,0,0,-1.492585,-0.333684,-2.144486,-0.395105,0.698979,0.320929,-1.643338,1.272038,0.056457,-1.610575
validation,0,0,-0.371124,-0.46118,-0.18322,-2.286129,1.070966,1.5797,-1.30356,-1.186653,0.087096,1.114919
validation,0,0,-0.646465,-1.082677,0.854741,0.740181,0.810236,0.336241,-0.767569,-0.851243,1.414335,-1.253706
validation,0,0,-0.287893,-1.374553,-1.334759,0.188484,-0.877358,-0.345594,1.48822,1.026266,-0.132251,-0.0579
validation,0,1,-0.237949,3.143581,1.486767,0.411954,0.638992,1.140407,-0.683111,0.207443,-0.612402,-0.269259
validation,0,0,-1.571364,0.909695,-0.928598,0.182002,-2.101778,1.626626,-1.705072,-1.496202,1.481929,0.312481
validation,0,0,0.37949,-0.298009,-0.245978,0.676929,-0.541934,0.585382,0.479415,-1.876459,-0.088264,-0.031681
validation,0,0,0.559804,0.149653,-0.323225,-0.880949,-1.453072,-1.165001,-0.68019,1.447231,0.419446,1.311011
validation,0,0,0.122826,2.281234,-0.839057,0.564818,0.05839,0.328028,-0.805373,-0.250252,-0.983019,1.060244
validation,0,0,-0.554036,-1.277755,-0.009775,-0.605781,-0.19469,0.378371,0.670663,-0.476983,-0.251272,-0.809507
validation,0,0,-1.217139,1.974821,-0.640686,-0.292357,-1.45972,0.397687,2.121071,-0.929789,-0.699922,1.484437
validation,0,1,-1.135578,0.645035,-1.094522,-0.226116,-0.000795,-1.670531,-1.244578,-1.349282,0.104281,-1.456822
validation,0,0,0.199979,-2.099434,-1.978678,0.722151,0.215626,-1.12654,-0.224861,-0.321568,-1.822106,-0.49266
validation,0,0,-1.077433,-1.572079,-0.129351,1.376209,1.319418,2.216932,-0.491488,-0.536691,-0.107427,1.373059
validation,0,0,-0.607898,-1.129656,0.53595,-0.320423,0.04873,1.196845,-0.089555,-1.457581,1.226368,0.229229
validation,0,0,0.536047,0.229042,0.305332,-1.038247,1.451746,0.784107,0.166527,-1.153648,0.493105,1.562103
validation,0,0,-1.698688,-0.007585,-0.910576,0.385938,-0.845979,0.046001,-0.501245,-1.37861,0.20646,-0.492711
validation,0,0,0.479071,0.449931,0.851535,-0.731016,0.969029,-2.154056,-1.421196,1.509454,-1.171187,1.019916
validation,0,0,0.755554,-0.069993,1.056548,-1.225873,0.953297,0.061274,0.293605,1.346885,0.318886,-0.47392
validation,0,1,1.710407,-1.161306,0.626501,-0.013777,-0.564745,0.127536,0.114171,0.822332,-0.837173,-0.418657
validation,0,0,-2.081338,0.186004,-0.4395,-0.457247,-0.721185,-0.659994,-0.963122,-0.036899,-0.47704,1.255921
validation,0,0,-0.064825,-0.223045,-0.361012,-0.26465,-0.711189,0.011152,-0.280289,0.116625,-0.63064,0.135127
validation,0,0,1.815973,-2.591816,1.095836,0.288763,-0.426433,0.701169,0.84539,-0.978512,-1.238322,0.395456
validation,0,0,-0.440462,-0.862849,0.377832,0.162624,0.057966,-0.758416,0.605969,0.003056,-0.243173,0.938341
validation,0,0,0.110455,-1.067602,-0.76719,-0.525328,-0.11859,0.479733,0.023115,0.360691,0.942817,1.200306
validation,0,0,0.594583,-0.799529,0.49699,-2.065355,0.837126,-0.016615,-0.883117,1.2888,-0.522934,-1.278592
validation,0,1,0.169471,-0.749827,-2.883713,-0.351127,0.903877,0.551106,0.684062,-0.881358,-0.356371,2.404094
validation,0,1,2.532284,-0.282611,-0.391537,0.069814,1.399759,-0.511606,0.506223,-0.638615,1.338829,0.740243
validation,0,1,0.83831,0.977439,0.57058,0.082688,-1.865498,-0.953998,-0.596803,0.986438,-0.997913,0.635677
validation,0,0,-2.341648,-1.512024,-0.47691,-1.003276,-1.821932,-0.38827,-2.115762,-0.047129,0.696473,0.45963
validation,0,1,1.370638,-0.616555,0.20154,-0.967232,-0.094549,0.271181,-0.64443,0.688399,-0.268721,0.521488
validation,0,0,-0.693891,-1.719702,-0.466989,1.000925,-1.126168,-0.661386,-1.535608,1.504384,0.34547,0.892859
validation,0,0,0.780945,0.221994,-1.419738,-0.86449,-0.781446,0.626645,-0.632334,0.259046,-0.13106,-0.648758
validation,0,0,-1.508955,0.956651,-0.094911,-0.62733,0.275827,-0.748818,-0.299011,-0.64043,-0.732897,0.204683
validation,0,1,0.358148,0.278151,1.003343,0.282083,-0.802957,0.378866,-0.543893,-1.547973,-0.70553,-0.254222
validation,0,1,-0.775158,0.547962,1.28053,0.219358,-1.129812,-1.163674,-1.0067,1.158103,0.173734,-0.141254
validation,0,1,0.823712,1.061542,1.38069,0.602423,0.137716,-0.876018,0.814339,-0.956044,-0.17416,-0.657476
validation,0,0,0.617304,-0.298387,-0.242741,1.301524,1.715334,1.110404,-0.620805,0.618426,-0.151618,-1.198361
validation,0,0,0.578061,0.900703,-1.054516,-1.266388,-1.503778,0.28016,-0.384792,0.932987,-1.008297,-0.119096
validation,0,0,-1.225499,-0.386717,1.924227,-0.357605,-0.620937,0.283206,-0.036022,-3.220934,-0.191532,-1.329477
validation,0,1,1.577347,-0.217657,-0.488706,-1.009448,1.994201,-0.014662,0.660258,0.708265,-0.648965,0.431929
validation,0,1,-0.179186,-0.465532,-0.732064,-0.59798,-0.188069,0.680917,-1.147438,0.381616,0.922532,-0.337012
validation,0,0,-0.027537,0.17417,0.089193,-1.047362,-1.300148,2.078505,0.88832,-1.017654,-0.486139,0.379474
validation,0,0,-0.98647,0.58502,-2.350667,0.161632,2.115255,0.106492,0.180985,-1.445296,-0.809148,0.08619
validation,0,0,0.100269,0.170014,-0.078985,0.28626,-0.706924,-0.208074,0.291974,0.451117,2.383666,0.436016
validation,0,1,0.478406,0.331007,-0.297106,1.531776,-1.828188,0.398324,-1.411218,-0.186659,-1.863676,0.388784
validation,0,0,0.998218,-0.367064,1.585133,-0.398676,2.057657,-0.242947,0.205993,0.349397,0.459334,0.810941
validation,0,0,0.474271,-1.112539,0.045885,0.933272,0.960749,0.847713,1.019128,-0.624534,-2.178971,1.058896
validation,0,0,-0.836904,0.216672,0.429104,-0.006274,0.138814,0.354828,-1.13264,0.013204,0.274221,-0.937361
validation,0,1,1.207862,-0.00195,1.296217,-0.695379,-0.756187,-1.264372,0.769081,-0.461088,-1.11817,-0.696485
validation,0,0,-0.51579,-0.429941,2.01602,0.75704,0.730838,0.007968,-2.463875,0.709394,-0.042983,-0.202153
validation,0,0,-0.626442,0.869981,0.099149,-1.782023,-2.254055,-0.530139,0.648682,-0.521353,-0.194047,0.14652
validation,0,1,0.727863,-0.358499,0.362571,-0.288223,-0.613363,0.295767,-0.095822,0.389661,0.213458,-1.740431
validation,0,0,1.663343,-1.12111,1.569337,-0.185773,-0.751659,1.723186,-0.687964,0.175761,2.316571,1.170448
validation,0,0,-1.069356,-0.687284,1.724173,-0.106173,0.02807,0.857356,0.965824,-1.573902,-2.02198,-1.132822
validation,0,1,1.146908,-1.081215,0.684965,-0.284258,0.636098,0.092607,0.459511,0.972913,1.199933,-0.219092
validation,0,1,1.904191,0.880787,-0.253032,-0.471235,0.040748,1.86784,-1.500377,1.106876,-1.275666,0.568834
validation,0,0,0.871505,-2.137076,0.070018,-1.052406,-0.448872,0.095501,-0.38424,0.738715,0.286742,-0.880664
validation,0,1,1.216303,-0.528815,0.845012,1.303086,-0.697082,-0.705034,0.42483,0.164475,1.214812,0.10919
validation,0,1,-0.688328,0.250019,0.737718,0.832679,-0.190669,-0.256909,0.766859,-1.892952,-1.576819,0.055149
validation,0,1,1.102031,0.70451,-0.19095,0.131902,-0.300702,-1.523831,1.197802,-1.337175,-0.87815,1.91623
validation,0,0,-0.284331,-0.038415,-0.192835,0.333241,-1.496327,-0.837647,-0.801025,-0.65524,0.105043,-1.534387
validation,0,1,0.993947,-0.178362,-0.268139,1.656067,-1.204846,1.445547,0.058463,0.935572,-0.43547,1.68875
validation,0,0,0.198221,-1.029135,0.390125,-1.628655,-0.117407,0.644108,1.432284,-0.49612,-1.465888,-0.943195
validation,0,0,-0.431096,-0.604339,-0.477199,0.506855,0.05922,-0.279756,-0.291314,-0.660287,-1.113138,0.172779
validation,0,1,-0.349819,-1.141007,0.603207,-0.188634,0.851309,-1.191567,1.869529,-0.582275,1.589689,0.484188
validation,0,0,0.342461,0.722253,-0.292601,0.618515,1.460019,-0.47097,-0.062819,0.87272,-0.24526,0.917565
validation,0,0,-0.845096,0.061185,-0.536613,-1.308085,-1.424674,0.427639,-0.171314,0.373311,-0.095476,-0.179921
validation,0,1,-0.39167,1.982,0.676782,0.876019,-1.685189,-0.868793,-0.710338,-1.389917,-0.836041,-0.15763
validation,0,0,1.117358,-0.220287,0.494275,2.452237,1.775447,1.867553,2.59727,-0.717442,0.48371,-1.00127
validation,0,0,-0.263637,-0.119131,0.029387,1.602069,-0.20283,-0.081969,-1.431286,0.617961,1.230124,-0.090827
validation,0,0,-0.452557,0.17704,0.053559,0.345313,0.826086,-0.753981,-1.064591,-1.603403,-0.057608,0.097952
validation,0,0,-2.012747,-0.102367,0.772455,-0.149715,0.771972,-0.355324,0.442481,-0.085217,-0.175518,-0.587578
validation,0,0,-0.36319,0.892071,-0.727813,-1.160966,-0.388447,1.989285,-1.670839,-1.038102,1.568625,0.356263
validation,0,1,-0.267234,-0.42956,-0.697192,-0.328318,0.439835,-0.416657,-0.301658,-0.628301,-0.214326,0.962235
validation,0,1,0.036384,-0.397451,1.918588,-0.674303,-1.151955,0.778123,1.000288,1.040163,0.107616,1.026091
validation,0,0,1.317654,-0.092261,-0.331648,-0.799705,1.674443,-1.924494,-0.274888,0.279595,0.291706,0.490884
validation,0,0,0.461328,0.665812,-0.740185,1.878962,-0.905588,0.989976,0.787465,-0.796254,-0.399041,0.28365
validation,0,0,0.073394,0.100944,-2.131138,0.975444,-0.968933,0.058199,-0.419831,-1.39027,-0.930028,0.466491
validation,0,0,-1.367597,0.321066,0.56255,-0.297887,-1.992003,0.145445,0.221373,0.384012,0.354523,1.39854
validation,0,0,0.388824,-1.198559,0.806718,0.329512,-0.050593,-0.480588,0.68503,-1.088223,0.042413,0.160118
validation,0,1,2.300732,-0.383164,-0.862486,-1.762556,-1.078097,-0.517952,0.683608,-1.675046,-0.054894,-0.311653
validation,0,0,-0.727756,-0.463466,1.064539,1.334563,3.354122,-0.513945,0.812209,-0.390576,3.021382,-0.308472
validation,0,1,-0.266958,0.916494,-0.738264,0.468016,0.593423,0.754109,-0.011368,-0.719595,-0.916649,-0.598008
validation,0,0,-0.882539,-0.839706,-0.233763,0.072172,1.314087,1.740112,2.297343,-0.219782,-0.16074,1.045118
validation,0,0,1.913196,0.07185,0.037028,-0.802267,-0.031704,0.475875,-1.51629,-0.684026,-0.913789,0.963206
validation,0,1,-0.566361,2.481282,0.266282,1.666418,-0.113528,-0.820837,1.508641,-0.140495,0.047855,-0.633149
validation,0,0,-1.034931,-1.797397,1.152903,-1.219382,-0.048568,0.638492,-2.132486,1.148911,-0.68528,1.377948
validation,0,0,-1.410562,0.084643,-1.221208,0.287673,0.454995,2.336227,-0.477693,0.860969,-0.133827,-0.072647
validation,0,0,-1.597154,-0.431539,-0.032608,-0.326145,-0.52272,0.069512,0.747395,-1.232025,-1.494516,0.56103
validation,0,0,-0.565143,-0.835398,-1.756832,1.48786,0.00074,-0.008811,1.496042,-1.528423,1.934998,2.009909
validation,0,0,-1.171023,-1.121576,-0.252227,0.135238,1.537597,0.630117,0.185609,0.394669,1.356984,2.045635
validation,0,0,-0.242067,0.472009,0.192995,-0.252712,-0.070507,-1.361963,-0.439984,-0.690983,-0.003633,0.644354
validation,0,0,0.408968,-1.452366,-0.667343,0.905961,-0.322859,-0.543466,-0.495505,-0.968108,1.716417,-1.669752
validation,0,0,-0.021559,0.788991,-0.451885,1.273671,-0.917386,1.030649,0.606217,0.515415,0.527087,-0.032528
validation,0,1,0.337213,0.384096,-1.754037,-0.172621,-0.18325,0.769272,-1.533925,0.502037,-1.985033,-1.20411
validation,0,0,-0.66748,-0.399387,-0.515228,1.274598,-0.088088,0.492811,0.281723,1.363248,-0.24959,-1.561985
validation,0,0,1.242852,-0.627473,-0.065801,0.959596,-2.663026,-0.672812,0.263383,0.025994,1.184698,-0.00959
validation,0,0,-0.755461,0.175548,0.196926,1.236296,-0.102548,-0.609168,0.884969,0.389654,-0.075954,0.182487
validation,0,0,-0.027225,-3.545435,0.379642,-0.758829,-1.766718,1.734286,1.625574,-1.248267,-0.403485,0.582599
validation,0,0,-0.274833,-0.255455,0.477181,0.385867,-0.22862,0.911803,-0.465791,0.553866,1.169159,1.114466
validation,0,0,1.903564,-0.672168,-0.94403,1.028758,0.645685,0.588847,0.323362,-0.410948,1.304188,-0.760492
validation,0,1,-1.563821,-1.663148,0.021807,1.226695,-0.744339,-0.27841,0.082189,-0.563002,-0.343233,-1.439594
validation,0,1,-0.309757,0.921257,-0.135041,-0.343601,0.507203,1.45515,-0.402765,-0.164119,0.097711,0.650097
validation,0,1,2.921118,1.582144,-1.212498,0.3886,0.173294,1.085009,-0.019924,-0.25555,-0.007565,0.282609
validation,0,0,0.054267,0.390806,-0.470469,-1.578911,-0.850704,-0.651545,0.247206,0.917538,0.510922,0.708887
validation,0,1,-0.552105,-0.422008,-0.348962,-0.296342,0.414148,0.788675,-1.75657,-1.433033,-0.403917,0.195888
validation,0,0,1.572082,-0.712956,-0.502495,1.402158,2.184441,1.085751,-1.061431,-1.115967,0.391699,-1.56513
validation,0,0,0.317373,0.149723,0.617157,0.252104,-1.077246,-0.549749,-0.018832,1.483622,0.188499,0.528196
validation,0,0,-0.400742,0.695153,0.118252,1.154089,0.411676,0.322529,0.756919,0.726173,0.410848,-1.642815
validation,0,0,0.182883,-1.069223,0.413082,1.726848,0.38297,1.190316,0.161196,-0.05255,0.301013,-0.785821
validation,0,1,1.59073,-2.873405,-0.55616,2.146964,0.556598,-0.571573,-1.26967,-1.189118,1.475103,1.101427
validation,0,0,-0.863668,0.480324,-0.221918,1.900193,-0.961876,0.631579,1.00295,-0.199074,-1.039283,-0.730459
validation,0,0,-0.411154,-0.124153,0.291701,-0.569184,-0.815131,0.103516,-1.63394,0.683525,-0.611883,0.319827
validation,0,0,-0.642466,-1.638618,0.634107,-0.367896,0.873318,-0.347705,-1.185066,1.02719,2.424147,-0.224241
validation,0,1,-1.325499,-0.256871,2.140151,0.007608,-0.252169,0.197428,1.16663,1.217189,1.017683,0.320592
validation,0,0,0.650949,-0.42943,-1.819361,-1.205351,-0.974065,-0.361748,0.503249,0.410721,-0.56096,1.612329
validation,0,0,1.220713,-0.072767,-0.27509,-1.391763,1.135211,-0.684231,-0.981577,1.011365,-0.427671,0.621885
validation,0,0,-0.136902,1.198032,0.635117,0.206771,-0.23902,-0.850026,1.184328,1.127173,0.023361,0.269672
validation,0,0,-0.668458,-1.239397,2.046948,1.69373,-0.049792,1.272124,0.061918,-1.243897,0.253284,-1.774191
validation,0,0,-0.424633,-0.126696,-0.445325,0.276714,-1.44753,-0.870776,-0.363273,0.09352,-0.357897,-0.183744
validation,0,0,-1.017826,-1.301683,-2.827576,0.682942,-0.731809,1.40635,-0.111042,0.979053,0.429737,-0.34633
validation,0,1,0.258742,-0.001998,1.084561,0.963367,0.195125,0.063585,-0.407458,-0.5994,-0.563703,-1.216787
validation,0,0,-1.499747,1.94308,1.379093,-1.871881,0.29009,-0.809362,1.373005,-0.135924,-0.035361,-0.295924
validation,0,0,0.360082,-1.403261,-0.097386,0.65757,1.513951,-0.667695,-0.536903,-1.077325,-0.311215,0.426082
validation,0,1,-1.576593,0.880215,1.250258,0.12124,1.486501,-0.833515,-0.056655,0.429051,-0.946548,-0.303444
validation,0,1,0.233378,-0.375878,1.111137,0.409847,-0.316674,-0.724034,0.559959,-1.514101,-0.578333,-0.129593
validation,0,1,1.174015,-0.922895,0.661398,1.672685,-0.459117,-0.457013,0.615525,0.135506,1.264707,-0.204057
validation,0,0,0.072161,-1.267681,0.535954,-1.43935,0.429865,-1.660072,-0.151761,-1.434011,-0.650757,0.56573
validation,0,0,-0.11972,0.358867,-0.583237,1.645662,0.042975,-1.28089,0.458366,-1.44176,-0.383967,0.838318
validation,0,1,-0.909918,-0.497842,0.712114,-0.486305,0.105347,-0.117743,-0.388118,-0.230677,-1.127557,-0.623773
validation,0,0,-1.388687,1.081776,0.990798,-0.396439,1.480933,0.098083,-0.44483,0.663978,-1.779649,0.953998
validation,0,0,0.559068,1.357477,-0.578013,0.08262,-0.699736,-1.287148,-0.926062,0.697347,-0.21144,-0.660754
validation,0,1,-0.912772,2.264271,0.811148,-0.305362,0.098408,0.430727,-0.279287,-0.933208,1.256726,-1.413124
validation,0,1,1.06122,1.637676,-1.487707,1.39858,-0.088935,-0.442717,1.617954,1.57694,1.412251,0.919483
validation,0,0,0.766032,-0.132095,0.58495,-1.444344,-1.507641,-1.150068,0.856404,0.490458,1.444502,1.052704
validation,0,0,1.988715,-0.312334,-0.669339,-0.729938,0.437534,0.550154,-0.6038,1.69026,-0.398,-1.667408
validation,0,0,-0.491466,-0.389048,0.707696,0.819921,-1.032693,-2.00129,0.06437,-0.840256,3.155549,1.957694
validation,0,1,-0.11157,1.271386,-0.103455,-1.490281,0.509279,-0.24474,-2.259697,-0.172534,-0.547282,-0.32439
validation,0,0,-1.580823,0.318997,0.196207,0.935256,1.443867,-1.128255,1.147586,-0.751711,0.071166,1.143592
validation,0,0,0.884829,1.001668,-1.204934,-1.396544,-0.000242,-0.875235,0.247046,-0.448706,-1.522374,1.197281
validation,0,1,0.702407,-0.830928,0.028769,0.165256,-0.350894,0.246216,0.756642,-0.685935,-1.520545,1.159255
validation,0,1,0.722103,-0.962778,1.057998,0.902026,1.53727,2.030889,-0.40649,-2.183987,-0.873069,1.546857
validation,0,1,0.662067,-2.016232,0.636943,1.477706,-1.22548,1.041091,-0.515672,-0.068551,1.919254,-1.952856
validation,0,0,-1.320359,0.112113,-0.557199,1.294355,0.520876,1.132327,-0.234556,0.994763,-0.420962,1.85778
validation,0,0,-1.090365,-0.519184,-0.754876,-1.105742,0.194488,0.028377,1.284093,0.008524,-0.081748,0.838362
validation,0,1,2.149418,1.210157,0.628099,-0.695711,-2.040374,1.006238,1.422914,-1.909889,-0.383834,-0.005954
validation,0,0,1.075579,1.529453,-0.974075,-0.71012,-1.289016,0.529628,0.039611,0.926017,-0.512399,0.552586
validation,0,1,0.597433,0.740937,-0.879727,1.305783,1.197539,2.116616,-0.517918,-1.697831,-1.952055,0.218514
validation,0,0,1.932461,-0.08106,-1.012195,2.015944,-0.490934,-1.687828,-0.574014,0.97549,0.257615,-0.827064
validation,0,0,-0.240696,-1.377859,-0.668623,0.064579,-0.466507,-0.833334,-0.542132,0.534762,0.020282,-0.42552
validation,0,0,1.457989,0.325454,0.219263,0.910429,-1.156788,-0.400307,-1.060829,0.470007,-0.674208,-2.237183
validation,0,0,-0.96502,-0.283232,-1.556531,0.487676,1.04418,0.107591,-0.457008,-1.035771,1.029972,-2.336194
validation,0,0,-0.577875,1.437281,-0.20697,-0.426193,-0.333874,-0.424492,0.267501,1.338671,-0.709729,-0.390205
validation,0,0,-0.508674,-0.337424,-0.817118,-1.254476,-0.781027,0.188913,0.630606,-2.589612,-0.513427,-1.186048
validation,0,1,0.521816,0.896523,1.233109,-1.329415,0.241394,2.058241,0.414796,0.792616,-0.138476,-0.101022
validation,0,0,-0.953206,0.383502,-0.056999,0.737853,-0.577894,0.972189,-0.367929,0.163936,0.761833,-0.949724
validation,0,1,0.258502,0.126366,0.392945,0.945092,-0.748864,-0.387545,-0.93058,-0.299817,-0.29652,-0.066858
validation,0,0,-0.663702,1.359155,-1.065594,-0.386731,-0.12843,-0.842336,-0.917769,-1.115058,0.625031,-0.288489
validation,0,1,0.984535,-0.827652,2.024351,1.071521,-0.235639,-0.360624,0.339858,0.104911,1.210143,-2.210484
validation,0,0,1.577632,-0.011107,-0.551652,0.498519,1.081042,0.328636,0.046079,-0.231113,0.723415,0.717463
validation,0,1,1.355999,1.467724,2.370096,-1.899255,-0.957276,0.029061,-1.994746,-0.86051,1.249955,0.779773
validation,0,1,-0.363564,0.994334,1.522519,-1.370792,0.108024,1.749549,-1.392215,-2.284928,0.354618,0.62805
validation,0,0,1.078351,-1.831534,-1.821552,1.593198,-1.117559,-0.964328,-1.196907,1.142018,-2.113025,1.005253
validation,0,0,0.994584,-0.76564,-1.530581,0.774923,-0.204288,-0.774942,0.383864,-0.036891,0.531206,1.251638
validation,0,1,-0.599417,2.135776,0.248793,-0.894866,2.28233,-0.553013,-0.350446,0.93894,-1.129778,-0.966143
validation,0,1,-0.491108,1.196622,1.53768,-0.885713,0.392333,-0.281822,-0.154048,-0.018184,0.462393,-0.057915
validation,0,1,0.169594,-0.41952,1.071983,0.944051,0.824744,-0.107693,0.565522,0.67933,-1.648752,-0.044154
validation,0,0,-0.816846,2.038294,-0.693502,-1.716188,1.987742,0.34504,1.096346,-0.410014,-0.956675,0.575775
validation,0,1,0.722109,-0.240532,0.196255,0.326012,0.179999,0.150472,0.022961,1.017524,1.095366,1.704533
validation,0,1,0.585139,3.427594,-1.201945,-0.188817,-0.607026,-0.665924,-0.67528,0.25942,1.189028,1.576386
validation,0,1,0.348054,-1.643051,2.488432,0.273822,-0.669304,1.063171,0.564193,2.473732,-0.737175,-1.310088
validation,0,1,0.796894,0.626647,-1.007261,0.003901,0.331632,-0.400701,-0.01995,-0.111536,-0.181538,-0.694328
validation,0,0,-0.629819,0.627938,-0.441414,1.701004,1.353643,1.150939,0.753094,2.089014,1.562054,-0.457126
validation,0,0,0.14957,-0.841283,0.300687,0.647356,0.579169,0.086914,-0.297409,-0.515094,1.35602,-0.80486
validation,0,0,-0.985887,-0.887031,0.690075,-1.163494,-1.143332,0.881947,0.656031,0.64879,-2.586852,-0.067007
validation,0,1,-0.499889,2.576922,0.483411,0.964417,-0.348487,-0.069535,0.762721,-0.562398,1.28866,0.689968
validation,0,0,0.953612,0.919225,-0.140792,0.806474,-1.132991,0.196091,0.784383,-0.161885,-0.693175,-1.489059
validation,0,1,-0.433561,0.006505,0.973212,-0.616703,-0.560216,0.476032,0.076662,-2.350769,0.951943,-1.761792
validation,0,0,-1.394339,-1.398194,-0.630132,1.786804,-0.306437,-0.068546,0.264868,-0.18735,0.779356,2.088651
validation,0,1,-1.093773,0.456479,0.210529,-1.197706,0.965172,1.672771,0.230446,0.462367,-0.270656,-1.488229
validation,0,0,0.289751,-1.024289,-0.14004,-0.92395,-1.965364,-0.831276,0.080806,-1.262218,-0.034183,0.370064
validation,0,0,1.11529,-2.641624,1.525845,0.239302,-1.092081,-0.217437,0.401757,1.549393,0.207926,-1.517492
validation,0,1,1.655008,0.767608,0.495344,0.699007,-0.637948,-0.104018,1.220895,-0.246876,-0.35363,1.003891
validation,0,1,0.935009,1.061577,-0.464317,1.113259,-0.714444,0.789392,-1.779463,1.221053,0.19932,0.896108
validation,0,0,0.381451,-2.086388,1.405248,0.517456,-0.450761,0.435807,-1.24866,-0.341511,0.841826,-0.517142
validation,0,0,1.016052,-0.346191,0.51451,-1.272604,-0.038106,-1.211893,-0.717061,0.791924,0.649416,0.786889
validation,0,0,-1.032087,0.175252,0.808882,-0.807009,-1.668829,-0.838585,0.102404,1.247755,1.2901,0.014424
validation,0,0,-1.341076,-0.095019,-1.135503,-1.29975,0.474604,1.45594,-2.326333,-0.354984,1.154752,0.065295
validation,0,0,-1.275677,-0.642056,-1.496964,1.332216,0.161431,-0.975953,-2.122829,0.979576,0.13534,0.259519
validation,0,1,1.037059,1.730239,-0.003092,-0.559858,-0.043786,0.780151,0.135101,0.749873,0.702458,-1.197289
validation,0,1,0.616332,0.353724,-0.34964,0.151358,0.320414,-0.664669,0.006137,-2.488646,1.089676,-0.091569
validation,0,1,1.79535,-0.641132,0.179897,-0.466153,0.732325,0.588103,-1.011051,1.207489,-0.179751,2.192973
validation,0,1,0.636071,-0.631881,1.275199,0.049507,-1.312416,-0.339462,1.645218,0.108051,0.019351,0.678786
validation,0,0,-2.289733,-1.939354,1.586572,1.094471,1.370823,0.084488,1.513822,0.298314,-1.593788,-0.999863
validation,0,1,0.521317,0.448926,0.777641,0.177668,1.288229,0.006276,-0.044876,0.165649,1.664355,-0.765575
validation,0,0,-0.183467,-1.290261,-1.48925,-0.184728,-1.034348,-1.126379,-0.630283,0.53136,0.651632,0.753188
validation,0,0,-0.851731,0.734695,-0.475413,1.403533,-1.037885,0.049572,1.45247,0.870937,-1.813082,-0.484118
validation,0,0,0.730252,2.647146,-0.144313,0.891731,-1.565798,-0.23009,-1.058366,-0.248212,-1.952462,0.005862
validation,0,0,-2.08456,-0.98526,0.829595,-0.650128,-1.270902,-0.960473,0.467404,0.151784,-0.352816,-0.245065
validation,0,0,-0.690891,0.526863,0.112273,0.862441,-0.277669,0.022169,0.508471,0.026383,-0.811533,-0.136363
validation,0,0,2.428791,-0.575664,-0.098577,0.362785,0.497658,-0.803713,1.059264,-2.000056,0.420299,0.797252
validation,0,0,-0.848909,0.573381,-0.597869,-1.578387,0.863141,-1.152632,-0.235334,-1.224715,0.608201,-0.561487
validation,0,0,0.408112,-1.84577,0.268008,-0.735389,-0.374762,1.389994,-1.231403,1.457687,-1.411629,-0.034098
validation,0,1,-0.302774,-0.314742,-0.837947,1.222671,-0.293416,-0.202852,1.126371,-0.177239,-0.467974,0.986656
validation,0,0,-1.338285,1.709807,0.164521,-0.420699,1.644399,0.346261,0.067806,0.906595,0.681853,0.085731
validation,0,0,1.968668,-0.573418,-1.437503,-0.225545,0.556575,0.195626,-1.933933,0.215564,-0.787496,0.301545
validation,0,0,0.106197,-0.932029,3.434444,0.463734,0.13001,2.349479,0.443347,-0.133852,1.392139,0.312862
validation,0,0,-0.995074,-0.659163,1.392826,2.211461,-2.084831,-0.962795,-1.066173,1.519128,-0.548193,1.121914
validation,0,0,-0.339973,1.073837,-0.262142,1.086931,-0.838816,-2.224318,-1.891458,-1.606221,-1.135641,-0.992861
validation,0,0,1.783424,-0.763631,-0.131713,-1.285251,1.169729,1.468178,0.458914,-0.750338,-2.069174,-0.027481
validation,0,0,-0.091699,0.810451,-0.426969,0.240173,0.463092,-2.097707,0.601957,3.266582,0.423255,-0.382167
validation,0,0,-0.731898,0.210119,-0.867983,1.019439,-0.823442,-1.154782,-0.924167,-1.469221,1.060223,0.284291
validation,0,0,-1.152285,0.629838,1.520921,-1.270691,-1.709563,2.000829,0.747499,0.259159,-0.94102,-0.890829
validation,0,0,-0.813494,0.357626,2.342273,-1.946132,-1.165776,-0.282942,-0.256788,-0.135287,2.242995,1.227722
validation,0,0,1.304559,-1.701536,2.288154,0.245682,-0.11759,-0.827188,-0.118157,1.617308,0.070999,0.800014
validation,0,0,-0.682879,0.972266,0.898349,-1.502402,-0.442568,0.09119,0.230836,0.218825,-1.734755,0.843262
validation,0,0,1.240352,0.414291,0.639033,0.500102,-0.186507,0.148711,-1.304479,0.761301,-0.800354,-1.962978
validation,0,1,-0.915691,0.581371,-0.875097,1.246509,0.757266,0.507235,-0.825187,0.693198,-0.173284,-0.39178
validation,0,1,1.502527,0.384846,1.846881,1.550763,-1.219463,-1.408219,1.193323,0.33909,-0.06415,0.254439
validation,0,0,0.825744,1.553886,1.320693,0.601854,-0.581035,0.796403,0.013578,0.475177,1.630013,0.686158
validation,0,0,-1.126358,0.547166,-0.834799,1.992095,0.725742,-0.037633,1.062907,-0.272259,-1.525893,-0.149944
validation,0,1,0.268612,-1.368374,-0.552798,0.029735,0.220457,0.153761,0.416615,-0.002063,0.057773,-1.58104
validation,0,0,0.451455,0.484932,0.2573,0.79254,-0.523179,0.904944,0.845804,0.083276,-0.367128,-0.344149
validation,0,0,-1.907027,0.809334,0.279858,-1.337393,1.051996,0.638465,1.489231,1.560687,-0.414936,1.045285
validation,0,0,-0.313154,-0.058077,0.614822,-1.964021,1.169395,1.005488,1.539575,0.961579,-1.124354,0.634183
validation,0,0,-1.607329,-0.551523,-0.758932,-1.791088,-2.488314,-0.990876,0.393573,0.067965,-0.031101,0.120202
validation,0,0,0.364823,-1.537768,-0.088804,-0.270755,-0.39401,-1.208493,-1.318788,-0.828108,1.154906,-0.945107
validation,0,1,-0.731502,-0.982494,-0.588666,-1.455765,-1.121085,-0.135623,0.793665,0.97782,0.519831,-0.472277
validation,0,0,0.809133,-0.408664,0.174904,1.565867,0.394803,-1.32469,0.138076,-0.875125,0.166135,-0.434838
validation,0,1,2.116702,1.270591,1.914002,-0.656134,-0.818416,-0.107247,0.343558,0.441487,1.219206,-0.547438
validation,0,0,0.703626,-0.810569,-0.41239,-0.928313,0.222437,1.241462,-0.984154,1.053817,-0.275944,0.39652
validation,0,0,-0.906043,1.394857,-0.347597,-0.621576,-0.586714,-0.535178,2.842977,-0.866795,0.108775,0.706831
validation,0,0,-0.045704,0.646301,-0.729695,-1.535149,0.50237,-0.993068,0.349839,-0.692632,-0.685933,-0.771068
validation,0,1,0.728086,1.761794,1.070333,1.122724,0.996316,1.055767,-0.468252,0.097002,1.608053,-0.170748
validation,0,0,0.772145,-1.946411,0.482417,1.279545,0.99825,0.265763,0.080549,2.013001,1.76465,0.000803
validation,0,0,0.424245,0.969435,-0.547715,-0.020695,-0.271189,-0.222007,1.010733,-1.112588,-2.120247,0.107974
validation,0,1,1.490877,-0.991242,-0.235187,-0.850585,-0.642514,0.916643,-1.529842,1.100075,0.766051,2.092501
validation,0,0,0.881659,-0.323104,0.373219,0.776637,-0.503259,-0.712556,-0.251435,0.604854,-1.397812,1.72756
validation,0,1,1.322269,0.284582,-0.55902,0.549397,-0.729442,-0.630825,0.463442,-0.213085,0.734026,1.355689
validation,0,0,1.696821,0.977132,1.274601,2.543585,-0.34131,-0.786328,0.9193,0.467058,-1.311129,2.287475
validation,0,0,-1.84071,-0.330317,0.308393,0.586372,0.080917,-0.565102,-0.552152,-1.004055,1.476983,1.040744
validation,0,0,-1.546469,-1.840288,7.7e-05,-1.223592,0.801871,-0.605905,-0.718083,0.410061,-0.392439,-0.412916
validation,0,0,1.846078,-1.049849,-0.359566,-0.176625,0.032557,-1.163888,-0.325352,-1.541947,0.451562,0.066152
validation,0,0,-1.490225,-0.123652,0.085898,0.678433,0.635824,0.914041,-1.472503,-0.679917,0.544288,1.587658
validation,0,0,-0.152563,-1.969022,-1.180682,0.567267,0.500166,-0.717674,1.67255,0.621617,-0.117374,1.262616
validation,0,1,0.440192,0.709976,2.203116,0.042424,0.040308,0.839554,-0.439572,-0.173809,-1.656099,0.409653
validation,0,1,0.357553,2.681567,-1.594763,-0.257707,0.622887,-0.513996,1.094004,-0.125747,-1.267576,0.659718
validation,0,0,-0.161236,-1.131736,-1.047369,0.424412,-1.141474,-0.848513,1.815943,0.234248,-1.559195,-0.474588
validation,0,0,0.649893,-0.145713,0.565739,0.326414,0.055512,-0.631499,-0.519341,-1.078839,-0.279013,-0.881999
validation,0,0,-1.257516,-0.106491,1.514207,0.935541,0.657339,0.506994,-0.375402,-2.012542,-1.100095,-1.092368
validation,0,0,0.99993,0.789258,-1.863943,-0.563969,-0.427661,0.061546,0.320094,-0.229793,0.573557,0.789906
validation,0,0,-1.097203,-0.564007,0.443739,-1.648155,0.276594,-0.247174,1.896793,0.690477,0.090163,0.796795
validation,0,0,0.961636,-1.299717,0.276259,-1.092383,0.722973,1.575398,-0.438072,0.579613,1.057811,0.052155
validation,0,0,0.680218,-0.342706,1.28677,0.599287,1.027608,-2.052212,-0.285751,-0.274363,0.727454,-1.091684
validation,0,1,0.560777,1.723369,-0.966376,1.944932,0.60195,0.065868,-0.200256,1.125396,0.678533,-1.393519
validation,0,1,0.77293,-0.254722,0.4789,-0.602565,-1.108446,-1.460577,0.118146,-1.2625,1.359019,0.363993
validation,0,0,-0.211586,0.504171,-0.55316,-0.342744,0.478613,0.51059,-1.608556,-1.382061,1.006503,0.38279
validation,0,0,-0.072913,-0.429486,0.401411,0.069349,0.870606,0.307298,0.422228,-0.636556,-0.180952,0.393842
validation,0,0,0.323449,0.286789,0.118153,-0.707804,-0.345272,-0.399255,-0.157094,-0.280716,-0.122784,0.887256
validation,0,0,-0.431016,-0.12941,-2.292976,-0.952099,0.597947,1.11177,-0.912868,-0.073969,-1.337637,-0.129259
validation,0,0,0.364997,-0.141929,0.596417,-2.231156,-1.694553,0.488123,0.130236,-0.603412,0.06579,-0.24984
validation,0,0,-1.171961,-1.77212,1.858539,0.561347,0.263908,1.010714,-1.555077,0.199239,0.639323,0.4573
validation,0,1,-0.398269,-0.593213,1.220186,-0.263117,-0.030684,-1.27881,0.984172,-0.167775,-0.53232,1.359877
validation,0,1,-0.165581,0.703582,-1.842001,0.611567,0.149491,-1.025937,-1.015255,-0.811132,1.231834,-2.211846
validation,0,1,0.386094,2.082419,0.491888,-0.51202,-0.766512,-0.514471,0.902657,-1.666339,0.628126,0.172767
validation,0,0,0.05209,2.41772,-0.142854,-1.347056,0.581689,-1.552496,-0.483271,0.957879,2.009689,-1.135589
validation,0,1,1.811593,2.090618,-0.693631,1.344913,-1.094926,-1.024179,1.183457,-1.022796,0.793577,1.022355
validation,0,0,0.648148,-0.024439,2.669906,0.326181,-0.584669,-1.164516,-0.215217,-1.600503,0.534649,0.258601
validation,0,0,-0.225601,0.018841,-0.674928,0.220515,0.798735,0.621032,0.524993,-0.566169,-0.585746,0.52673
validation,0,0,1.26731,-2.11749,0.899495,-0.139623,-0.082082,-0.446582,2.364902,-1.348953,-0.940635,1.73607
validation,0,1,0.632324,0.20262,0.887902,-0.14352,-0.60784,0.436367,-0.478042,-1.559853,0.708546,-0.937909
validation,0,0,-0.048854,0.047907,-0.474051,-0.828943,-0.01236,0.463668,0.122969,-0.599171,0.183907,1.085136
validation,0,0,-3.349526,-0.222201,-0.352445,-0.583168,0.820955,1.068507,0.709757,0.207374,0.803296,-0.269989
validation,0,0,-0.312558,-1.366436,-0.704455,-1.581352,0.006122,0.72082,0.244322,-0.146186,2.026069,1.084449
validation,0,0,0.455577,-0.953203,0.010202,-0.404653,-0.082907,0.593379,0.539239,0.696083,0.393732,-0.510688
validation,0,1,0.8088,1.593364,-0.641291,0.105605,0.541001,-0.610987,0.036337,0.392132,-0.473828,0.270201
validation,0,1,0.608954,0.16574,1.87902,-0.003593,-0.489005,0.096689,1.231899,0.720496,-1.712579,0.14855
validation,0,1,-1.358104,-0.765254,-0.650684,-0.372481,-0.919565,-0.81877,-0.216471,0.925491,0.127673,1.247292
validation,0,0,1.056404,-1.311911,-0.37749,-1.146147,-0.459839,0.015666,0.541823,-1.047454,1.279505,0.795307
validation,0,0,-0.650364,-0.58362,1.235814,-0.705449,0.594302,-0.064049,0.392298,1.297329,0.655764,0.261187
validation,0,0,0.405943,-1.014143,1.64958,-1.565153,0.469286,-1.17428,1.110776,1.165319,-0.39175,0.173899
validation,0,1,0.47062,-0.236587,-0.331296,0.207804,1.492867,-0.292135,-0.167744,-0.688575,-2.042104,-1.488335
validation,0,0,1.018566,-2.708602,-0.273989,-0.872336,1.009264,0.458323,-0.862143,-0.51017,-0.746558,-0.566403
validation,0,1,0.509812,-0.979582,0.171915,2.054431,0.750771,0.80816,0.353962,-0.269553,-0.008759,0.71222
validation,0,0,-0.646556,-1.16514,-0.219709,-0.135134,1.178699,0.032606,0.557438,0.759474,-0.499279,0.894181
validation,0,0,-1.057527,0.851001,-1.305059,0.26873,0.498582,-1.38875,-0.130019,0.837461,-0.535417,0.581677
validation,0,0,0.328046,0.788607,-1.014842,0.701473,-0.167852,-0.3518,-0.583999,-0.024173,1.108544,-0.247159
validation,0,1,1.420084,-1.22883,0.458018,-1.242659,0.905849,1.673041,-0.345877,0.34847,0.390576,1.141772
validation,0,0,-2.575823,-0.986866,-3.792508,-1.654897,-0.107275,-0.126986,0.785416,0.999046,1.032317,0.022177
validation,0,0,-1.645718,0.024907,-0.491778,0.825507,0.191759,0.793397,0.137472,0.577174,1.351459,0.578852
validation,0,0,-1.68571,-1.430201,-0.115982,0.452454,0.779454,-2.797431,-1.555417,0.592,-0.252243,1.189077
validation,0,0,-0.594724,0.457851,0.186242,0.009615,0.084625,-1.364779,-1.927793,-0.173521,-1.097408,-0.765486
validation,0,1,-0.828427,1.21204,0.778934,0.205059,0.844224,-0.078431,0.259267,-0.581729,-1.485065,-0.051079
validation,0,0,-2.845295,-0.248135,-0.525674,-0.672951,-0.616763,0.079478,-0.943268,-0.380753,-1.064862,-0.625607
validation,0,0,0.346919,-0.853976,-0.109072,0.735688,0.483931,0.640114,-0.262097,-0.433728,1.169758,-0.466266
validation,0,1,1.015814,-0.708876,-1.84927,0.860104,0.672832,-1.442167,-0.875955,0.278686,0.935509,-1.050913
validation,0,0,-0.828437,-0.118376,-0.330209,-0.50622,-0.149983,2.245289,0.295628,0.271243,-0.326313,-1.942843
validation,0,0,-0.252156,-0.462173,0.348666,1.979025,0.527591,0.380566,-0.515648,1.884441,-0.242528,0.422163
validation,0,1,1.37248,1.796346,0.187554,1.086661,-0.434386,1.113909,-0.691122,-0.271313,-2.309757,0.262568
validation,0,0,-0.606497,-0.373898,-1.782286,-0.498994,1.356254,-0.068708,-0.802886,0.165496,-0.747508,-0.235785
validation,0,0,0.448654,0.838148,9.1e-05,-0.271743,0.191042,0.138291,1.050519,-1.727842,-1.599874,-0.966941
validation,0,0,-1.873814,0.196788,-1.226209,0.212244,-0.769072,0.259101,-0.211681,0.244917,-0.55172,-2.339043
validation,0,0,0.315429,-1.198706,-0.309463,-0.313391,1.037295,-0.317202,0.156677,0.632755,-0.48234,-0.110525
validation,0,0,-0.820195,1.650627,1.49563,-0.694358,0.669122,-0.700735,0.922946,-2.156061,-1.950246,0.006794
validation,0,0,-0.483015,-2.442885,-0.634376,-1.122637,-0.726122,-1.748089,0.26683,-0.553363,-0.320877,-1.50891
validation,0,0,-0.900703,0.667758,0.684841,0.819312,-0.584862,-1.93548,0.302017,-0.144617,-1.499926,0.608366
validation,0,0,0.55548,0.199471,-0.202717,-0.713212,-0.979475,-0.457202,1.666056,-0.470365,-1.496223,-1.085284
validation,0,0,-1.842772,-0.933565,3.827346,1.897165,-0.357857,-1.104774,-1.235262,-0.497808,-0.525541,-0.299153
validation,0,0,0.257733,2.141089,1.818914,-1.011318,0.768384,1.037762,0.058893,0.482681,2.055556,0.222107
validation,0,0,-0.02349,1.014457,1.612222,-0.61104,0.381323,-0.911789,0.084484,1.8164,-0.168645,-1.143184
validation,0,0,-0.348183,-1.685199,1.287304,-0.348505,2.831643,0.380927,0.889543,0.840412,-0.341119,1.806785
validation,0,0,0.428411,-0.234528,-1.952852,-1.390382,0.696566,-0.889892,0.473512,-0.209234,-0.441973,2.965328
validation,0,0,-1.595677,0.634629,-0.143792,-0.796067,-0.21246,-0.779904,0.603277,0.044882,0.498221,1.126291
validation,0,1,0.924561,-0.137054,-0.120854,0.537016,-0.286461,0.885382,2.273995,-0.646624,1.013654,0.312419
validation,0,1,0.938408,0.06292,-0.262209,-0.54251,-1.447552,-0.690124,-1.110957,-0.424072,1.50389,0.375319
validation,0,0,-0.081768,-0.590943,0.266555,-0.82911,1.792808,-0.548196,-0.938419,-0.31044,1.117796,0.384919
validation,0,0,-0.748028,-0.077721,0.318633,0.537011,2.066783,-0.835092,-0.013761,1.056532,0.217811,-0.548883
validation,0,1,-0.840375,0.163098,1.822205,-1.297857,-1.899943,1.863307,0.979269,-0.120415,1.09765,0.352459
validation,0,0,-1.837179,0.61571,-0.016098,-1.210005,0.020952,1.14252,-1.071364,0.066355,-1.307447,-1.530267
validation,0,0,0.392815,-0.52456,0.284706,1.651658,0.583517,0.215796,-0.142904,-0.195673,1.00262,0.202218
validation,0,1,1.316489,0.192437,0.763388,-0.495647,0.208128,0.106608,0.681426,-0.384432,1.419969,0.697438
validation,0,0,-0.399511,-1.114853,0.232627,0.677631,-1.884374,-0.2931,0.036194,-0.049501,-0.081929,2.142071
validation,0,0,1.006417,-0.559636,-0.91815,-0.21229,-1.12799,-0.236955,-0.605494,-0.979825,-1.385106,-0.220156
validation,0,0,-0.816734,0.311252,0.654977,0.506328,-0.2145,0.956672,0.789426,1.685718,1.023296,1.422883
validation,0,0,-0.614211,-0.625677,-0.457198,-1.281743,-1.200689,1.643388,-0.519799,-0.975379,-1.654068,1.32495
validation,0,0,0.551182,1.370137,-0.09615,0.865922,-0.744437,-0.404318,-0.905039,0.934303,0.296012,1.035784
validation,0,1,1.533275,-0.445295,0.256573,-0.949915,0.302549,1.697633,1.342279,-0.341789,0.459871,-0.437793
validation,0,0,0.335033,-1.899373,-0.434094,-0.562875,1.345786,-1.143835,0.025003,-0.329534,1.607792,0.505971
validation,0,0,0.790344,-1.27694,0.917953,1.539434,-2.094936,-0.870043,-0.008647,0.0881,-1.14234,0.039131
validation,0,1,-0.073414,1.213168,0.070828,-0.564974,-1.07625,2.428641,-2.037291,1.912219,1.808866,-0.50717
validation,0,0,-0.331798,-1.258383,-1.735397,0.846958,1.002932,-2.483574,-1.723207,0.70298,-0.377229,0.146094
validation,0,0,-1.717723,1.67752,0.478749,0.732325,-0.788437,0.570523,0.719522,-0.445336,-0.75333,0.213892
validation,0,1,-0.644748,0.746885,0.276372,0.782353,0.781952,1.026622,0.558232,0.419146,0.054983,2.087717
validation,0,0,-2.159984,0.393326,1.435069,-0.531571,-1.418105,-0.771461,1.761992,-1.915169,0.714071,-0.323579
validation,0,0,-0.224661,0.111667,-0.406347,-0.371453,-0.441671,-0.458971,-1.909548,0.313595,0.131963,1.081847
validation,0,1,1.87324,0.409182,-1.537345,2.492004,-0.415101,-0.018269,-1.300467,-0.197039,0.587943,-0.04564
validation,0,1,0.758981,1.267993,0.090733,0.193166,-0.960509,-1.211907,-1.602506,0.40464,0.511805,1.282823
validation,0,0,0.762707,0.552263,-0.727869,0.64946,-0.112187,-0.954737,0.445852,0.71835,1.43525,-2.185087
validation,0,0,1.967983,-0.546348,-0.496921,2.945469,2.183974,0.844377,-0.087168,1.267462,1.576333,1.032279
validation,0,0,0.160459,-0.78983,-0.251419,-0.596506,1.185528,0.679205,0.044817,1.16879,-0.012372,1.616722
validation,0,0,-1.315438,-0.307754,0.966072,-1.024538,-1.09505,0.909185,-0.236638,0.908773,-1.479786,-0.808245
validation,0,0,0.324042,0.275765,0.133238,-0.378827,1.357433,-0.962972,1.069649,-1.717671,-1.0923,-0.692623
validation,0,0,0.380082,-0.463436,1.148215,-1.871837,0.122987,-1.277879,-0.895178,-0.658978,-2.328471,1.4091
validation,0,0,0.099677,0.253839,0.394223,-0.126107,0.145352,0.26663,0.971882,-0.695943,-0.298797,0.493575
validation,0,0,-1.960864,-0.154966,-1.505769,0.137951,0.438677,1.536168,0.104884,-1.271714,-1.841761,0.771153
validation,0,1,0.752073,2.344858,-0.192126,0.831881,1.27176,-0.776745,1.572425,-0.06931,0.220851,0.379256
validation,0,0,-1.100013,1.154167,1.30666,2.808381,0.125539,-0.054024,0.519369,0.978186,-0.328685,-0.448107
validation,0,0,1.623693,-0.751054,1.151057,-0.715422,0.473952,0.366783,0.878383,-0.237935,1.205051,1.68035
validation,0,0,0.097931,-0.606932,0.323708,-0.073749,0.880928,0.60472,0.178859,-1.137375,-0.074575,-0.194943
validation,0,0,-0.649853,0.195321,-0.093166,-0.324017,0.476954,-1.816828,0.429287,-1.223612,-0.775837,-0.292034
validation,0,0,-0.336096,-0.152008,0.762326,-0.966952,-0.869974,0.066074,0.180181,0.082549,0.232287,0.547702
validation,0,1,0.993202,1.460101,-0.735126,-1.505677,-0.734622,-0.13463,-0.34196,-0.060554,-1.934455,-1.011458
validation,0,0,0.253573,1.176448,0.236788,-0.378269,-0.016407,0.45278,-1.002608,-0.570584,0.865274,-0.136891
validation,0,1,0.044936,-0.224465,0.783722,0.642837,0.806096,1.516758,-0.552532,-1.013332,0.881364,-0.562398
validation,0,0,1.702049,-0.806786,-0.523784,0.143475,0.14376,-1.070015,0.243765,-0.12908,0.191625,1.01348
validation,0,0,-1.790263,0.806914,-0.461406,-1.6488,0.288715,-0.282645,-0.56811,-0.022027,-0.224027,1.882183
validation,0,0,0.276618,1.281047,-0.72932,-0.773542,0.291104,1.229255,-1.138623,-0.620272,0.826769,-0.47272
validation,0,0,0.26284,0.83805,-0.698347,-2.11682,0.355955,-0.119674,0.439335,0.706991,-1.208539,0.707785
validation,0,0,-1.023076,0.349362,-0.097297,-1.414704,0.261442,0.212308,-0.715602,-0.763091,0.166761,1.043571
validation,0,1,0.756942,0.110706,-0.298234,1.169567,0.24761,0.16421,1.691255,-0.901581,0.895417,-1.497471
validation,0,0,-0.52399,-0.667131,-0.152645,-0.062502,0.529704,-1.285148,1.761227,0.842179,-0.764219,-1.048321
validation,0,0,0.226388,-0.205469,-0.927657,-0.735109,-0.096384,0.542452,0.402279,1.006416,0.400035,2.227352
validation,0,0,-1.603768,-0.594397,-0.791557,0.989818,-0.213038,-0.36414,-0.336957,-0.858708,1.202697,1.133444
validation,0,0,0.157966,-0.262816,1.684984,0.974826,-1.233397,-1.061316,0.176405,-0.310945,-0.134496,-0.139341
validation,0,0,0.362071,-0.195342,0.104452,0.992108,-0.530289,-0.389648,-0.311777,-0.623135,0.892386,0.764252
validation,0,0,-0.669661,0.76006,-0.688435,1.049918,-0.64615,0.85121,0.302657,1.272705,0.084145,0.04127
validation,0,0,-0.787588,-0.239921,-0.151232,-0.020046,0.418675,-1.032409,-0.076414,2.198069,1.525599,2.333283
validation,0,0,-1.60708,-0.529706,-0.444278,-0.108152,2.382455,-0.07836,1.03063,-0.63964,-0.502201,1.003746
validation,0,0,1.560879,0.035486,-1.515544,-0.107778,-0.115465,-0.097656,2.132099,-0.701803,-0.030651,1.185347
validation,0,1,0.959182,-0.121718,-0.906234,2.606261,0.271267,0.201895,-0.246013,-0.399733,-1.213679,-0.355057
validation,0,1,1.689343,0.105578,-1.088029,0.623289,-1.412357,-0.243684,0.034869,0.360977,1.34105,0.996074
validation,0,0,-0.260591,-0.366708,0.167463,-0.316817,-0.519189,0.868172,-0.091311,-0.298084,0.811589,1.102819
validation,0,1,-0.039531,1.471804,-0.222374,0.531271,-0.406286,2.420053,0.916246,1.800922,0.333638,0.020425
validation,0,0,0.256943,-0.51293,-0.396095,1.480825,0.165388,0.527788,-1.236945,-1.303898,-0.312836,-1.113171
validation,0,1,0.82875,-0.316803,0.540634,0.428769,-0.727095,-0.012115,1.719749,-0.556873,0.895849,-1.137507
validation,0,0,1.429854,-0.932919,0.853205,-1.937382,-0.685148,-0.825012,0.592546,-0.219784,2.903244,-0.745021
validation,0,1,0.65501,-0.920268,1.387518,0.828695,0.164315,-0.008535,-0.381681,0.881752,-0.102351,0.845433
validation,0,0,0.010003,-0.614762,0.37319,-0.37349,-0.104786,-0.47562,-1.969048,-0.416972,0.582788,-0.220599
validation,0,0,-0.273979,-0.183916,-0.723714,1.285262,-0.485775,-0.840644,1.088335,-1.831352,0.023809,-0.329331
validation,0,0,1.233937,0.392984,-1.29256,1.988951,-2.384512,-0.491873,1.859557,-0.587357,0.053282,0.188011
validation,0,0,-1.430439,0.941728,0.229272,1.007574,1.762004,-0.528515,-1.177001,0.969971,-0.842404,0.985201
validation,0,0,1.65739,-1.199343,-1.002396,-0.860469,0.940465,0.601579,0.217131,0.651621,1.58543,-1.161168
validation,0,1,-0.34407,-0.203658,-1.586969,-0.136795,-2.690782,0.182015,-0.882356,-0.28708,0.974482,-0.054401
validation,0,1,-0.007483,0.266534,0.478985,0.608195,0.465743,-1.731416,0.163669,-1.057517,-0.821786,-0.689036
validation,0,0,1.258235,-1.156022,0.690618,-0.293813,-0.159716,-0.671419,-0.22995,0.781828,0.927893,0.618027
validation,0,0,1.37347,-0.153777,-0.357745,-0.804628,-0.260695,-1.462235,-1.139662,1.364087,1.424889,1.669085
validation,0,0,1.738375,0.620142,-1.050479,0.133421,-2.624396,0.098115,-0.185145,0.409436,0.228444,-0.144843
validation,0,0,-0.649131,0.716481,-0.39794,-0.784876,-0.405553,0.431998,-0.259645,0.626301,1.272497,-1.820082
validation,0,0,-0.384852,1.009721,-0.081728,-0.782026,-1.159155,0.684766,-0.601645,-1.279572,-0.147036,-0.169636
validation,0,1,0.314153,0.95897,0.37067,-0.189727,-1.128036,-0.253916,-0.950144,0.648769,-1.834203,-0.515399
validation,0,0,2.262094,0.218019,-1.040856,0.614911,0.659227,1.464759,0.624337,-0.838785,0.740569,0.905034
validation,0,0,0.477246,0.95226,0.701111,-1.441962,0.586204,0.273091,0.878997,0.089699,-1.295765,2.051051
validation,0,1,-1.141971,-1.706523,0.332168,-0.081023,-0.741034,-0.352126,0.793202,-0.278564,-1.012269,-0.364473
validation,0,0,0.598502,-0.567514,0.297259,-0.667463,-0.943339,0.67254,-1.097028,-0.967794,-0.961096,-0.147509
validation,0,1,-1.164799,-0.974442,2.800049,1.256034,-0.158397,-0.578048,0.434557,0.178446,1.849347,0.637257
validation,0,0,-0.086797,-0.875132,-1.191817,-1.553917,-1.206053,0.1328,-2.307588,0.74857,0.590028,0.941885
validation,0,0,-0.429963,-0.833439,-0.030345,0.771217,-2.359807,2.338462,-0.147726,-0.542535,0.470354,0.489468
validation,0,0,0.881017,-0.985667,0.883248,-1.200281,0.853451,1.223509,-0.007992,2.027894,-0.645597,-0.146566
validation,0,0,0.834468,0.4123,-1.975116,0.323247,-0.868655,-0.016111,0.094779,-0.530083,1.267715,-2.074379
validation,0,1,-0.556075,-1.207496,0.717022,0.26446,-0.131721,-0.571293,0.120108,0.423486,-1.161445,1.165441
validation,0,1,0.842225,-1.434619,-0.636854,1.965976,-1.453112,1.661828,-0.612705,-0.122524,-1.197287,-0.422816
validation,0,0,0.88379,0.622453,0.926985,-1.865327,2.14918,1.926422,1.428762,0.360823,-0.989796,0.680481
validation,0,1,0.927071,-1.468256,1.026163,1.1807,0.047151,-1.087046,0.166617,0.12713,-0.055031,1.542617
validation,0,0,-0.411231,1.147371,0.120444,-2.198661,-1.268134,-0.557191,1.171709,-1.180441,-2.537932,0.016122
validation,0,0,-1.463346,-0.577645,0.832296,-0.336807,-0.905559,-1.664379,0.367177,-0.500951,0.277733,-1.121451
validation,0,0,-1.22675,0.47519,-1.057588,0.460989,-3.551998,0.27692,-1.630945,0.698136,0.76823,0.692523
validation,0,0,1.70741,-0.799,-0.411764,1.494293,2.647087,0.267003,0.436672,0.263526,0.735438,0.084544
validation,0,0,-1.264684,-0.112617,0.204474,-0.165682,2.445604,-1.073595,-0.942791,-1.45574,-1.179232,0.833635
validation,0,1,-1.150339,1.44812,-0.48963,-0.092868,-0.996107,-1.795619,-0.831165,0.123739,-0.269055,-0.130116
validation,0,0,-0.828943,0.690361,-1.185676,1.458257,-0.908444,0.184731,1.119449,2.286579,-1.051761,1.206192
validation,0,0,-1.444774,2.328309,0.998676,0.071443,-1.114509,-0.659953,-1.594942,-0.122162,1.136148,0.391671
validation,0,0,-0.202953,-0.644507,0.244086,1.662599,-0.37345,0.714607,-0.364067,0.748075,-0.192656,0.704738
validation,0,0,-1.455612,0.528209,1.20359,0.172425,-0.857922,1.11085,1.16385,0.665901,0.787047,-0.430787
validation,0,1,-0.402813,1.460951,-0.489937,-0.614838,-1.081096,-0.692103,0.00911,0.56423,-0.147556,-2.458036
validation,0,0,-3.06369,0.779447,0.730677,-2.144824,0.685472,-0.565941,0.733167,1.240006,-0.059353,-0.083562
validation,0,0,0.373197,0.364216,-0.904164,0.126433,0.068184,-0.136097,0.177183,-1.044804,-0.090635,-0.199851
validation,0,0,-0.116019,-0.158181,0.441678,0.525791,0.392893,0.059796,-0.073595,-0.322678,0.350876,-0.746267
validation,0,0,0.52285,0.634898,0.298841,-0.964731,1.453128,-0.611903,-1.131727,-0.891971,-0.379035,-0.014437
validation,0,0,-1.147001,0.665476,0.695873,-0.193399,-0.331229,0.255364,-0.5999,0.775817,-0.381239,1.897663
validation,0,0,-0.494397,0.313064,-1.575629,-0.75755,1.181459,0.152413,-0.460089,-0.477991,0.155658,0.416968
validation,0,0,2.307541,-0.371588,0.705019,0.651239,-0.98773,-0.27947,1.261844,0.267141,-0.791071,1.283674
validation,0,0,-0.390971,0.60294,-1.38516,1.307096,-0.712683,0.73232,-2.568488,0.890772,-0.082995,0.343035
validation,0,0,-0.159251,1.124084,0.443615,1.546523,0.716991,0.079212,-1.157151,-0.784769,-0.024684,1.560221
validation,0,0,0.220631,-0.37271,-0.07881,0.137357,0.641385,-0.448754,-0.864355,1.239746,-0.200747,1.362889
validation,0,0,-0.448392,-1.478798,-0.628771,-0.59276,-1.29891,-0.948771,0.868182,0.14657,0.525666,-0.56673
validation,0,0,-1.317917,2.106587,-0.257176,1.555585,-0.667268,-0.034096,-1.083523,-1.423455,2.007177,-0.042355
validation,0,0,0.885497,-0.417104,-0.944495,0.615698,-2.766058,0.417622,-0.208095,1.797089,0.357181,-0.529746
validation,0,0,1.554506,1.32582,2.141592,-0.772889,-0.91105,-0.05075,1.115567,0.033333,-0.676668,-1.431583
validation,0,0,-0.147511,0.673697,0.035456,-1.291895,-0.164026,-0.6796,-0.928936,0.213435,0.612713,-0.581565
validation,0,0,-0.758571,0.209916,-0.134499,-1.255532,-0.098479,-0.390955,-0.67635,-1.370192,0.235986,-2.578559
validation,0,1,1.3522,-1.128372,1.115439,-0.430477,0.744575,0.662521,-0.862471,-0.502641,0.680228,-0.620713
validation,0,1,-0.847411,0.236409,-0.038389,1.981036,-0.134095,-0.759447,-0.346135,0.1367,-2.484298,1.086943
validation,0,0,0.228653,-0.077868,0.058776,-0.086883,0.556364,0.415624,0.809501,-0.045536,-1.126285,-0.26197
validation,0,0,-0.63766,-0.675578,-0.649582,0.118966,-0.795917,-0.603744,1.539024,-0.429904,-0.741454,-0.310679
validation,0,0,-0.225837,0.44712,-2.211972,-0.996918,1.739798,0.734868,0.584581,0.717182,-0.128096,0.640839
validation,0,0,-0.873056,-1.587496,-0.573541,0.831839,0.934011,-0.262994,0.466534,-0.328535,-1.068648,0.309866
validation,0,0,-0.718859,0.495973,-0.377428,0.163809,-1.285362,2.841013,-0.194114,-0.126309,-0.415717,-0.271247
validation,0,0,-0.096916,-0.530036,0.541916,-1.200066,0.233873,-0.695494,-0.701051,-0.138231,1.499501,-1.106554
validation,0,0,-0.892104,0.44847,-0.835919,-2.243646,0.043473,0.628436,0.356517,-0.112214,-0.115849,1.93021
validation,0,0,0.801985,-1.518542,0.825422,0.166247,0.141469,0.954268,-1.509008,0.210274,2.010743,1.066685
validation,0,0,0.061894,-0.053779,-1.755138,0.175109,0.572572,-0.359583,1.366986,-0.283921,0.158797,-0.731753
validation,0,0,-0.146313,-0.576551,-1.536313,1.103981,-1.4276,-0.602839,1.475069,0.21349,-1.695593,1.997
validation,0,1,-0.790046,2.692322,-0.95487,0.208164,1.308663,-0.57538,-0.626781,-0.303072,0.19306,-1.454469
validation,0,1,-0.794438,1.969159,1.317721,-0.20621,-2.270191,0.682154,-0.293233,-0.588745,-1.002525,1.155139
validation,0,0,-0.878061,0.359788,-0.565079,0.714393,0.532532,0.144063,0.469321,1.601487,0.035287,0.21302
validation,0,0,0.329532,1.833697,-1.51705,-1.307789,3.108694,1.685173,-0.807188,1.410511,1.099326,0.479968
validation,0,1,0.457205,1.391928,-1.152848,0.416044,0.125511,-0.068429,0.408877,1.675401,-0.685936,0.730634
validation,0,0,-0.649077,0.821973,0.320492,0.005667,1.206176,0.108699,0.900502,1.563421,1.576919,0.408929
validation,0,0,2.33236,-0.561055,-0.158772,0.120982,-0.043569,0.794613,-1.411408,0.510408,-0.113422,0.469704
validation,0,1,0.02004,2.475756,0.35839,0.642885,1.061378,-2.430028,1.367211,0.232947,-1.125405,-0.630739
validation,0,0,-0.199485,0.431294,-0.292781,1.458515,0.364013,-0.163548,-0.424431,0.973367,0.883076,1.667857
validation,0,0,-3.686987,-0.184865,1.142966,2.399756,-0.274073,-1.746416,0.602103,-2.315512,-0.054889,-1.368579
validation,0,0,-0.149277,-1.208886,0.227426,-1.506129,0.890231,1.18303,1.689366,-1.44979,-0.657992,-0.146515
validation,0,0,0.582228,1.024551,-0.103228,-0.657809,-0.381163,-0.246471,-0.0434,0.013037,1.599545,-0.337958
validation,0,0,0.558185,0.602864,-0.594761,-0.686438,1.016618,1.344782,-0.134648,-1.170011,-1.686869,1.465755
validation,0,0,0.457939,1.496242,-0.708025,-0.180848,-0.659264,-1.072283,-0.217517,-0.201266,2.033223,-0.241974
validation,0,0,-0.33616,-1.330874,-1.375687,0.012477,-1.992115,0.348297,0.313992,-1.363785,0.231536,-0.475649
validation,0,1,0.263351,-0.256954,0.148462,-1.711783,1.025953,0.529794,1.269894,-0.317525,-0.30465,-1.386354
validation,0,0,-0.764278,0.909167,1.466547,0.809004,-1.488152,0.514914,-0.931558,1.281173,0.69025,-0.658314
validation,0,0,-1.01288,-2.194786,0.602462,-0.47085,-0.817394,-1.181251,1.016401,-0.695819,0.02727,0.113971
validation,0,1,-0.339038,1.464957,-0.473849,-0.431023,0.55065,1.344291,0.918526,-0.111364,-0.278469,-0.291066
validation,0,0,-0.430402,-0.146063,0.519041,0.202037,1.066737,0.312829,-0.548425,-0.877973,-0.374921,-0.997871
validation,0,0,0.206408,1.465132,-1.575969,0.244021,-0.57207,1.048363,-0.062971,-1.236047,1.462322,-0.728067
validation,0,1,1.977791,1.180983,0.136298,1.651799,0.467462,0.818205,0.848204,-1.896209,-0.050015,-0.258018
validation,0,1,0.797626,-3.227602,0.923257,0.181547,-1.625499,-0.623177,0.111126,0.246609,-0.567582,-0.05035
validation,0,0,-1.056209,-0.877259,0.866267,0.138843,0.728297,0.251544,-0.21445,0.80029,1.529009,-0.401842
validation,0,0,-1.14772,0.442339,0.858738,-0.976036,-0.326807,-0.225412,0.632803,0.565133,-0.431914,-0.419958
validation,0,0,-1.771523,-1.173375,0.724219,0.708298,0.240821,1.518323,-1.310804,0.271108,0.069392,1.220043
validation,0,0,0.25767,-0.330239,0.188413,-0.517339,0.629761,-0.883008,0.790407,-2.019409,-0.918224,-0.277873
validation,0,1,0.538878,0.360166,0.425846,-0.591294,-0.678961,-0.074184,1.165167,-1.580553,0.292303,-0.910886
validation,0,0,1.025803,0.889263,-0.237582,-1.981651,0.034338,1.757211,0.299502,0.2467,-1.36731,-0.193858
validation,0,1,0.349287,-0.080227,-0.254406,0.214473,1.483462,-2.125709,0.388938,-2.470597,1.470986,0.287719
validation,0,1,1.451005,0.24597,1.093089,0.941144,1.014102,-0.111413,-0.516968,1.300047,0.442994,1.209388
validation,0,0,-0.390883,-0.476152,1.775667,-0.586416,0.783684,0.402078,0.359796,0.034989,0.087723,-0.199174
validation,0,0,-0.889323,-1.886742,1.092577,-0.433185,0.472486,0.209889,1.894373,0.067596,0.717588,-0.381893
validation,0,0,-2.071636,-0.467765,1.214215,-0.219121,-0.422547,-0.955363,-1.329115,-0.268612,-0.092889,-0.454201
validation,0,1,0.239421,2.009145,1.155977,0.435863,-0.166236,0.856488,0.603182,2.266748,1.186074,-0.032494
validation,0,1,-0.319409,1.066711,0.477432,0.789363,-1.032655,1.890104,-0.696006,-0.304588,-0.743179,0.107576
validation,0,0,-0.668396,-0.597825,-0.325153,0.657019,0.04396,-1.7754,0.938278,1.399933,0.235768,-1.157569
validation,0,0,0.072652,0.749898,-1.255695,0.321033,-0.757872,1.157192,0.941454,-2.038109,-0.97744,2.08696
validation,0,1,-0.093475,1.106991,0.192645,0.530538,0.897968,0.788462,-1.800297,-0.095806,1.271842,0.104794
validation,0,0,1.579889,-0.054426,-0.542326,-1.478882,-0.48047,-0.148532,0.597093,0.91981,0.606013,1.006511
validation,0,0,0.068055,-0.644763,-0.238594,0.778493,-0.245814,0.501797,2.149167,-2.523327,0.166593,-1.124189
validation,0,0,0.162489,0.451859,-0.401741,0.413193,0.425725,-2.336266,0.426068,-0.50209,0.179681,-1.190749
validation,0,1,2.761911,-1.094537,-0.948389,1.163465,0.294311,0.098681,0.089037,0.563099,-1.432502,-1.135377
validation,0,0,0.016945,0.653814,-0.871852,2.348674,-1.397884,-1.110824,0.544759,0.59399,-0.324191,2.066872
validation,0,0,2.017628,0.791234,-1.173084,0.587027,-1.316998,1.724556,1.080509,-1.199276,-1.010192,0.583389
validation,0,0,-2.020526,-0.199961,-0.243078,-1.120677,-0.028427,-1.144005,0.067837,-1.101843,-0.615019,2.613866
validation,0,1,0.965681,0.448324,1.118222,0.653484,-1.763911,0.280869,1.040422,0.540871,-0.33599,0.121132
validation,0,0,-0.480617,-0.298998,-0.306281,-0.474204,-0.050125,0.438511,-0.984487,0.187002,-0.4297,0.820973
validation,0,1,1.59832,0.451303,-1.076391,-0.244318,-0.853775,0.688925,-0.262587,-2.364475,0.508716,-1.15
validation,0,0,-0.533258,1.41124,0.803916,-0.043813,-0.792415,0.033231,1.816933,-0.712979,0.302295,2.092166
validation,0,1,0.838015,0.878651,-0.565774,-0.107291,0.956866,0.305957,0.406522,0.210533,1.482712,-0.364799
validation,0,0,-0.718766,-1.573672,0.468439,0.88541,2.005355,0.372791,-0.616985,-0.277808,-2.300848,0.332707
validation,0,0,-1.457205,2.453493,0.148693,0.541867,-0.137374,-0.123781,1.462824,2.263531,0.295523,0.81654
validation,0,1,0.566924,-0.49245,-0.509394,-1.16519,0.862463,-0.946857,0.399665,0.874865,1.368512,-0.433299
validation,0,1,1.783142,-0.974492,-0.489909,0.476417,-0.405525,0.163573,1.161102,1.210684,-1.09663,-0.486748
validation,0,0,-0.146938,-1.798837,2.391436,-0.138108,-0.49593,-0.35699,-0.178475,-0.017816,0.979053,-0.72212
validation,0,1,0.095444,-0.863857,-0.459468,1.106552,0.128854,-0.997615,-1.090178,0.362975,0.471791,0.668537
validation,0,0,-0.793575,-1.185682,0.035762,-0.109968,0.610717,0.018216,1.91188,-1.376041,-0.863071,-0.795255
validation,0,0,-0.638835,-0.596334,0.68758,-0.932071,-1.224806,0.708462,1.762816,-1.425925,-0.112034,0.298704
validation,0,0,-0.791698,-0.505412,0.172963,-0.331218,1.497503,0.421923,0.858061,-0.78435,-1.923687,0.038613
validation,0,0,-0.109927,0.933745,-0.137987,0.954052,-0.005429,-0.47669,-1.949134,-1.591324,-0.592942,0.858114
validation,0,0,-0.89152,0.255767,1.689847,-1.011577,0.08478,0.510213,-0.186271,-1.3766,-0.413405,-0.065477
validation,0,0,-1.404436,-0.251746,0.329984,0.19535,-2.394292,1.719714,-0.742993,-0.491704,0.319348,0.768146
validation,0,1,1.477923,1.207853,-0.572013,1.625318,-0.731432,1.613688,0.589136,0.305024,0.229784,0.274592
validation,0,0,0.313512,-0.083325,1.552695,0.844148,0.97607,-0.079965,-0.016588,1.306969,-0.18225,0.988712
validation,0,1,1.921095,-2.307522,0.659802,0.464758,1.750521,1.222088,-1.319231,0.893939,-0.104936,-0.228491
validation,0,0,-1.232359,0.079145,-1.238889,-0.888623,-0.383254,-0.03121,0.237626,1.560116,-0.153712,0.643077
validation,0,1,0.947558,0.567635,1.102483,1.584099,-0.492748,-0.408262,0.845271,-1.825784,0.471851,-0.381989
validation,0,0,-2.729257,-2.225739,-1.10217,0.669324,-0.53353,0.477939,-0.378215,-0.726373,1.072123,1.951105
validation,0,0,0.281269,2.163958,0.525186,0.366139,1.571949,-0.160143,1.851653,0.761776,-1.084771,-0.456365
validation,0,1,-1.291787,2.046949,0.167791,1.496937,-0.389041,-0.653495,-1.011433,-0.143944,-0.191925,0.454199
validation,0,1,0.762395,-0.244205,0.666559,1.51642,1.291532,-1.051895,-0.717279,-0.799176,1.569335,-1.341647
validation,0,0,-2.498175,-0.829163,0.490244,-1.241204,1.543078,-0.85043,2.697428,0.685533,-0.787064,-0.52512
validation,0,0,1.011102,-0.102815,0.013918,1.421761,-0.315584,-0.654873,-0.907903,-0.344967,0.279676,-0.957639
validation,0,0,-0.344953,0.202413,0.805569,-0.396916,-0.359707,0.380139,0.146416,3.109895,-0.234018,-0.790818
validation,0,0,-0.773098,0.036907,1.132389,-1.418425,1.067725,-1.237003,0.081565,-0.040936,0.055676,-0.376223
validation,0,0,0.298316,0.485368,1.162517,2.22457,0.025372,-0.632643,1.307298,1.315315,0.296908,2.688696
validation,0,0,-0.161894,-1.118621,1.032071,0.640221,-0.173619,0.90161,-1.017801,1.252274,0.075354,-2.991448
validation,0,0,1.222832,-0.12949,-1.482623,0.49008,0.998123,-0.940573,-0.077695,1.181816,-0.785033,0.926096
validation,0,0,-0.494569,-2.228199,-0.537346,1.101629,1.462255,0.194258,2.851223,-0.209759,-0.64953,1.109176
validation,0,0,0.402041,1.094797,0.818196,1.500955,1.175487,1.205541,0.23501,-1.291623,0.637468,-1.106885
validation,0,0,0.224744,0.111301,1.396512,-0.866201,-0.047585,0.574058,-0.584375,-0.274993,0.111192,-1.135862
validation,0,0,-0.868936,-0.606803,-1.956977,-0.412934,-1.900817,-0.839899,-1.494331,0.942812,-1.226601,-0.451804
validation,0,0,-1.126351,-0.102844,-0.146919,0.223527,0.843326,0.425656,-0.153263,-1.039873,-2.382385,-0.546696
validation,0,0,-1.267993,1.715583,-0.16916,1.250291,-0.296562,-1.282568,0.304987,-1.886929,-0.919321,0.743286
validation,0,1,0.510977,2.290936,-0.656358,1.149315,0.688252,-0.285994,1.432642,-0.442746,-1.618626,-1.289412
validation,0,1,0.254858,0.455467,0.226004,0.036076,-0.733738,0.342395,-0.240741,0.285143,-0.75332,-0.50321
validation,0,0,1.368971,-0.361875,0.783006,-0.915117,0.431387,1.208517,-0.850313,0.826604,-0.803174,1.28894
validation,0,0,-1.26355,-1.260359,-1.970596,0.31295,-0.148516,-0.436965,0.473204,0.272187,-0.692047,0.379555
validation,0,0,-0.229492,1.707963,-0.119568,-1.068224,-0.580093,0.171286,-0.773869,0.285592,1.863384,0.021913
validation,0,0,-2.150615,-2.461806,0.393346,-0.023647,-0.657073,-0.506114,0.469441,0.201282,2.069622,0.930577
validation,0,1,1.120994,0.435377,-1.136294,-0.738234,-0.679199,0.66339,-0.738529,1.004393,-0.626357,0.440479
validation,0,0,0.776784,-0.720069,-0.459247,-0.053483,0.39359,0.460812,0.213941,0.016935,0.753798,-1.619434
validation,0,0,-1.723584,1.228398,-0.034285,-0.894053,-0.905431,1.546695,1.267646,0.346894,0.045088,-2.144229
validation,0,0,-0.941809,-2.795199,0.102223,-0.833182,1.135139,-1.034442,-0.099025,1.430568,0.738206,-1.566544
validation,0,0,-0.444896,-1.374242,0.075397,0.839028,1.259709,0.52108,0.546975,0.415071,0.652338,1.162475
validation,0,1,0.994297,1.475329,-0.656979,0.058724,1.460032,1.129896,0.286169,-1.091133,0.638491,-1.956722
validation,0,0,-1.567763,0.127269,0.163074,-2.803745,-0.32284,-1.333277,-0.374557,0.507737,0.022804,0.36693
validation,0,0,-0.817317,0.375762,0.177629,-1.864005,-0.717873,-0.704643,0.612078,-1.857532,-0.508567,0.893008
validation,0,0,-1.629622,-1.232164,0.290038,0.963682,0.057425,0.851679,1.072289,-2.321501,0.518125,-0.574701
validation,0,0,0.108065,-1.278138,0.305986,1.197323,-2.417858,-0.639448,1.609958,-1.586029,-1.715833,0.071537
validation,0,1,1.816317,1.219645,0.466898,0.328971,-0.073882,0.212216,-0.931594,1.148048,-1.205713,-0.674986
validation,0,0,1.016481,-1.262583,-0.632978,-1.325651,0.503652,1.254616,-0.277668,-0.136335,-0.089136,-1.248198
validation,0,0,-1.228416,0.999756,1.889925,-0.353662,-0.735694,-0.387692,1.910769,-1.38162,1.500627,-1.387255
validation,0,1,-0.14306,0.010265,0.713557,0.203677,-0.621044,1.143454,1.068132,-0.259666,-0.633983,-1.086039
validation,0,0,1.463555,-1.043198,0.131296,-0.391704,1.410109,-0.953353,0.26821,0.048976,-0.940721,-0.042918
validation,0,0,-0.294341,-1.174728,-0.270231,-0.262393,0.494694,-1.711405,0.521815,0.810778,-1.149563,0.572426
validation,0,1,-1.348359,1.154225,-0.221673,2.975083,0.636341,-0.739843,0.197724,-0.83991,1.030517,1.603341
validation,0,0,-0.683824,-0.478464,2.022826,0.248678,0.815275,-0.555217,1.492645,-0.291272,0.744646,-1.430874
validation,0,0,-0.295855,-0.224531,-0.699212,0.226396,1.859336,0.747,0.885661,-2.857339,-0.949766,0.750716
validation,0,1,-0.415337,0.392658,1.270769,-1.156645,0.651277,0.42709,0.508445,0.128923,-1.32512,-0.399056
validation,0,1,1.730499,-0.798432,-0.780347,-0.042279,-0.002996,-0.6473,1.134643,0.889666,0.915552,-1.115646
validation,0,0,-2.106871,-1.485066,1.747221,1.942805,-1.41525,-0.531142,0.458464,-0.986278,-0.635747,-0.379875
validation,0,0,-0.220833,0.483165,0.295568,-0.643919,-0.70971,0.638691,-0.187499,-0.151286,-0.154341,-0.801215
validation,0,0,-0.456777,0.174687,-0.538064,0.544907,-0.178746,-0.594352,-1.877794,0.779247,-0.457719,0.386363
validation,0,1,0.35036,0.566551,2.085542,0.588463,-0.869256,0.114797,-0.470227,-0.046202,-1.024579,-1.323069
validation,0,1,-1.21473,1.255874,1.489478,0.948505,-1.01043,1.752817,0.631996,0.093706,0.384809,0.037601
validation,0,0,0.839317,-0.210992,-0.268187,1.630201,-1.07824,2.201041,0.08482,-1.874441,-0.244419,-0.889331
validation,0,0,0.215134,1.993135,-1.844134,-0.974692,-1.01996,-0.557898,0.968576,1.656816,0.129737,2.500182
validation,0,1,0.722041,1.7569,1.479035,0.932788,-1.542431,0.111376,-2.157738,-1.576938,1.404368,1.577121
validation,0,1,2.589722,0.315877,0.326846,1.882132,0.114745,0.839297,0.148399,0.433413,0.542959,1.828976
validation,0,0,-1.816112,0.32663,1.218594,0.580994,-1.112377,3.357569,-0.194684,-1.163069,-0.472136,-1.589615
validation,0,0,-1.502196,-0.094984,-0.290434,2.121215,-0.467687,0.344829,-0.010485,-0.335946,1.507365,0.549982
validation,0,0,-0.206597,-0.305102,-0.947123,-0.130112,0.645397,2.158339,-0.528103,-0.544595,0.004721,-0.170856
validation,0,0,0.380648,1.088001,-1.294773,-1.273641,0.381932,-1.511992,0.246693,-2.540006,0.115425,1.289017
validation,0,1,-0.175474,1.170486,0.248218,0.382406,-0.324896,0.542262,0.133788,-1.699221,0.289202,0.928568
validation,0,1,0.554534,-1.046211,0.890802,-0.390854,0.436438,0.598096,2.074522,-1.301984,-1.45059,-1.358258
validation,0,0,1.221909,1.236189,-0.344195,2.086674,0.08708,-0.543151,1.239095,0.604027,0.402845,-2.513422
validation,0,0,-0.269908,-1.160329,-0.12663,-0.414989,0.256045,0.735146,0.827178,1.555117,-0.132027,0.836514
validation,0,0,-0.314768,1.300006,-0.709173,0.423772,0.017297,-0.560466,1.128393,-0.992788,0.298943,0.187471
validation,0,0,0.390346,0.80797,1.068276,0.655805,-0.472957,-2.121526,-0.411443,-1.137572,-0.210972,1.96256
validation,0,1,-0.24783,-1.47915,-0.383652,0.931349,1.568221,1.223023,0.183812,0.799216,-0.056222,-1.106018
validation,0,0,-0.855243,1.182075,0.230433,-0.612427,-1.576427,0.706229,0.872895,-0.716728,-0.336991,0.59072
validation,0,1,1.553358,1.950315,0.295042,-1.976031,0.87689,-0.961936,-0.796683,0.203755,-0.841535,0.953324
validation,0,0,0.872293,-0.589928,1.145882,0.37863,-1.484144,-0.823363,-0.124744,-0.350631,-0.883798,0.201214
validation,0,0,0.352541,-0.768021,-1.057303,-0.240773,0.204206,0.828946,-1.287393,1.707966,-0.684116,-1.71727
validation,0,0,-0.402644,-0.000816,-0.919517,1.061663,0.610748,-0.01544,-0.441212,-1.368497,0.076873,0.579673
validation,0,0,0.312822,-0.018179,-0.300829,-0.194018,-1.753315,-1.079452,0.348356,0.028074,-0.729317,0.000694
validation,0,1,0.057181,1.064114,0.879808,1.082515,1.641733,-1.099185,-1.309861,-0.544576,0.309626,1.326296
validation,0,0,0.817564,0.035485,-3.104246,-0.205697,0.686613,1.164051,-1.483834,0.206235,-0.258858,0.128412
validation,0,0,-0.334012,-0.541729,0.345863,-0.042131,0.16865,0.218659,0.359192,-0.44317,0.525912,1.05208
validation,0,1,0.763816,-0.216586,0.532835,2.346373,1.024506,1.004197,-0.782327,0.888427,-1.392,-0.525144
validation,0,0,-1.033101,-0.241846,2.65813,-2.614555,-0.394428,-1.021951,1.029291,0.372601,-0.524376,-0.047207
validation,0,0,0.097056,0.08002,-1.587243,1.278119,-2.064881,-0.056489,0.263525,-1.092786,1.36986,-0.831784
validation,0,0,0.960604,-0.567147,0.75309,-0.233578,-1.58453,-1.470801,0.242846,-0.929384,1.77879,-0.091372
validation,0,1,0.458423,0.667652,0.415121,2.090188,-0.669656,0.106967,0.921948,0.233915,1.524848,-2.035537
validation,0,0,-1.77152,-1.397372,-0.513957,-0.2028,-1.014479,-0.14341,0.141291,-1.653935,0.867105,0.99111
validation,0,1,1.450256,-0.437263,2.024064,-0.562865,-2.393957,0.807381,-0.231442,0.327068,0.004629,0.904132
validation,0,1,0.623829,-0.015566,-1.414843,1.596919,-0.134394,0.279264,-0.801811,-0.456237,-0.619052,-0.666661
validation,0,1,0.606791,0.667414,-0.396461,0.177651,-0.681784,1.211779,0.168748,0.047289,0.031212,0.163977
validation,0,0,0.383496,-0.139594,-0.306523,0.057044,1.845113,-1.913269,-1.235682,0.027048,1.052157,1.567546
validation,0,0,-0.325465,2.056382,0.625243,-0.676261,-0.654242,0.902523,0.063255,1.078891,0.636182,1.464819
validation,0,0,0.682556,-0.097251,1.011142,-1.495182,0.011045,0.85273,1.553345,0.863669,3.200306,0.432958
validation,0,0,-0.089637,0.293086,0.561932,-1.108687,-1.758315,0.31574,0.698819,0.652836,1.555743,-0.015721
validation,0,0,-1.401557,0.360681,0.13942,0.632563,0.430591,-0.55091,-0.888866,-0.089146,-0.576791,0.238111
validation,0,0,0.858706,-1.175401,-0.320758,0.669879,-2.083057,-0.773674,-1.208743,1.041924,0.123301,0.717078
validation,0,0,0.010142,-0.23644,0.375923,-1.382096,0.02185,-1.178904,-2.399347,-0.507472,-1.589568,-0.103195
validation,0,0,0.182634,-0.465948,-1.064011,0.232715,0.051853,0.580031,0.188865,-1.997533,0.362859,-0.148859
validation,0,0,2.020095,-0.613631,-0.24451,0.256934,0.307777,1.510374,-0.720906,-0.659485,1.182859,2.072357
validation,0,0,1.602301,-0.228681,-0.198718,-0.508119,-0.908634,-1.002037,0.005162,-0.321766,0.255432,-0.179975
validation,0,0,-0.754147,-1.885531,0.037418,-0.511793,1.879473,2.029761,1.194879,0.676324,0.81701,-1.337003
validation,0,1,0.530607,0.569646,0.593271,-0.462331,-1.112005,-0.285879,1.030111,-1.553061,0.445484,-1.667372
validation,0,0,-0.655988,-0.414227,-1.134097,0.198609,0.150875,1.580366,-2.366918,0.052606,0.880748,-0.514304
validation,0,0,-0.570822,0.109522,0.418527,0.69293,1.561358,-1.570446,-0.322062,-0.985398,-0.322027,0.202989
validation,0,0,0.880569,-0.374223,0.658875,0.486405,-1.366875,1.236626,-1.576866,-0.299149,0.648186,1.091888
validation,0,0,-1.105585,-0.427386,-0.972785,0.646082,-0.270019,-0.877633,-0.201255,-0.708377,-0.145637,0.653652
validation,0,1,0.614161,-1.695548,1.419247,0.181289,-1.523779,-1.01908,0.466676,1.081796,-1.522805,-0.875404
validation,0,0,-0.503755,-0.154938,0.010217,-0.558209,0.177356,-0.973027,-2.036865,1.025104,-0.375586,-2.011432
validation,0,1,1.095491,1.322343,-0.928255,0.929023,1.201196,0.282218,1.547947,0.682464,-0.93067,1.016243
validation,0,1,0.803615,2.066304,-0.807934,0.394178,0.599361,-1.093703,-0.1076,-0.629317,1.297596,0.757487
validation,0,1,0.153778,0.411781,0.987544,-1.022342,-0.002111,0.767434,0.457837,1.378203,0.747239,-0.081936
validation,0,0,1.569753,0.243372,-0.700272,0.424726,0.090655,1.142858,0.757703,-0.529751,0.794305,0.347442
validation,0,1,-0.739865,0.099245,0.34515,-0.500354,-0.596259,0.790152,-0.041408,0.671915,0.231167,-0.419358
validation,0,0,2.271146,-1.261302,-1.068533,0.60537,0.406513,0.376268,-0.606028,0.241708,0.193177,-0.598487
validation,0,0,-0.589197,-1.593741,-0.158386,-0.088626,0.620544,-0.320974,0.743882,-0.177819,-0.187759,-2.333202
validation,0,1,1.387814,-0.940492,0.761968,0.546024,0.654093,-0.373082,-0.664432,-1.052739,-0.286834,0.538889
validation,0,1,0.629585,1.261281,0.140044,-1.497438,0.586679,-1.120842,0.765552,0.91729,1.256396,0.717387
validation,0,1,-0.052226,-0.535996,-0.1758,-2.121779,-1.039561,1.990186,0.200497,-1.88596,0.44967,-0.266985
validation,0,0,0.304109,-0.178576,-0.837972,-0.919279,-0.023732,0.456121,-0.216758,0.754201,0.953386,-0.443433
validation,0,0,0.349435,-1.823181,-0.594499,-0.321332,0.597791,1.324696,-0.321412,0.306056,-0.568251,-0.216035
validation,0,0,-1.344871,0.125711,-1.036024,0.307545,-0.420883,-0.071204,-1.556219,-0.511336,0.831701,-0.172512
validation,0,0,-0.967118,-0.370061,0.637958,-2.145505,-0.078353,-0.356071,-0.1997,0.375078,1.915875,-0.05493
validation,0,0,-1.40539,0.937919,0.600825,1.671113,0.278888,-0.675903,-1.208543,-1.208957,0.07031,0.243229
validation,0,0,-1.418802,2.24252,0.725793,-0.814365,0.256735,0.232306,-0.008026,-0.216448,-0.099334,-0.09998
validation,0,0,2.08148,-0.849305,-2.603436,-0.339252,0.073012,0.713347,-0.419669,0.020434,0.672988,-1.209038
validation,0,1,2.246802,0.742293,-0.073045,0.245578,-1.664542,0.557551,1.010592,1.009849,1.101997,-0.437549
validation,0,0,-0.327774,-0.414664,0.417419,-0.430502,0.897867,-0.029758,-0.602184,-0.407445,-1.358526,0.718917
validation,0,0,0.073205,0.816182,0.740377,0.196707,-0.31355,0.008845,-0.790695,-1.158563,-1.543388,0.340434
validation,0,0,0.140804,-0.043307,0.094317,-1.510818,0.006089,0.056881,-0.932968,-0.289547,-0.338966,-1.712772
validation,0,1,0.777055,0.394304,-0.192591,0.084345,-1.170692,-1.224877,-1.265432,1.502111,0.452601,-0.150288
validation,0,1,2.883558,1.18162,-1.808383,1.48613,0.133555,-0.2584,-1.91869,-1.14824,0.822907,-0.327781
validation,0,0,-0.731799,0.885173,0.104072,1.059852,-0.855483,0.517712,-0.513361,0.213464,-0.591062,0.205303
validation,0,0,0.47358,-1.404744,-0.55843,2.765581,0.209049,-0.876141,0.452753,0.322967,0.120372,-0.072626
validation,0,0,-0.365121,1.616756,-0.286745,-0.243285,0.460109,0.160626,-0.270284,-0.804505,1.102644,-0.343658
validation,0,0,0.058954,0.296196,-1.201586,0.134257,-0.563918,0.006707,0.65954,1.271815,1.442583,-0.004926
validation,0,0,0.287412,1.028185,0.077991,-1.366423,-0.847139,0.808921,2.468738,-0.362229,-0.908753,0.222286
validation,0,0,0.227577,-0.060653,-0.164388,0.478253,1.798493,0.796318,-0.134251,-1.220568,1.838516,1.371127
validation,0,1,1.1113,1.421122,1.321174,-0.831245,0.212305,-0.755838,-0.117558,1.60117,-1.026747,0.784121
validation,0,0,0.038568,0.306635,-0.697719,0.55878,1.171013,0.305239,0.511864,0.650979,-1.124266,1.305459
validation,0,1,-1.058833,0.574911,1.153505,-0.264312,1.085228,2.142878,-0.207099,-1.169675,0.156232,-0.348445
validation,0,0,0.931129,-0.582303,1.078924,0.078126,-0.841484,0.706124,0.151107,-0.607207,-0.11199,-0.540356
validation,0,0,-0.907546,-0.384474,-0.118198,1.301643,0.04708,0.624843,-0.252798,-2.168152,-0.474178,0.030652
validation,0,1,0.851108,3.138758,0.550509,-0.578299,1.200242,-0.335401,-0.559851,-1.164841,-0.031685,-1.393217
validation,0,0,0.810281,1.045878,-0.651641,1.320012,-0.813163,-1.672198,-1.232197,1.36061,-2.248551,-0.355122
validation,0,1,0.289439,0.216158,-0.230217,-0.228225,0.39739,-0.27888,0.199349,0.972,-1.470057,0.723407
validation,0,1,0.845004,1.54286,0.090564,-0.992006,0.383719,-0.817073,-1.21986,0.633735,-0.876643,-0.662422
validation,0,0,0.584551,-0.201247,1.269083,0.38791,-0.001547,0.34606,1.333363,0.819829,0.619368,-0.230214
validation,0,0,-0.109334,-1.894663,-1.680821,-1.070689,1.046226,-2.026124,0.684812,0.40467,-0.214916,1.646191
validation,0,0,-1.100457,-0.783543,-0.146657,-0.748466,0.649188,0.309389,0.008913,-0.703983,-1.820871,0.178942
validation,0,1,0.070619,0.193974,1.263499,-0.478574,0.170738,0.188228,-0.415287,0.543327,-1.004978,1.068221
validation,0,1,1.547417,1.504586,-0.584989,-0.911672,-0.324354,-1.563537,1.661376,1.416374,0.272994,-0.052964
validation,0,0,-1.000942,0.700008,0.115958,0.322661,-0.748377,-0.134503,-0.115494,-1.45892,-1.738403,0.920046
validation,0,1,0.997922,1.2808,0.217488,-0.110288,0.097387,-0.0496,1.17595,0.617063,0.408134,0.024535
validation,0,0,-0.931607,1.810239,-0.269334,-0.558455,-0.108331,1.152704,-2.297612,-0.440748,1.145419,2.264299
validation,0,0,0.991438,0.473521,-0.806104,0.9642,-0.080797,-1.226071,0.596975,-0.276376,0.952599,-0.911479
validation,0,0,-0.1275,0.046391,-0.140657,-0.973116,0.274176,-0.585544,0.396257,-1.734672,-0.152856,1.214228
validation,0,0,2.582058,-1.972952,0.040344,-0.726463,0.068261,-0.466854,-1.098475,1.167103,1.706798,0.722326
validation,0,0,0.897608,-0.310487,0.616857,0.793438,-0.190187,0.691113,2.308202,-0.616719,2.646273,0.05996
validation,0,0,-0.638162,-1.444758,-0.156349,0.6456,0.745989,0.083687,-1.425573,-0.261723,0.95889,-0.780748
validation,0,0,0.24129,0.133828,-1.08731,0.795005,0.595181,0.063555,-0.001459,0.346045,1.526792,-0.42756
validation,0,0,0.208492,0.963647,0.299462,-0.843839,-1.075328,-1.340511,1.493366,-1.061344,-1.052803,-0.301446
validation,0,0,-0.318962,-1.19002,-0.342346,0.223692,0.102561,-2.29589,0.691009,0.51888,-1.353354,-0.659574
validation,0,0,-0.005132,-0.821305,-0.785603,-0.478059,-2.475686,0.094137,0.795651,0.317734,-1.133819,0.313726
validation,0,0,-1.606224,-1.470463,0.889849,0.128868,0.380775,0.483135,-1.406507,0.083704,2.002372,-0.371826
validation,0,0,-1.179562,-0.672625,-0.001302,0.664682,-0.950339,1.2948,-0.933861,0.387082,-0.064983,-0.91618
validation,0,0,-0.255908,0.145753,0.687903,-1.047276,1.008903,1.061234,-0.965359,-0.281849,-1.604935,0.534978
validation,0,0,-1.492857,0.251801,-1.855766,-0.180348,-0.853344,-0.148863,1.100831,0.583807,1.324031,-0.294727
validation,0,1,1.180373,0.490941,-0.047767,-0.527022,-0.606033,1.088597,-0.583878,0.2578,-0.288439,2.36968
validation,0,1,0.987049,0.527025,-0.374587,0.075615,-1.210617,1.515322,-0.528694,0.307348,-1.247044,1.097312
validation,0,1,0.900529,0.47423,1.612213,-0.424851,-0.144707,0.481939,2.184367,0.864144,0.354391,-0.001854
validation,0,0,-1.306053,-0.015808,-0.128172,-1.167306,1.644077,-1.616802,-0.994806,-1.099293,0.113514,-0.582042
validation,0,1,1.240124,-1.160098,0.992301,-0.244344,-0.404032,-2.74355,-1.426266,1.034466,0.63693,-1.066292
validation,0,0,0.255412,0.068791,1.351994,-1.041536,-1.357812,-0.427521,-1.689382,-0.638563,0.393807,0.030075
validation,0,0,0.08811,-0.230127,0.897849,-0.778397,1.581594,0.234034,-0.175502,-1.058331,0.068205,-0.056292
validation,0,0,-0.726898,0.475131,-0.259169,1.090096,2.018794,-1.384535,-0.577134,-0.581909,1.213689,1.113046
validation,0,1,-0.147569,-0.377213,-0.266086,-1.471876,0.808923,0.721268,-0.290378,1.558692,-0.807018,1.151286
validation,0,0,0.498882,-0.554588,0.460836,2.037218,-1.330193,-1.570329,-1.675722,1.691106,0.495715,1.837127
validation,0,0,1.108741,1.079263,0.822765,0.110637,-1.554418,0.018161,0.808343,2.170822,-0.100848,-0.205182
validation,0,1,2.389772,-0.014387,1.252251,0.177047,-0.544188,0.453273,-0.133326,0.446624,-0.682754,0.805223
validation,0,1,1.66937,2.37098,-0.63907,0.284851,-0.345177,-2.351229,0.071978,1.052404,1.086748,-0.152434
validation,0,1,1.817638,1.101888,-0.046408,0.54644,0.524092,-0.490196,-0.169046,-0.451273,-2.050983,-0.407773
validation,0,0,-1.074677,-0.570334,-0.374834,0.698923,-0.348317,0.588189,-1.322961,-0.331586,-0.59395,3.288996
validation,0,0,0.560536,-0.972666,-1.160409,-0.271627,-0.495131,1.425995,-0.743748,-0.584931,-0.557379,-0.74294
validation,0,1,1.068704,0.144091,0.66451,0.348523,-0.646983,-0.894703,-1.096365,0.744381,1.200989,1.201055
validation,0,0,0.366614,-1.624922,0.434884,-0.927652,0.190088,0.589111,-2.013161,-0.204204,-0.04743,2.329717
validation,0,0,0.558614,1.323126,0.776916,-1.616619,1.892221,-0.8429,2.103805,-0.118678,1.174102,-0.008891
validation,0,0,0.091315,-0.546372,0.277711,-1.721344,-0.118899,-0.060181,0.041963,1.000151,-0.722341,0.405256
validation,0,0,1.098364,-0.170683,0.720066,-1.380523,-0.122709,-0.632725,-0.081429,0.127637,1.381958,-0.36839
validation,0,0,-0.330492,1.195674,0.534484,0.279623,0.176992,-2.422266,-0.417814,-0.205615,-1.232883,-0.680813
validation,0,1,2.633795,1.367272,0.561129,1.468039,-0.40057,-0.280226,0.124625,-0.308534,-0.789771,-0.470259
validation,0,0,-0.770576,-0.632677,-0.693473,-0.037702,1.384986,-0.052595,-2.287663,0.998263,1.089426,0.213377
validation,0,1,0.633002,0.358909,-0.099574,-0.16759,-1.047463,0.531808,-0.654967,0.838992,1.548884,-0.51611
validation,0,1,1.020753,-0.702819,0.443015,-1.791917,-1.559371,-0.644366,1.328687,-1.21498,0.220493,0.374228
validation,0,0,-0.064674,1.060133,0.508068,0.321105,0.094098,-1.969126,0.354545,-0.190697,-2.385488,2.184164
validation,0,0,-1.34905,0.934363,-0.710371,1.087967,-0.334088,0.422647,-1.747379,0.187988,-0.151594,-1.933952
validation,0,0,-0.245765,0.973616,0.24089,-0.417114,0.546867,1.323746,-0.1353,-1.016502,1.685227,0.514211
validation,0,1,-0.072716,0.210147,1.940121,0.831063,0.019868,-0.544972,-0.512406,0.406723,-1.759796,0.284974
validation,0,0,0.906028,-0.912398,0.126686,-0.849665,-0.464841,-0.319538,0.202941,-0.858591,0.360725,-0.901496
validation,0,0,0.312215,-0.191135,-2.174228,1.170962,0.069048,0.964182,1.570793,1.509011,-0.543477,-1.790766
validation,0,0,0.214934,-0.052421,-0.251633,-0.966387,-1.686357,-0.11951,0.48432,0.808126,-1.276547,-2.575306
validation,0,1,1.641363,1.415224,0.085149,0.908326,1.241171,-0.803392,-0.718287,0.084822,0.477083,-0.916434
validation,0,1,-0.649807,0.559198,0.36601,1.140038,0.565882,1.71749,-0.726583,0.285129,1.528852,0.784824
validation,0,0,0.417538,-0.95572,0.35659,-1.14265,0.460455,2.346033,1.251664,-1.110384,0.972256,0.238696
validation,0,1,2.449644,-0.251737,0.111372,-1.108935,0.786289,0.588753,-0.244725,-0.153416,0.599295,-0.069707
validation,0,1,0.521622,0.954997,-0.057754,0.154969,0.333796,-0.127515,1.268985,-1.235285,-1.460426,-2.019049
validation,0,1,0.310045,-1.261744,0.438053,0.087585,-0.530824,0.631252,-0.384034,-0.452976,-0.17425,0.144149
validation,0,0,-0.704087,-0.2414,-1.10507,1.407504,0.493525,1.139328,0.182729,-0.469805,-0.737103,-1.380103
validation,0,0,-0.55032,0.28412,-0.54358,-2.370692,0.676087,0.841292,0.272587,0.477839,-0.334842,1.746362
validation,0,0,0.495236,0.070573,1.304766,0.327184,0.139736,0.094773,-0.939536,1.979381,0.187982,0.081541
validation,0,0,-0.356447,-0.814641,-0.018182,-0.347037,-0.681897,0.665178,-0.290409,0.679131,1.774923,0.6327
validation,0,1,1.433539,0.626934,0.858285,0.687338,-0.71978,0.455446,0.477782,0.602132,0.113521,-0.159071
validation,0,0,0.344697,-2.339005,-0.565751,0.583273,-1.190941,0.906192,-0.719043,0.33474,-0.263127,-0.599696
validation,0,0,0.547164,0.720505,-0.542196,1.439237,0.424341,-0.288706,1.815691,0.285708,1.249082,-2.227784
validation,0,0,-1.914299,0.453436,0.106503,0.361586,1.782608,0.378998,0.508419,1.226793,0.144515,-0.550471
validation,0,0,-0.408252,-0.542697,0.066398,2.94747,0.384587,0.383997,0.186969,0.238674,-0.384027,-3.450337
validation,0,0,-1.516375,2.40089,-1.401438,-1.767726,0.567961,0.778629,-1.915494,-0.481416,-0.667659,-0.319908
validation,0,0,1.257128,-1.755892,0.37242,0.429823,-0.08889,0.48967,0.287818,0.078259,-0.660679,1.571073
validation,0,1,1.235911,0.633022,1.241801,-0.033503,0.849914,-0.445016,-1.33264,0.861527,-0.18369,-3.091367
validation,0,0,0.141055,-0.626383,0.166682,-0.891163,-0.814573,0.244442,0.966878,-1.485682,0.580024,-1.389263
validation,0,0,-0.573078,0.724793,0.665292,1.412032,1.350775,0.42719,-0.622393,0.516468,0.636295,0.802069
validation,0,1,-0.342937,1.876004,0.233234,1.826495,0.668245,0.045501,0.478854,-0.226851,0.129242,-0.642971
validation,0,0,-0.726025,0.203117,-0.357284,1.103426,-0.952724,1.376423,0.519867,0.664196,-1.202532,1.380568
validation,0,0,-1.208784,-1.158312,1.503862,0.330684,-0.000303,-0.59267,0.552818,-1.362583,-2.093498,-0.034827
validation,0,1,0.553149,0.71415,-0.556941,0.849667,0.343036,1.376383,0.245573,0.843157,-0.589099,0.204617
validation,0,1,-0.710868,-0.037,0.775447,1.009399,2.059659,0.614081,0.512509,-0.888773,0.147782,-0.975705
validation,0,0,-1.00295,0.403685,-0.945295,0.074531,-0.450195,0.552468,0.74066,-0.939081,-0.986198,-0.124678
validation,0,1,-0.898294,0.770004,1.381679,1.835087,1.855037,0.689379,2.650387,-1.017556,-0.055673,0.134493
validation,0,0,0.91758,1.490608,1.059591,0.728248,-0.386127,-1.055598,-2.244778,1.118156,1.065905,-0.382898
validation,0,1,0.789841,-1.366409,0.038849,1.390799,-0.683335,0.469649,-1.369062,0.166019,-0.201011,-2.168602
validation,0,0,0.257256,0.963496,0.402089,-1.377515,-0.58268,-0.19414,-0.154979,-0.533998,0.703271,-0.153627
validation,0,0,-0.982168,-1.7449,0.226443,1.452971,0.74015,-0.643923,-1.048638,2.111509,0.45562,-1.020025
validation,0,0,-1.783093,-0.759603,-0.831875,-0.774266,-1.590805,-1.011225,-0.75498,0.292035,-1.745921,-1.443707
validation,0,0,-1.0798,-0.444274,-1.407423,0.170983,0.383489,-1.614487,-0.199607,-0.236174,1.144186,0.53274
validation,0,0,0.428502,0.037631,0.352107,1.804626,-0.256678,0.026924,1.461618,-0.485465,0.400962,1.145976
validation,0,0,0.460745,0.357018,0.067096,1.403223,0.284764,0.015562,-1.782055,-0.047824,-0.242871,-0.681521
validation,0,1,-0.597746,0.887949,-0.279486,0.589398,0.880655,-0.460932,1.209817,-0.218711,-1.375142,0.211211
validation,0,0,-1.364397,-1.297306,-0.570779,-0.582479,-0.642387,-1.836349,-0.070571,-0.2654,-1.32248,1.267307
validation,0,1,1.159346,0.164774,0.321034,0.40849,0.48427,1.576958,1.364429,0.633948,-0.340354,1.085288
validation,0,0,-0.352109,0.638328,0.936103,-0.388931,0.17625,-0.377829,-1.492767,0.393337,1.332776,-0.707297
validation,0,0,-0.815589,0.54441,0.100913,-2.129166,1.721485,0.044075,1.515822,1.175759,0.076129,1.32375
validation,0,1,1.144472,1.071466,-1.127632,-1.545387,1.966452,0.480185,-0.297254,-0.559565,0.131892,0.368594
validation,0,0,1.627325,0.679656,0.014925,0.792443,-0.240392,1.424364,0.840587,-0.157479,-0.088272,0.503947
validation,0,1,0.771209,1.492278,1.007558,0.910504,0.652229,0.59531,-0.565237,1.006488,0.303582,0.684425
validation,0,1,0.099594,-0.714811,-0.102152,-0.266756,0.39562,0.427249,0.662645,0.254864,-0.373756,-0.14857
validation,0,0,-0.869844,0.112118,-2.400729,-0.115946,0.693249,1.445046,-0.287404,0.75818,-0.659891,-1.661587
validation,0,1,-0.329977,-0.276322,-0.678753,0.506537,-0.071809,0.262203,0.696081,-0.802142,-0.296832,-0.363616
validation,0,1,-0.051351,-0.089288,-1.493386,-0.372065,0.096904,0.139145,-1.971031,-0.560679,0.328971,-1.53078
validation,0,1,0.043336,-0.282831,0.960586,0.113065,0.268057,0.316935,-2.428028,-0.086849,-0.003383,0.516677
validation,0,0,-0.952446,0.66577,-1.101866,0.175799,0.324802,-0.515605,-0.998344,2.502784,0.395314,0.849669
validation,0,1,1.083814,-0.035623,-0.46738,1.353635,-0.287597,0.772222,0.062612,0.90974,1.42559,-1.400377
validation,0,1,2.173429,0.542747,-0.144596,1.141612,-0.661002,-0.958081,2.381686,0.133242,-1.570287,-1.557573
validation,0,0,-1.854164,-0.997429,-0.56126,1.734443,-0.117111,0.26319,-0.784216,-2.239195,2.690112,0.43734
validation,0,1,-0.023103,0.005546,-0.61482,-0.171669,0.301202,2.385258,-0.361306,-1.078465,0.393685,0.862939
validation,0,0,-0.540208,-0.92087,0.485182,0.693386,-1.913849,-0.707049,-1.614416,0.054207,0.726302,0.082066
validation,0,0,1.64473,-0.593115,0.768669,-0.870812,0.400696,1.325595,1.997721,-0.327873,0.31281,1.785282
validation,0,0,-0.554196,-0.72399,-0.217414,0.360682,0.292554,-0.922265,0.594577,1.200362,-0.822594,0.124065
validation,0,0,-0.901671,-0.272616,0.357021,0.515506,-1.109437,-0.806419,-0.386827,0.458144,0.782058,0.062564
validation,0,0,-2.559478,-1.105112,0.069283,1.44108,-0.431369,0.857775,-0.354485,1.519366,1.28473,0.990507
validation,0,0,-0.063914,0.466313,-1.411078,-0.284454,-0.216977,0.570782,-2.154423,0.874543,0.750882,-0.743123
validation,0,0,0.24752,-0.891513,0.334232,-1.826488,1.760865,-0.272411,-1.064036,-2.336521,0.950746,1.174281
validation,0,1,1.85768,0.040945,-0.763875,1.773237,0.625148,-0.630721,1.006514,0.322773,0.279114,1.599625
validation,0,0,-0.507913,-0.554152,-2.154337,0.103076,0.51575,-1.046899,-0.404982,-1.792898,-1.473656,0.961759
validation,0,1,0.462181,1.077572,-1.01829,0.428102,0.960025,-1.177581,1.451674,0.099658,-1.150298,-0.646112
validation,0,0,1.395851,1.316864,-1.011028,-0.29039,-0.262161,2.082875,-1.740823,0.879481,-0.499906,-0.213416
validation,0,0,-0.311395,-1.49715,-1.162044,0.94912,-0.08515,2.598474,0.558356,0.40669,0.807478,-0.54778
validation,0,1,1.511664,0.279872,0.504215,-0.226916,-0.367175,0.210445,-0.191277,-0.300063,0.006311,0.893101
validation,0,1,-0.523981,2.160729,1.005916,-0.645782,0.56631,0.510257,-0.0044,2.263544,0.527444,-1.434657
validation,0,0,0.192642,0.958565,-1.227788,0.438314,-1.162996,-0.344554,-0.372612,-2.1539,-0.187105,-1.069601
validation,0,1,0.355806,0.672639,0.060976,1.312284,0.551334,1.311732,0.132691,-1.135155,-0.101314,-0.430174
validation,0,0,-0.643782,1.067525,-0.879719,0.182893,0.22234,0.657124,-0.60627,-1.387885,-0.487957,-0.008031
validation,0,0,-1.680962,1.375018,-0.985941,-0.472855,1.012654,0.222213,0.008527,-1.304557,-0.926636,-0.325147
validation,0,0,0.218376,0.583681,0.666565,-0.410576,0.068191,1.180382,1.413269,-0.709837,-1.569505,-1.068276
validation,0,0,-0.052108,-0.485525,-0.837815,-0.293765,0.752929,0.45653,-0.020288,-0.331094,1.623772,0.994493
validation,0,0,-0.329199,-0.282952,0.590341,-0.232402,1.077703,1.202546,0.031814,-1.255412,-1.145116,0.869286
validation,0,1,0.979037,0.880484,0.246379,0.117852,-0.122799,-0.590562,1.707147,1.974983,1.971175,0.49018
validation,0,0,1.185181,0.182485,-0.062172,0.295802,0.923847,0.331194,0.829714,-0.70208,-1.068509,0.37387
validation,0,0,-1.266264,-0.480222,0.270189,1.285248,0.203817,-1.146096,0.120362,-1.341922,-0.171511,0.22406
validation,0,1,0.29264,0.100397,0.552498,0.730683,-0.523017,-0.908593,0.142312,-1.856697,1.014751,-1.125352
validation,0,0,1.00385,-0.343049,-0.749654,-0.084495,1.618532,-0.421741,0.129873,0.705576,-0.374092,0.044284
validation,0,1,1.124065,1.0833,-0.597681,-0.676847,-0.008315,-1.401441,-2.051968,0.076572,0.036276,0.593752
validation,0,1,0.090989,0.996149,0.536974,-0.531955,1.064527,-0.637209,1.738974,0.359378,-1.140148,-0.073936
validation,0,0,0.49989,0.745287,-0.541328,-2.712354,1.126093,1.36476,0.190985,0.466675,-0.438578,-0.509505
validation,0,0,0.428694,-1.168949,-1.22811,-0.861575,0.899889,-1.12048,1.167373,2.454237,-0.201865,0.370232
validation,0,1,-0.010068,0.812773,0.778749,0.494966,-1.518293,-0.401523,-0.25107,-1.27164,1.555714,-0.4659
validation,0,1,0.01398,0.709295,-0.111306,0.382317,-0.475057,1.144058,0.617187,0.147873,0.295026,0.903922
validation,0,0,1.476509,1.072495,0.346376,0.193438,1.153502,0.691464,-1.402476,0.685604,-1.193289,-0.096016
validation,0,0,0.385028,-0.567148,0.292573,-1.853664,0.134516,-0.050672,-1.448889,0.708436,-0.967193,0.011122
validation,0,0,-0.122767,0.252559,0.131482,0.405028,-0.062826,0.32485,0.515718,-0.887551,1.256615,0.159877
validation,0,0,-0.058913,-0.279904,-0.177917,0.54639,0.297676,-0.564501,1.883427,-0.244781,-1.176826,0.411526
validation,0,0,-0.341309,0.07264,-0.518495,0.455051,1.05867,-0.224207,0.338525,0.810795,-0.536753,1.377455
validation,0,0,-1.018654,-0.328941,1.903992,1.13786,1.072057,-1.380618,2.16331,-0.198494,1.352314,-0.43444
validation,0,0,0.833173,0.14342,-0.954729,-0.0836,-1.174334,1.240852,-1.245059,-0.584367,-0.777756,-0.601466
validation,0,0,1.076881,1.592251,-0.813409,1.345187,-0.378894,-0.296534,0.845576,1.194785,-1.020143,1.068603
validation,0,1,1.018473,0.369969,0.11632,1.247569,0.093878,-1.223673,0.591685,0.754861,-0.330323,-1.874456
validation,0,1,0.480453,0.317107,0.836791,0.952869,-1.991955,-2.121922,-0.037219,1.855581,-0.711729,-0.916088
validation,0,0,-1.761321,-0.115566,0.168282,0.002839,1.29047,-0.285228,0.470228,-1.883036,-0.778715,1.385065
validation,0,0,-0.324831,-0.872307,0.643914,-0.981282,0.275002,0.199262,-1.30104,0.282073,-1.852627,0.008401
validation,0,1,0.666592,-0.088666,-1.518095,-0.333027,-0.28087,-1.490578,-0.364773,-0.53507,-0.866174,1.078047
validation,0,1,1.260921,0.458827,1.011339,2.239979,-1.321693,-0.254356,-1.358196,-0.308385,-0.926447,0.266317
validation,0,0,-0.625465,0.137109,0.013939,0.374343,-0.488525,1.702626,-0.030779,-1.01506,-0.472062,-2.069462
validation,0,1,0.665614,0.525726,-1.05702,-0.558478,-0.158568,1.627924,0.812777,0.126794,-0.895031,-0.072542
validation,0,0,1.449995,-1.210749,-1.39335,-0.777521,-0.041379,1.265273,-1.991229,-1.504968,1.003137,-0.154485
validation,0,0,-0.860431,-0.592951,0.681631,0.47666,-0.721189,-1.070987,1.447286,-0.265759,0.537785,-1.780167
validation,0,1,0.423325,-1.504127,0.175838,0.58301,0.777775,-2.047687,0.540701,0.570283,-1.893654,0.226547
validation,0,0,-2.071615,-0.825227,0.24879,-0.523878,0.726046,-0.242171,2.389098,-0.18511,-0.811332,-1.744341
validation,0,1,1.237071,-0.940008,-0.583178,-1.283562,0.987341,1.640412,-0.140238,0.178125,1.299426,0.782834
validation,0,1,0.820399,0.539061,1.159245,-1.519457,0.268692,1.360902,0.188063,1.124708,1.614362,1.748748
validation,0,0,0.61768,1.437513,-0.682073,-0.461188,1.225813,-0.308351,-0.78885,1.490747,1.478921,-0.467419
validation,0,1,-0.224994,1.536555,-0.209467,-0.654333,-0.293463,-0.001336,-0.690848,-0.00843,-2.080734,1.567277
validation,0,0,-0.08408,-0.071376,-1.271491,0.772397,-1.208635,-0.626639,-0.76412,-1.360058,0.312612,-0.8907
validation,0,0,-2.260122,1.521943,0.153021,-0.560656,-1.222439,-0.207483,-0.123765,-1.98583,-0.077001,-0.68456
validation,0,0,0.591487,-0.503567,-0.173814,0.742322,-0.48545,1.229483,-2.588004,-0.339942,0.094893,0.24746
validation,0,1,0.505069,-0.257894,1.477174,-0.895733,0.296503,0.252667,-0.059051,1.587706,0.953565,-0.874159
validation,0,0,-0.64396,1.301327,-1.14189,0.630715,0.642772,-0.031479,0.429478,-0.502774,0.073896,0.901689
validation,0,0,-0.996913,-0.638332,0.215026,0.336573,0.726456,0.710352,0.761606,0.165373,0.347002,1.015993
validation,0,1,0.253058,0.917297,-1.41919,2.285852,-0.537255,0.076878,0.181423,-0.981207,-2.41242,-1.001869
validation,0,0,-0.338057,0.667784,-1.143238,1.057401,0.244218,0.689287,-1.548786,0.019506,-0.497261,0.692173
validation,0,0,0.196774,-0.83923,-0.243411,0.251287,-0.240907,-1.696311,-0.976321,-0.840548,1.14612,-0.647706
validation,0,0,1.237555,-0.564948,-0.101964,-1.799965,1.460118,-0.444756,0.233751,0.768397,-0.378416,-0.278762
validation,0,0,-0.627877,0.071445,0.818224,-0.722179,-2.405595,1.953602,-0.20986,-0.47427,0.991798,0.2148
validation,0,0,0.631331,-0.605508,-1.213066,0.367877,0.001924,1.199447,-1.151654,-0.564865,-2.015014,0.085943
validation,0,1,0.818593,0.546165,0.537259,0.041998,-1.071497,0.071985,0.87541,-0.089617,-0.647158,0.812199
validation,0,0,0.287716,1.686744,0.134651,-1.512769,-0.656966,-2.223919,-0.400351,-1.640002,-0.01446,0.71974
validation,0,1,-1.376687,1.05613,-0.579312,2.173696,-0.488683,-1.091541,0.40046,-1.010385,0.33572,0.168322
validation,0,0,0.487095,0.088653,-0.676487,2.93748,0.816137,1.040059,-1.141295,-0.441885,-0.300896,0.75444
validation,0,0,-0.331989,1.926113,-1.469301,-0.713643,0.101761,0.352512,-1.148291,0.316386,-0.523415,-0.88998
validation,0,0,-0.823048,-0.57899,0.205536,0.167548,-1.160633,0.689661,-0.272946,1.334779,0.546845,0.686664
validation,0,1,0.653197,1.364365,1.027178,0.172856,-1.537539,-1.266037,-0.88052,0.16927,-0.674473,2.89512
validation,0,0,0.751411,-0.714393,-0.409904,0.071151,-1.572337,0.829044,-1.159641,0.104277,0.989695,-1.700935
validation,0,0,0.300249,0.48281,-1.067184,1.45915,-0.162025,-0.544467,-0.761563,0.097545,-0.913649,1.587744
validation,0,0,0.165681,-0.474465,0.935617,-0.612748,-0.646363,0.140558,-0.667094,-0.516185,0.000143,-0.478703
validation,0,0,0.46556,-0.19519,-0.210759,-1.591875,1.28701,2.305027,-0.533796,-0.312953,-0.259117,-1.158836
validation,0,1,0.091982,1.631483,0.376666,-1.261998,-0.538595,-0.751521,-0.212356,0.830118,-0.212938,1.601712
validation,0,1,-0.144153,0.173001,1.000431,0.650963,-1.134763,0.957951,2.000215,-2.449454,-0.102704,0.368672
validation,0,1,-0.030001,0.28371,-0.415163,0.730191,-0.73619,-0.690175,0.369007,0.47459,1.276218,-1.825365
validation,0,0,0.428375,0.179203,0.386321,2.203747,-0.502335,-0.830655,-0.011366,0.213073,-0.565902,0.589602
validation,0,0,-0.831145,-0.782464,-1.055889,-0.564564,-1.572577,0.63498,1.775959,0.803349,-1.1175,-0.775182
validation,0,0,0.839835,1.573121,2.18733,-1.173338,0.975849,0.563094,0.413241,-0.555505,-0.340872,-0.67699
validation,0,0,-0.159776,-1.844587,-1.417913,-0.297008,1.141829,-1.178832,-2.583811,2.002538,0.029382,-0.884396
validation,0,0,-0.140353,-0.156762,-0.013735,-0.544561,0.985719,1.374145,1.029441,-1.063755,-0.534654,-1.136819
validation,0,1,1.321589,0.812609,-0.639567,-0.192987,0.602138,1.094524,-0.957421,-1.881113,-1.019003,1.193198
validation,0,0,0.512591,0.432515,0.141406,-0.509469,1.153789,-1.805773,-0.352964,0.696005,1.109222,0.68958
validation,0,0,0.027357,-1.182429,-0.64705,-0.386647,0.045151,-1.539354,0.767813,-0.432902,-0.6644,-1.271067
validation,0,0,-0.317942,1.561565,1.388508,-1.296009,0.385311,-0.27126,-0.580402,-0.497592,0.115239,0.981171
validation,0,0,0.665409,-0.59414,-1.844683,-1.658243,-1.603034,1.488978,-1.617621,0.347651,-1.193652,-0.487829
validation,0,0,0.263842,-0.482799,0.671668,-0.251046,0.97838,0.138234,-1.944765,-0.967644,0.975126,-1.250985
validation,0,0,0.571386,-0.098438,1.459351,-0.062489,0.997032,0.145091,-0.178421,-0.885792,1.414161,-0.718914
validation,0,0,-0.332539,-0.122581,-1.115029,-0.284296,-0.788296,-1.504694,-0.511382,0.057868,-0.091991,2.11346
validation,0,0,-0.834468,1.0113,1.609365,-0.553764,0.07081,1.252517,0.054521,-0.761532,0.814099,0.718452
validation,0,0,0.420271,0.519394,0.065745,1.073986,-0.527691,1.39066,-1.029516,-0.327265,-1.322867,-0.054252
validation,0,0,-0.982016,0.397542,0.130552,-0.746645,0.206445,0.386332,1.046519,-0.66545,-0.028444,0.442027
validation,0,1,0.25675,1.507428,-1.378342,0.690118,-0.161012,0.524069,-0.413949,2.180845,-0.011657,-0.549931
validation,0,0,-0.443767,-1.848415,1.776202,0.053708,-1.159247,-0.176313,0.955507,-2.323437,-1.187496,0.190637
validation,0,0,-1.830962,-0.261925,-1.353099,-0.258886,0.861097,-0.377349,0.818595,0.811023,0.389922,1.352351
validation,0,0,0.950626,-0.321408,-1.019339,0.234879,-0.772478,1.578822,0.238044,0.098927,0.192511,0.029874
validation,0,0,-1.193549,1.802657,-1.07685,0.210201,-0.664884,-1.440706,0.033116,1.911327,-0.681454,0.048243
validation,0,0,0.942477,-0.562207,-0.508241,-0.29952,-0.241683,-2.009578,0.970719,-0.542653,1.760922,0.008623
validation,0,0,-1.261581,0.483063,-1.728084,-2.6156,-0.351002,0.637556,0.693858,-0.862546,-0.620287,1.545127
validation,0,1,2.024779,1.542284,1.068965,-0.140879,-1.214481,-0.499127,1.264049,0.148439,0.732886,1.861261
validation,0,0,-0.352732,0.736187,0.389224,0.202802,-2.017644,1.659309,-0.188963,-0.136513,1.627949,1.20363
validation,0,1,0.238152,0.78639,0.440508,1.098696,0.439283,-0.634506,1.393409,-1.525812,-2.285575,-0.747638
validation,0,0,0.892464,-1.527015,0.182334,-1.230516,-0.22107,-1.416684,0.158066,0.733726,0.596978,-0.984813
validation,0,1,1.107878,2.000417,0.313048,0.603893,-0.394229,-1.557198,-1.284831,1.306699,1.186773,0.679948
validation,0,1,0.260933,0.50251,-0.16177,0.090169,-0.573032,-0.018018,-0.941011,-0.504083,-0.951985,0.847497
validation,0,1,0.256655,1.662816,-0.248618,-1.343135,1.27847,0.109672,0.22531,0.170059,-1.278718,1.025192
validation,0,0,0.205671,-0.086055,-0.040292,-0.942361,-1.569948,-0.098038,1.107354,0.702626,0.054014,0.552979
validation,0,0,-0.54755,-0.294042,-0.021887,-1.480943,0.971644,0.354138,-0.057734,-2.90388,1.430589,0.625033
validation,0,0,0.663175,0.689333,0.642738,-1.01538,0.263192,-0.646456,-0.946827,1.103136,1.687316,1.313573
validation,0,0,-0.086435,-0.212837,0.489425,-0.126114,-1.368942,0.444421,1.976461,-1.197304,-0.211095,0.216529
validation,0,1,1.391627,0.671168,1.712189,0.772441,-1.504816,-0.969712,1.368352,-2.447542,1.289175,0.395349
validation,0,1,0.407253,0.178133,1.080646,0.860788,-0.76512,1.351314,-0.68215,0.089959,0.708604,-1.093537
validation,0,0,1.11417,1.479679,-1.686556,-1.275748,-2.667622,-1.075322,0.815735,1.170803,0.116509,-0.740669
validation,0,0,-0.686148,0.703539,-0.724582,0.219342,-0.108447,0.718302,-2.510004,1.188688,-1.362518,-1.405826
validation,0,0,0.627807,0.24504,0.339467,1.397796,0.542572,-0.748276,-0.611721,-0.120758,0.113481,1.787633
validation,0,0,-1.49146,-0.054995,-0.93633,-1.513831,-0.633113,-1.487383,2.951875,2.871079,-0.245011,-0.858826
validation,0,1,0.160838,0.865661,-0.232122,0.671535,1.014916,0.540277,0.201392,-0.326486,-1.456921,-0.143488
validation,0,1,0.490672,0.617673,0.922893,0.048504,1.177856,-0.501152,-1.268842,1.659103,-0.620604,-0.070794
validation,0,0,-0.71623,-0.373665,-0.287188,-0.121308,-2.105385,0.436434,0.152502,0.803722,1.09899,-0.280441
validation,0,0,0.166856,-1.66098,0.041934,-0.382805,1.512582,-0.630195,0.579751,0.211149,-0.285706,-0.132684
validation,0,0,0.311989,-0.883254,2.379663,-0.11443,0.311786,-1.867802,0.571713,0.131926,0.298105,1.449062
validation,0,0,0.107317,-1.570879,0.575302,0.746915,0.667148,-0.471832,-0.425453,-0.174824,-2.044288,0.127203
validation,0,0,-0.663789,0.43222,-0.24221,1.108803,0.781603,0.48719,-0.788432,-0.042548,-0.38997,1.000978
validation,0,0,-1.465345,-0.175116,1.087796,-0.858425,0.623554,1.780614,1.591313,0.931,-0.290973,-0.757652
validation,0,0,0.756859,-0.799266,-0.659771,1.109716,-1.268006,1.111123,-0.369313,-0.908562,0.029063,0.533023
validation,0,0,-0.819446,0.07067,-0.697261,1.644969,-0.970971,0.282013,-0.196802,-1.022048,0.813534,0.99342
validation,0,0,1.134648,0.559382,-0.089678,0.230294,0.310339,1.031857,-0.632524,0.881194,0.458523,-0.206231
validation,0,0,1.070755,-0.671536,0.839493,-0.694992,0.266162,-0.485312,-0.706352,-1.609631,-2.152314,-1.257608
validation,0,0,-1.170397,-0.009462,0.849918,-1.648419,-0.578872,-1.463612,-1.167393,0.757737,-1.044311,-0.803243
validation,0,0,0.413094,-0.241558,-0.837758,0.623032,0.741398,-0.006127,-1.043048,-1.853498,2.044889,-0.671379
validation,0,0,-1.471291,1.28348,-0.962413,-1.801478,-0.183643,-0.351077,-0.311071,-2.719875,1.579064,-0.961912
validation,0,0,0.390167,-0.428749,0.690341,0.432708,0.031357,-0.134522,1.781995,-0.110162,-2.149608,2.030966
validation,0,0,-0.665213,0.751456,0.160521,1.2969,1.483203,0.115254,-0.249461,2.316895,-0.020975,0.385441
validation,0,1,-0.009519,0.806342,0.37927,2.014456,-2.008624,-1.120172,-0.245491,1.770578,1.048517,-1.383559
validation,0,0,0.515502,-1.097722,-0.847008,-0.497852,1.643031,0.822389,0.440679,-0.731549,1.662431,0.525451
validation,0,0,0.606918,-0.899933,-0.232897,1.349823,0.146489,-0.123996,-1.678454,0.295315,-0.323778,1.170693
validation,0,0,0.784021,-0.494301,-0.57607,1.016521,1.134674,-1.665943,0.860849,0.058204,-0.366372,-1.004482
validation,0,0,0.310489,-0.66732,0.1133,0.512744,1.726844,2.163439,-0.932104,0.318849,-1.021727,-0.252434
validation,0,0,0.269205,1.159824,-0.860167,0.570797,0.586729,0.514771,-0.28424,-0.156518,-1.487547,0.554708
validation,0,1,0.222227,-0.557207,1.429522,1.031624,0.038756,3.227744,-0.395542,0.974798,0.697237,0.417739
validation,0,0,-0.071646,1.069111,0.345631,0.562532,0.488284,2.031903,-0.181093,-2.380313,-1.029455,2.392632
validation,0,1,0.17938,1.595836,-0.624429,0.233513,0.207875,0.460991,0.43436,0.017628,0.495145,-1.132191
validation,0,1,1.112113,-0.688611,-0.208276,-1.677952,0.469995,-0.717228,1.403459,1.177131,-0.223581,0.924238
validation,0,0,2.675719,0.672627,-0.950028,-0.867616,0.980528,0.863002,-0.832783,-0.781964,-1.787509,0.57979
validation,0,0,1.060318,-0.780623,-0.483903,-0.841956,0.773941,0.560342,0.340653,2.420881,-0.224327,1.940927
validation,0,1,0.946155,-0.843762,0.365486,-0.156583,1.564768,-0.76102,0.504319,-0.818477,1.243644,-0.870144
validation,0,1,3.47463,-1.075883,-1.453703,-0.352428,0.421676,-0.393405,-1.297838,-0.745959,-0.509086,0.238348
validation,0,0,0.113675,0.211163,-1.695482,-1.440161,0.433992,0.233511,-0.871414,-0.143513,-0.114722,0.428069
validation,0,1,-0.182482,1.217549,0.824883,-0.803992,0.274635,0.269522,-0.348185,2.62074,-0.183058,1.385075
validation,0,0,1.076923,-0.575883,-0.828174,0.565532,-2.018259,0.253412,0.151583,-0.277896,-2.302729,-0.550742
validation,0,1,3.020633,-0.810868,-1.27889,-1.001965,1.106168,1.025401,0.279806,1.020501,1.301635,0.939077
validation,0,0,0.022147,0.013148,-1.115546,-0.02105,0.617079,0.449444,1.347466,1.077611,-0.94694,0.51368
validation,0,0,0.920825,-1.797739,-0.85452,-2.003153,-0.305285,0.637975,1.183153,-0.751097,1.639945,-0.83661
validation,0,0,0.354587,-1.856839,1.094361,0.897484,0.069579,0.563347,0.644124,-0.526045,-1.229352,-1.468733
validation,0,1,2.049104,1.887731,-0.094222,0.479251,-0.786439,-0.414113,-0.008673,-2.332123,0.18155,0.984994
validation,0,0,0.482257,2.062959,-0.443744,0.557798,-1.120578,-1.636751,1.459719,1.629818,0.69822,1.25797
validation,0,0,0.077189,0.436142,-0.833427,0.278371,1.351177,-0.260131,0.224566,0.956639,-1.692762,-1.912334
validation,0,0,0.103415,1.084243,0.927264,-1.57501,1.040528,-1.122811,1.762477,1.290464,0.895705,-0.444106
validation,0,1,-1.230951,1.458064,-1.239596,-0.891972,0.222453,0.368156,0.534081,0.347885,-1.207921,1.260923
validation,0,1,1.771114,0.090126,-0.927475,1.028132,1.143797,-0.26531,0.124353,2.241719,0.767821,1.324853
validation,0,0,0.347322,-0.160758,-0.194488,-1.019866,-0.810002,-0.00495,0.833357,-1.511634,-0.005212,1.045696
validation,0,1,-0.472734,1.249233,2.006532,-2.383247,-0.181721,0.260923,-1.905936,-1.033474,-1.43839,-0.852358
validation,0,0,0.415111,-0.150983,-0.377951,-0.754154,0.451524,-0.378025,1.177809,0.511443,-0.205039,-0.778195
validation,0,1,-0.70713,0.660478,-1.109164,-0.245548,0.109728,-1.457535,0.486319,-0.169186,-0.647145,0.052485
validation,0,0,-1.715851,0.639336,-0.679715,1.514225,0.4551,1.219508,1.094007,0.537983,-0.656356,-1.008677
validation,0,0,0.039855,-0.009357,0.30091,0.750744,-0.492435,-0.907921,-1.763676,-0.23685,1.023998,0.173568
validation,0,0,0.506408,0.264738,0.823948,-0.713806,-1.398176,0.056457,0.972108,0.28347,-0.41133,2.549717
validation,0,0,0.781793,0.111449,-1.319797,0.139059,-0.708296,-0.867674,-0.008291,1.120537,-1.061932,-0.668184
validation,0,0,-1.054503,-0.861563,0.194557,-0.07391,-0.798885,-1.372487,1.956286,-0.061769,-0.457718,0.217741
validation,0,0,0.979752,-0.058595,-2.524048,-1.872597,-0.176252,0.195666,0.941962,0.570334,-1.366357,0.625276
validation,0,0,-0.161255,-1.428655,1.543427,1.531695,-1.048779,-1.019761,-0.970016,-0.183422,-0.576387,-1.222223
validation,0,0,-0.730317,0.451142,-0.847734,0.458902,0.943274,1.286733,-0.519886,-0.004487,0.199835,0.009483
validation,0,0,0.514857,-0.900954,0.845468,-1.051627,0.528953,-0.020343,0.561026,0.939477,-1.224201,-1.75494
validation,0,0,0.74353,0.28041,-0.543639,1.813063,-0.052279,0.118934,0.231777,0.330651,-0.514448,1.70817
validation,0,0,-1.482295,-0.470615,-1.148059,0.093659,-1.60549,0.032065,0.732982,1.826295,1.228593,-1.401584
validation,0,0,0.62898,-0.832911,-2.071657,0.066792,1.221025,1.156863,0.282962,2.075085,0.468872,0.133366
validation,0,0,-1.332864,-0.837714,-2.443411,-1.055274,0.345611,-0.398577,0.267317,-1.093823,-2.025867,-1.488786
validation,0,0,-0.929692,-1.03071,1.070108,0.578502,0.231071,-1.193322,0.058306,1.038803,1.126268,-0.767981
validation,0,0,-0.315709,0.229939,-2.04644,0.460781,-1.669193,-0.086588,0.427319,-0.065354,-1.65522,-0.302988
validation,0,0,1.067254,-1.310259,-0.57688,0.700244,0.495697,0.828361,-0.086267,-1.292512,1.052296,-1.470293
validation,0,0,0.224343,-1.093688,-1.098842,1.076682,0.497802,-1.087979,-0.642778,2.113873,-0.538884,-0.903881
validation,0,0,-1.415583,-0.219126,-0.015691,-0.047787,-0.297958,0.568759,0.796002,-0.557327,-0.612746,0.333932
validation,0,1,0.555526,-0.469769,-0.504511,-1.117735,-0.626946,0.623896,0.255653,-1.720917,-2.420139,-1.36558
validation,0,0,-1.357726,-0.747887,1.720963,-0.204272,-0.363974,0.71339,-0.13806,-1.59786,0.206294,0.360661
validation,0,1,-0.293104,0.639275,-0.210037,0.703079,1.447539,-0.390299,-0.30322,-0.409234,0.211741,0.307503
validation,0,0,-0.371136,-1.212584,1.127979,-0.612239,0.779697,-0.331972,0.50568,0.683117,-0.725669,-1.179477
validation,0,0,-0.255694,-0.752569,0.684044,0.627664,-0.302387,0.807903,-0.280481,0.421503,0.848446,-0.4564
validation,0,0,0.83346,0.381159,-0.250275,-1.386374,-0.427866,0.079309,-0.03721,-0.927224,1.41396,0.836675
validation,0,0,-0.326074,-1.297738,-0.313779,-0.006462,0.8644,0.076668,-0.22607,0.644385,1.406857,-0.331007
validation,0,0,-2.166439,0.473121,0.339247,0.438834,0.31906,0.376447,-0.669628,1.633488,1.134024,1.536704
validation,0,0,1.475485,0.313112,-0.381114,0.095323,-1.291416,-1.362069,2.109845,-0.317741,-2.959059,2.39243
validation,0,1,-1.287752,0.07393,-0.866862,-0.908849,-0.107777,-0.249932,-1.308617,0.964832,-1.467722,1.448381
validation,0,0,0.412422,-0.996337,1.641488,-2.442769,-0.639606,0.347115,0.845231,-0.150495,0.803358,-1.031964
validation,0,0,-0.634899,0.899453,0.143179,-0.632766,-2.268124,-0.489638,0.923526,1.25866,0.957365,-0.473643
validation,0,1,0.430576,-0.4313,1.230925,0.49579,-0.256957,0.149283,-0.368324,-0.532648,-0.365708,-1.062227
validation,0,1,0.514148,1.832636,0.11047,-1.652668,-1.043784,-0.791399,0.984496,0.317751,1.445619,-0.054159
validation,0,1,0.335093,1.376816,1.061188,-0.640597,0.454088,-0.728694,-1.117482,0.996473,-0.697288,0.126196
validation,0,1,0.594619,0.093675,0.167337,-1.545887,-0.078767,1.420797,1.260198,0.520711,-0.147276,-0.217896
validation,0,0,0.55033,0.644909,-1.55908,1.125897,-0.372943,-0.990374,0.372972,-0.587318,1.071338,1.427781
validation,0,0,-1.219485,0.246844,0.603298,0.566914,1.11539,0.896828,2.986624,-0.639178,0.529813,-0.477018
validation,0,1,-0.416495,1.432442,0.76737,0.387902,2.406509,-1.969659,0.351371,-2.223055,1.47577,1.587754
validation,0,0,-0.834738,-0.07362,0.788785,1.472742,0.036096,1.052404,-1.197862,-0.840787,-0.51696,-0.852785
validation,0,1,2.914588,0.898401,0.465179,0.172966,-0.624759,0.102697,-0.04468,-1.248371,-1.405215,-1.175012
validation,0,1,1.018879,1.960265,1.577375,-0.877595,-0.115154,-0.264435,0.441858,-0.293597,-1.11957,1.445914
validation,0,0,-0.50639,-0.004615,0.236862,0.72503,0.878282,0.402836,-2.005799,0.663027,-2.226459,0.021338
validation,0,0,0.120682,0.010418,0.125031,0.307273,0.888409,0.444758,-0.553679,0.493038,0.07455,0.985852
validation,0,0,-0.829504,0.029579,-0.609344,0.213675,-0.71349,-0.217248,-0.216086,-0.141248,-0.283984,0.255605
validation,0,0,0.582925,-1.058563,-0.176421,0.721654,-0.457612,-1.098785,-0.927346,-0.73077,-0.071526,-0.451911
validation,0,0,1.418246,-0.263735,2.326713,1.776547,-2.103601,-0.28278,-0.439316,0.669611,-0.31151,0.19919
validation,0,0,-0.323159,0.852217,-1.249301,-0.114072,1.15041,-0.147161,-0.930794,0.365574,-1.947439,2.151365
validation,0,1,-0.113809,-0.355516,2.359432,-0.896387,-0.060716,-2.113826,-1.856367,-0.879857,1.912511,1.219515
validation,0,1,1.374133,-0.184834,0.216621,0.352802,1.495187,-0.633934,-0.518232,-0.285537,-0.657246,-0.80769
validation,0,1,0.939286,-1.388745,0.528285,1.916848,-0.225696,0.557409,1.004777,0.864947,0.537767,1.256726
validation,0,1,0.551056,2.312118,-0.563283,-1.040838,-1.102216,-0.130822,0.342245,0.779652,-1.199942,0.55522
validation,0,0,-0.024233,0.474585,-0.925672,-0.497851,0.511328,0.681798,-0.243805,0.177195,-0.36716,-2.586156
validation,0,1,0.582558,-0.51679,0.431689,0.901959,1.007816,-1.503359,-2.207116,-1.00346,0.772463,-1.861929
validation,0,0,-1.624814,1.058556,-0.204736,-0.27556,-0.165538,2.360521,0.940671,-0.215337,0.417504,0.501772
validation,0,1,-0.393498,1.909924,0.67281,1.351836,-0.480634,0.823722,-1.537232,-1.480316,0.252146,2.047756
validation,0,0,0.041423,0.241777,0.322924,0.759546,-0.219654,-1.654151,-0.595676,-0.519459,-0.254402,-0.301859
validation,0,1,0.942677,0.633815,-2.200042,0.151375,-1.340652,-0.089871,2.387098,0.743849,1.334021,0.40429
validation,0,0,-0.133987,-0.844863,0.443817,0.33794,0.330788,1.089604,0.503409,0.044413,-0.529397,0.767808
validation,0,1,1.384302,-0.606898,1.4166,0.354446,1.174075,-0.656503,-0.812933,0.587233,-0.938015,-0.537852
validation,0,1,1.010008,-0.156158,0.146893,-1.146845,0.428327,-0.162795,-0.595304,1.013972,0.657279,-0.190116
validation,0,0,0.429715,0.026203,0.406145,0.00989,-1.172923,0.665439,1.017717,-0.026932,0.565828,0.98918
validation,0,1,1.589532,1.080958,-1.072347,0.177167,1.941986,1.07894,0.40015,1.382408,-0.758602,0.410177
validation,0,0,0.427727,-1.017977,0.404058,-0.370061,-0.391912,0.517284,2.269808,-0.119075,0.167321,1.220171
validation,0,1,0.471185,1.11599,-1.119914,-0.002856,-0.648246,1.266307,-2.194423,-0.481657,0.704174,-0.676283
validation,0,0,-1.929468,0.35126,-0.182601,-0.735225,-0.302813,0.000923,0.261958,0.458743,0.578689,-2.119934
validation,0,0,-1.485135,-0.535177,-0.854477,-0.933899,0.486616,0.52121,1.170432,-0.566316,-0.025038,0.458068
validation,0,0,-2.096088,0.753986,-0.017326,-0.833176,-0.535196,-1.337867,-0.323086,-0.44669,-0.896065,0.372142
validation,0,0,-0.020441,-1.525584,-0.805582,-0.100736,0.140684,-2.157858,0.100177,0.117267,0.397726,-1.316736
validation,0,0,-0.329915,0.411267,-0.929797,-1.196744,-0.352807,1.329567,-0.122474,-0.131843,-1.623048,-1.419906
validation,0,0,-0.031688,-0.49314,-0.079405,0.892976,-1.470738,-0.495459,-0.206302,-0.186852,-0.000767,1.411212
validation,0,0,0.304847,-0.415994,0.608081,-1.884374,0.931524,-0.140826,-0.75305,0.227797,0.075265,-0.338206
validation,0,1,0.684259,1.025412,-0.355127,-0.511781,-0.50409,0.053879,0.306115,-1.727591,1.164072,1.367681
validation,0,0,0.152358,-1.284948,1.701394,-3.142344,0.041534,0.409182,0.804822,-0.176634,0.785705,1.574159
validation,0,0,-0.678785,2.376043,0.660211,-0.048418,-0.028437,-0.606147,-0.349418,0.257943,0.17523,0.801242
validation,0,1,-0.008423,-0.717508,0.373436,-0.966752,-0.597215,1.176332,0.67252,-1.452762,-0.85309,1.153681
validation,0,0,-1.401685,-0.271912,0.135443,-0.942874,-1.074011,0.306936,-0.047637,0.869258,0.174782,-0.857691
validation,0,0,-1.327165,0.857422,0.518077,-1.183828,-0.4977,-0.068846,-0.526056,-0.38697,-1.234109,0.812401
validation,0,1,0.433619,0.40118,0.092075,-1.576594,1.989225,0.31957,-0.960404,-0.739072,-1.160327,0.345609
validation,0,0,-0.462918,-0.121311,-0.35291,-1.373957,-0.213077,-0.848274,-1.822573,1.267746,0.583495,1.273874
validation,0,1,0.258205,1.253784,-0.978356,-1.265954,-0.059595,-1.279605,-1.398295,0.723924,-1.710318,0.554733
validation,0,0,-0.434519,-0.378024,-0.167741,-1.506848,0.230673,0.316263,0.439151,0.476641,-0.541785,1.091327
validation,0,0,0.096458,0.370397,-0.715628,-0.579499,1.653929,0.348565,0.064262,-1.197872,1.330318,-1.432123
validation,0,1,0.29374,0.409266,2.007931,1.806319,-1.006727,-0.422376,0.379787,-1.96509,-0.603611,0.086096
validation,0,0,-0.523407,1.386751,0.506331,-1.505282,0.695614,2.033229,0.411869,1.123693,-0.407261,-0.949369
validation,0,0,0.477073,-0.541709,-0.795828,-1.974949,1.045068,0.701211,-0.267304,0.54427,0.556471,1.360686
validation,0,1,0.957058,0.23257,-0.414294,-0.345093,-0.046641,0.738166,-1.490027,0.57404,-0.863514,-0.930134
validation,0,0,-1.343856,-0.458595,1.131858,-0.338746,0.293116,-0.177837,0.443175,-0.338789,-1.525612,-0.364564
validation,0,0,-0.005979,0.408816,-0.323579,-0.395323,0.67989,-0.591142,1.046939,-0.383617,0.937905,0.467259
validation,0,0,0.047819,0.876811,1.423207,-0.171509,0.455387,0.421282,-3.10309,-0.870983,0.73523,0.158159
validation,0,0,-1.256829,1.202902,-0.284113,-0.331711,1.053522,0.397426,-1.90517,2.714636,1.579402,-0.249602
validation,0,1,0.191395,0.530959,0.629414,0.588847,-1.730457,0.199997,0.920261,-0.539151,-0.247626,-0.016848
validation,0,0,-0.755035,1.43765,1.098333,1.28329,-1.444856,-2.056299,-0.691697,0.274914,1.108448,0.108487
validation,0,0,0.751804,1.905113,-1.361606,1.088878,-0.624117,0.797338,0.090277,-1.244113,0.712713,0.527617
validation,0,1,1.279217,1.113128,-0.350169,-1.776324,-0.961225,-0.818007,-0.621764,-0.193339,1.896918,0.55785
validation,0,0,0.892676,-0.568106,-0.914696,-1.156361,-0.928476,-0.793861,-1.173999,-0.462869,-0.134013,-0.637352
validation,0,1,-0.972752,-0.623353,0.803273,-0.247982,-0.963688,-0.802887,-1.551044,-0.571364,2.070888,2.30897
validation,0,1,1.084842,-0.400514,0.231064,-0.263722,-0.982586,-0.883454,0.288926,-0.135457,0.409995,0.985294
validation,0,1,1.316816,0.337136,0.78818,1.290641,-0.776609,1.227393,-0.04002,-0.379436,1.245221,-0.368027
validation,0,0,-1.283467,0.57236,1.622589,0.112341,1.40599,0.275658,-0.959488,-0.545774,-0.356356,0.701
validation,0,0,-0.468798,-0.614725,0.123906,-2.676785,0.788723,-1.027025,0.329872,-0.613332,-0.096923,0.984283
validation,0,0,-0.146121,0.755858,-0.753632,-2.209896,1.660903,-0.062389,-0.247352,0.147886,-1.503263,0.022899
validation,0,1,2.104243,-0.587135,2.190421,0.264766,1.145226,1.215405,-0.23701,1.088919,-0.168038,-0.365567
validation,0,1,2.091927,1.327019,-0.148505,-0.293942,-0.701754,-0.541356,0.277967,-1.444218,1.162585,0.36184
validation,0,0,-0.03722,-1.778657,1.037526,-0.673989,0.237985,0.482865,0.025266,0.056042,-0.530378,-1.015253
validation,0,0,-1.986836,-0.722259,-0.911443,-0.434519,0.475017,-0.901637,0.180348,-0.201606,-2.329645,0.727312
validation,0,0,1.200054,-1.391133,1.008185,1.098392,-1.160481,-1.022666,-0.922528,-1.062812,0.947269,-0.938602
validation,0,0,-0.70026,0.766197,-0.453198,1.705715,-0.273833,-1.026002,-2.052161,-0.819307,-1.408742,-0.021848
validation,0,0,1.549286,-0.440292,0.904536,-0.224793,-0.971757,1.088668,1.526215,-2.704249,-1.445272,0.76389
validation,0,1,-0.143358,1.244817,-0.388217,-0.63233,-1.146846,0.070912,-0.881279,-0.75294,-0.970805,-1.139987
validation,0,0,0.327081,-0.058818,-0.111158,-0.737592,2.525317,-0.452457,0.288177,-0.531743,0.426429,0.143442
validation,0,0,-0.313099,-1.032472,-0.509913,-0.39453,0.548571,0.706835,0.460745,-1.123351,-1.897414,1.569253
validation,0,1,0.788541,0.440142,0.178935,0.807783,0.066746,1.474569,0.199736,0.752128,-0.743837,1.562569
validation,0,0,-0.591499,-0.485708,-0.809478,0.05385,1.950647,-2.705105,-0.322801,0.616302,0.004786,1.272148
validation,0,0,-1.240859,1.063964,0.954492,1.690033,1.217419,-1.405869,-1.912085,1.868065,-1.127322,-0.169037
validation,0,0,-1.355385,0.654378,-0.074326,-0.535231,-0.286265,-0.160439,0.245811,-1.403728,-0.502146,0.976012
validation,0,0,-0.206325,0.372916,0.158748,0.156562,0.285717,-0.221444,-0.426639,1.139809,-0.260155,0.558408
validation,0,0,-1.579121,-0.38901,-1.803233,0.203329,-0.977222,0.746414,-1.16954,-0.498153,-1.195753,1.249645
validation,0,1,0.484111,0.550381,0.147589,-0.103109,0.674525,-1.015984,0.890107,0.889155,-0.021811,-0.625892
validation,0,1,1.232149,0.425665,-1.800508,-0.365906,-1.590668,-0.726866,0.259217,-0.902712,-1.353387,0.31709
validation,0,0,-0.321157,-0.841326,0.464988,0.407554,0.046238,-0.151972,0.675755,-0.964599,0.845095,-0.473014
validation,0,0,-1.293814,-0.038323,-0.75076,-0.77838,1.238911,1.539391,1.114901,-1.126205,0.040086,0.360094
validation,0,0,0.152353,0.75173,-1.949953,1.038426,1.356724,-1.492622,-0.787991,0.55486,0.978769,0.324438
validation,0,1,-0.37985,1.054025,-0.615313,0.483914,1.591799,-1.319676,-2.306228,1.650004,0.996071,-2.040056
validation,0,0,-2.226637,-0.1044,-0.66357,-0.334304,1.983109,-0.708105,-0.012775,1.118499,1.867507,-0.751764
validation,0,0,-2.511143,1.124245,-0.272358,1.41958,-0.181346,-1.412992,-1.164472,-0.029996,-1.172927,1.659614
validation,0,1,1.257083,-0.466643,-0.363537,-0.69093,-0.231744,0.055779,0.40668,-1.31209,-0.263241,0.258243
validation,0,0,-2.639373,0.235046,0.406314,0.459163,0.344157,-1.40126,2.703538,0.798449,-0.065842,-0.67989
validation,0,0,-1.244608,0.405217,-1.577905,-0.453996,2.047638,-0.260437,-0.559745,-0.387204,0.18203,0.632823
validation,0,0,-0.655531,0.476898,0.906298,0.567976,0.8448,-0.564894,0.611875,-0.22518,1.67317,1.25596
validation,0,0,1.027883,-0.228752,0.811838,0.366007,-0.592778,1.217713,1.063406,1.363715,-1.024672,-0.165291
validation,0,0,0.770615,0.315152,-0.237052,-0.339027,0.169027,-0.575549,-0.315384,-0.681383,1.095732,0.972785
validation,0,1,1.566677,-0.191975,0.294514,-0.553118,-0.332489,0.976051,-0.377186,-0.837002,-2.541392,-0.380897
validation,0,0,0.433828,-0.108205,-0.114216,-0.494829,0.972048,0.176508,-1.419186,-1.038269,-0.586142,1.095408
validation,0,0,-1.049804,1.138485,0.108727,-0.499085,-1.598239,-0.990063,1.91715,1.879343,-0.592364,-0.849552
validation,0,0,-2.16027,-0.785522,-0.990743,-0.524184,-0.193866,0.006006,-0.153823,-0.741348,-1.303354,-0.050498
validation,0,1,-0.45531,1.779227,-1.276167,-0.46905,0.449673,1.106512,-0.755264,-0.094217,-0.526322,0.104689
validation,0,0,1.782294,-1.072185,0.303864,-0.000767,-1.335159,0.95908,-0.192027,-1.623334,-1.098027,0.095033
validation,0,0,-1.124594,-0.201564,1.703643,1.546312,0.269876,-1.474218,-1.677235,0.122702,2.864529,0.475995
validation,0,0,-1.402452,-1.106788,0.118432,0.624684,0.094377,0.455431,0.892059,0.882095,-0.955815,-0.138877
validation,0,0,0.239812,-1.597792,-0.5008,-0.527976,-1.649558,-0.522517,-0.125045,-0.935069,-1.041537,0.171834
validation,0,1,1.521341,-0.128313,1.647241,0.066159,0.755387,0.090236,0.28061,-1.026446,-0.084069,1.707898
validation,0,0,-1.329804,0.837899,-0.976801,-0.019702,-1.012625,0.644775,-0.737885,-1.131357,0.676826,-0.384503
validation,0,0,-1.079795,-0.402926,0.672366,0.015483,-0.442627,0.385897,0.976799,1.430459,-0.11509,0.176719
validation,0,1,-0.693619,-2.00961,1.383649,-0.08676,-1.115969,1.525974,-0.297499,-0.370916,1.419403,-0.879314
validation,0,0,-0.949833,-0.07467,-0.190607,-1.001441,0.014912,-0.052126,-0.0836,1.443517,0.146798,-2.112027
validation,0,0,-0.646075,-0.214195,-0.05387,-0.900506,0.06871,0.859437,-0.193512,-0.601995,-0.006908,0.870789
validation,0,0,1.801807,-2.421284,-0.742037,-0.09183,1.039644,-0.503153,-0.293947,-1.496816,-0.176671,-0.310043
validation,0,0,-1.199955,-1.157169,0.72203,-0.946917,-0.115287,-0.206348,-0.05873,0.161943,-0.974487,0.366343
validation,0,1,1.887771,-0.776919,0.562994,-1.159809,-0.119601,2.091854,-1.323064,-0.347919,-0.671361,-0.150004
validation,0,1,-0.081904,1.340818,-0.831976,-0.087162,0.187259,0.54602,-0.863951,-0.760642,0.183831,-0.20817
validation,0,0,1.376089,1.195354,-1.930018,1.176868,0.776572,-0.466737,1.669036,0.813954,-0.55055,-0.293205
validation,0,0,0.395708,-2.573662,-1.784722,-0.940843,-0.081285,-0.518545,-1.08306,0.757188,-0.401761,-0.263857
validation,0,0,-0.624579,0.086691,0.294323,-1.518689,0.171631,0.863643,-0.019846,0.212138,-0.770412,-0.210791
validation,0,0,-0.104763,0.583952,0.286085,0.758962,0.027853,0.079915,0.213402,-0.269861,-0.839188,1.291663
validation,0,0,-1.076964,2.557829,-0.947549,0.172536,0.971225,-0.477821,0.539003,1.494157,2.241151,0.986279
validation,0,0,0.263982,0.579029,0.770122,1.116522,1.108724,0.956449,-0.073183,2.247147,-0.290283,0.794519
validation,0,1,0.028281,1.842455,-0.411416,-1.030088,1.623555,-0.488203,-0.933187,0.248953,-1.548687,-1.56488
validation,0,1,0.141704,1.138283,-0.659491,0.084875,1.962661,-0.40476,1.324607,0.632367,0.853677,-1.755192
validation,0,1,0.603327,-1.149289,1.532383,0.041014,-0.050837,-0.397532,-1.087466,0.994947,-0.766018,0.140132
validation,0,1,-0.447543,-0.619955,-0.624574,-2.355694,0.771487,1.021389,-1.299277,1.747189,1.817996,-0.265176
validation,0,0,1.332726,-0.379318,0.975362,-0.833315,-2.091191,-0.770606,-0.872128,0.355309,-0.022156,1.504413
validation,0,0,-0.77491,-0.629035,-1.157943,-1.658085,1.698641,-0.165608,-0.382926,0.663821,1.78405,-0.096783
validation,0,0,1.672668,-1.829784,0.130284,-0.083021,0.915206,-0.45942,-0.384617,1.246043,1.068969,-0.435796
validation,0,0,-1.397622,-1.697781,-0.848827,-1.323392,0.252942,-1.057149,0.647327,1.110673,0.5805,-1.823039
validation,0,0,-0.153153,-0.727321,2.1834,0.316499,-2.135004,0.324446,-0.159329,1.26233,-0.42548,-1.841757
validation,0,0,0.158621,-0.692196,-1.453179,0.303812,0.252914,-0.564273,0.211595,0.348631,-0.341387,-1.298047
validation,0,0,-0.014531,-1.756785,-1.289413,-1.738453,0.201252,-0.945877,-0.255548,0.50014,0.951329,0.46459
validation,0,1,2.214646,0.975142,-0.677107,2.756477,0.200903,0.629084,0.550787,0.038408,1.333093,0.664414
validation,0,1,1.537152,-0.551921,1.226591,1.237217,0.146934,-0.901225,0.281542,0.946977,-1.627962,0.865804
validation,0,0,-0.58288,0.366591,-0.506536,-0.399228,1.094068,0.272055,-0.546538,0.726386,-1.373226,-0.400563
validation,0,0,-0.568713,-1.037088,2.794403,-0.008702,0.324796,-1.491651,1.836118,-0.506925,-0.093572,1.006757
validation,0,1,1.441062,0.232368,-0.598255,-0.001422,0.117742,-0.658342,-0.837578,-0.315642,-0.402206,-0.501952
validation,0,1,1.47173,-1.082769,1.360614,-0.846997,-1.866794,-0.628695,-0.432934,-1.009652,0.450288,-0.174655
validation,0,0,0.538824,0.610605,1.532226,0.809904,0.238228,-0.197139,2.06596,1.325455,0.300725,0.073872
validation,0,0,0.002301,-0.877239,-0.880311,0.793457,0.029224,-0.036774,0.948429,-1.893498,-0.700253,-2.095055
validation,0,1,-0.414893,1.621719,-0.185768,1.495443,-0.828152,1.413041,-0.387552,0.094945,-0.313138,0.881521
validation,0,1,0.913089,0.262674,-1.189433,1.551999,-0.165273,-0.284621,-1.674856,0.237533,-0.269327,-0.643093
validation,0,1,-0.508409,1.496194,0.039564,0.576628,2.282565,0.621239,-0.167614,1.160747,-0.474812,-0.36594
validation,0,1,1.275677,1.783654,-0.218812,0.005282,0.440997,-0.684502,1.983956,-1.037881,-1.376952,-1.048951
validation,0,0,0.166784,-0.019921,-0.179281,-0.804761,-0.734004,1.344435,0.297356,-0.949067,-0.970559,-0.188725
validation,0,0,0.353831,-1.275551,0.056695,-1.246917,0.932442,-1.060213,0.636387,1.017583,-0.947685,0.04604
validation,0,1,0.13899,2.215659,0.073296,1.214413,1.310798,1.097746,0.782044,-0.855604,0.789442,-0.392577
validation,0,0,1.930398,-2.384257,1.041333,-0.366257,-0.400593,-0.264364,0.801349,-0.687108,0.584458,-0.802767
validation,0,0,0.314343,-0.069689,-1.027583,0.406933,0.490185,1.600163,0.859988,-0.696065,0.073766,-0.036388
validation,0,0,0.751781,0.198546,1.520941,-0.250182,0.979038,-0.260219,0.631011,-0.513665,1.167888,0.198197
validation,0,0,0.005007,-1.986514,-0.759324,-0.844731,0.193162,0.051027,0.818525,-1.502339,-1.454487,1.125848
validation,0,1,1.108161,-0.11338,0.759326,1.706465,-0.496159,0.327156,-0.561952,0.203859,-0.129748,1.844498
validation,0,0,1.004943,-0.275626,-0.133247,-1.31,0.097439,0.476311,-0.772163,-0.68285,0.854825,0.419649
validation,0,0,-1.248214,2.150159,-0.002523,0.672795,0.467006,-0.534494,-1.352516,0.389137,0.914632,0.108918
validation,0,0,-0.579963,0.211884,-1.029091,-0.80327,1.487829,0.667167,-0.850352,1.222407,-1.177824,0.266022
validation,0,1,-0.367526,0.853438,1.104894,-0.492983,-0.267557,-0.793348,-0.207657,-0.086069,-0.591188,2.176084
validation,0,1,0.434346,0.577791,-0.533422,-1.596051,0.282447,0.140541,-1.294825,-1.266693,1.719735,-0.820149
validation,0,1,-0.813259,0.575396,-0.006559,0.269649,-0.948469,-0.456865,1.985135,0.474,1.189886,0.749327
validation,0,1,-0.761427,1.615387,-1.066977,1.821435,-0.181345,0.577643,-0.470289,-1.024371,-0.229297,1.579278
validation,0,1,2.032135,1.78629,0.183883,-0.31741,0.106058,-1.00383,-1.24239,-0.889605,-0.675305,-0.947178
validation,0,1,0.391021,-0.353262,-0.185736,-0.641037,-0.376556,1.239188,0.280289,1.275691,0.535919,-0.369451
validation,0,1,1.977619,0.81386,1.11608,2.066339,0.325394,-0.273394,0.660568,0.139152,-1.519044,-0.95369
validation,0,0,-0.232737,-0.659239,-1.243456,0.708571,-0.490508,-0.966317,-0.046265,-2.178924,2.158544,1.159297
validation,0,0,-1.3304,-1.176456,-1.902252,0.413727,-0.834213,-0.75004,0.646129,0.565341,-1.534683,0.749441
validation,0,0,-1.440023,-1.995154,-0.039682,-0.940851,0.27677,-0.69113,0.080801,-0.179016,-0.340905,-1.334299
validation,0,1,0.131425,2.180747,0.524704,1.435921,-0.70672,-1.038287,-0.480951,0.91171,-1.194411,-0.361119
validation,0,0,-0.618568,-0.228463,1.102056,0.035477,-0.688467,-1.426074,0.943824,-0.255963,-1.034731,0.454526
validation,0,1,0.109186,0.263699,0.425098,-0.499888,1.334001,-0.857695,1.148422,0.763849,-1.203652,0.064149
validation,0,1,1.117444,0.223537,1.015058,-0.239552,-1.019297,0.497766,-1.304935,-0.667562,1.149467,0.96335
validation,0,1,0.121275,0.529719,-1.667043,1.276391,-1.221685,-0.850984,1.003278,0.124404,2.015401,0.675064
validation,0,0,0.507792,-0.518544,1.008176,-1.417075,0.064543,-0.709176,0.597022,0.09615,-0.916952,0.758852
validation,0,1,1.308985,2.323079,-0.954354,-0.137551,-2.158973,0.877269,-0.310415,1.048873,0.629708,-0.076857
validation,0,0,-1.12347,-1.254661,-0.6385,-2.547729,-1.43823,-0.551956,-0.671062,-0.031896,0.858445,0.173411
validation,0,1,1.258098,0.319828,1.382119,0.682446,0.916731,1.743616,0.394698,0.237271,1.984042,-0.008577
validation,0,0,0.46341,0.336866,-1.690627,0.056655,-1.169975,0.606996,-0.24751,-1.841605,0.600347,-0.419693
validation,0,1,-0.398441,-0.282754,0.785481,-0.356152,1.114962,0.672632,0.054343,0.496322,-0.649059,-1.752923
validation,0,0,0.034409,-0.680996,0.776357,-0.011261,1.481289,0.709391,-2.105854,1.169159,1.083106,0.459014
validation,0,0,0.916245,0.56896,-0.603186,-0.066661,0.632565,-0.174133,0.831994,0.003852,-0.669813,-0.353867
validation,0,0,-0.97713,0.688458,-0.746423,-0.314888,-0.385795,-1.192154,1.069953,-0.423404,-0.85628,0.000727
validation,0,0,2.376923,0.53037,1.360039,-0.058559,1.38605,0.598064,-0.642716,-1.084115,-1.398135,-1.630739
validation,0,0,0.205634,-0.626909,1.240392,-0.864317,0.105536,-0.376183,0.9589,-1.063146,-1.045018,-0.792696
validation,0,0,0.405701,-1.579725,-2.118396,-1.494151,-0.25394,-1.658581,1.803967,-0.965365,-0.701356,-1.295994
validation,0,1,-0.336178,0.866047,0.490381,-1.107328,-2.062714,0.048358,1.125439,-2.472578,-0.467893,0.845081
validation,0,1,0.38453,0.545383,0.519907,-0.629395,-1.668074,-0.560751,0.417166,0.06731,1.048535,0.725059
validation,0,0,-0.39386,-1.007867,0.770419,0.365946,-0.768227,2.161894,-1.00851,0.136221,-1.132211,0.611345
validation,0,1,0.590132,0.254839,0.556933,1.154145,1.204067,-0.11979,1.074241,-0.391757,-1.039262,0.6387
validation,0,1,0.647255,-0.303159,-0.122965,-1.108055,-1.047859,-0.680531,0.563394,-0.640939,-0.873022,0.236896
validation,0,0,0.361068,-0.598249,-1.250616,-0.649085,-0.443489,0.358493,-0.104738,-0.269892,0.393788,-0.278863
validation,0,0,-1.638863,0.23908,0.182374,-0.701613,0.975124,-0.96742,-2.285237,-1.501032,-1.202028,-1.060942
validation,0,1,1.301297,0.928494,1.832858,1.656222,-1.10185,0.410271,0.763574,0.444822,0.298993,-1.132205
validation,0,0,-0.912689,-0.355683,1.011043,-1.23703,0.908717,0.308001,-0.297567,-0.445286,1.555433,-0.005948
validation,0,1,1.163746,0.003459,-0.607732,1.336616,-1.359428,-0.120912,-0.607505,1.500112,-0.61416,0.473802
validation,0,0,0.256118,-0.423228,-0.338774,1.05409,0.125398,-0.676271,-0.611076,0.417293,0.747358,-1.081494
validation,0,0,-0.72137,0.678895,1.997219,-2.451226,-0.144414,-0.954742,-0.202282,-0.254802,0.370244,1.752503
validation,0,0,-1.018135,0.007837,-0.51641,-1.426029,0.289653,0.215445,-0.21696,1.066704,-0.352323,-0.123757
validation,0,0,0.650768,-0.384828,-0.417506,0.454995,0.152926,0.105462,-0.083839,-0.182517,-1.857526,0.665037
validation,0,0,-1.66419,0.16317,-0.945139,-0.156542,-0.604788,1.132094,0.754415,-0.30835,-0.516034,0.079093
validation,0,0,-1.966208,1.628596,-0.759234,-0.532839,-1.112313,0.689472,0.032991,1.147689,-1.240539,-1.611767
validation,0,1,1.514281,-0.522053,1.270998,0.368276,0.199603,1.629915,-0.117402,0.25715,0.786756,-1.173131
validation,0,0,-0.833993,0.164955,-0.654073,0.824032,0.414171,0.83364,-0.026731,0.984143,-0.427405,-0.431771
validation,0,0,-0.144219,0.640537,0.454424,0.249454,-0.870124,-1.150296,-1.200974,1.490683,-0.369367,0.494045
validation,0,0,-0.191484,0.79278,-0.729294,0.910915,-2.526681,0.080114,-1.65363,-0.76569,0.299032,-0.599327
validation,0,0,-0.913504,0.673924,0.887344,-0.19483,-1.214069,-0.057132,-0.716181,0.87786,0.103917,0.570692
validation,0,0,0.296982,-1.122706,-2.017133,1.211493,-2.7444,-1.373071,0.309462,1.542436,-1.510034,-0.497098
validation,0,0,-0.053633,0.526351,0.17577,0.081699,-0.148195,-0.081355,-0.025916,1.244054,0.190833,1.171401
validation,0,0,-0.550549,0.200162,0.680462,-0.366959,1.359088,0.288324,-0.749564,1.325348,0.977537,-1.740937
validation,0,0,-0.526309,-0.534719,-0.199242,-1.319376,-1.073193,0.356172,-0.004018,-0.741627,-0.464112,0.282168
validation,0,0,-1.438513,-0.287459,1.403238,-0.868394,-1.185245,1.309203,-1.494645,0.407176,-0.463787,-2.368131
validation,0,1,0.64976,1.184086,-1.395826,-1.787471,-0.258422,-0.300456,-1.416377,-0.509822,1.722638,0.464372
validation,0,0,0.348439,1.147346,-1.428718,1.083958,0.939192,-1.204502,0.853788,-0.379374,-1.033729,-0.428729
validation,0,0,0.672788,0.388363,-0.499089,-1.783775,0.946002,-1.029636,0.487706,-0.31564,0.411482,0.256909
validation,0,0,0.452264,-0.903757,-0.047592,-0.826142,1.891913,1.102518,-0.990055,-0.284474,-0.14131,-0.601086
validation,0,0,-0.073786,-0.070049,-0.620859,-0.69169,0.319724,-0.231521,1.86146,-1.074064,0.411955,0.069791
validation,0,1,1.283936,0.11808,-0.57947,1.367739,-0.876813,-0.055066,-0.242122,0.010017,-2.649326,0.630999
validation,0,0,0.243748,0.505158,0.7365,-1.800838,1.536796,-0.61255,0.66211,1.531073,0.034,0.051055
validation,0,0,-0.205405,0.89576,-0.53654,-1.897145,-0.156133,0.606625,0.340151,0.829156,0.542861,-0.415467
validation,0,0,0.454861,-0.522086,-0.921306,0.20054,-0.371456,0.870319,0.328718,-0.016128,-0.354942,-1.870057
validation,0,0,-1.44429,-0.448096,-0.902894,1.067737,-0.880497,1.016486,0.64023,-0.780384,0.054352,-0.554129
validation,0,0,-0.51723,-1.024268,-1.386713,-0.319647,-1.039249,-0.697378,-0.209757,-0.401551,-0.522245,-0.941295
validation,0,0,1.601933,0.248362,-2.039211,-0.30278,-0.147924,0.457616,-0.907696,-2.639464,-0.596891,-0.899931
validation,0,0,0.780544,1.423806,1.278753,-1.137939,-0.230714,1.191637,1.612407,-0.514546,-0.922567,3.453387
validation,0,0,-3.628723,0.117652,0.121316,0.436305,0.011645,-0.72096,1.073179,-0.250583,-2.089879,-0.032448
validation,0,0,0.049315,-0.08132,-0.455885,0.357864,-0.111693,-0.077793,-0.200597,-1.182879,-0.273431,0.078539
validation,0,0,-0.504246,0.297609,-0.730432,-0.75416,-0.322504,-2.029193,0.646731,-0.340254,0.870133,-0.567101
validation,0,0,-1.438735,-1.528045,-0.804747,-0.457006,0.702686,-1.379833,-2.466982,-0.556967,0.756915,-0.850577
validation,0,1,1.571408,1.614097,-0.510411,0.000976,-0.567592,1.972126,-1.591927,1.089713,0.080668,-1.025556
validation,0,0,1.385332,0.222356,-0.740434,-0.697368,1.398314,0.263816,-0.997055,0.490937,0.48732,0.859144
validation,0,0,2.023248,-0.300077,-1.254548,-0.730811,-0.176762,-1.864623,-1.347029,1.921833,-0.408008,1.169027
validation,0,1,-1.006831,0.007907,1.285967,0.55699,0.927552,-0.410195,-0.98002,-0.409379,0.96097,-0.708881
validation,0,0,-0.611176,0.630414,-0.30896,0.585606,-1.108754,0.537252,-0.146429,-0.781448,-0.233264,-0.021886
validation,0,0,0.726766,-1.767427,0.756249,-0.574524,0.910979,0.228904,2.388144,-0.520533,0.001192,0.689823
validation,0,0,-0.16879,-0.156472,-0.829254,-1.29292,-0.487803,-0.189587,1.232508,-1.063513,-0.068893,-0.811947
validation,0,0,-0.588896,0.136124,0.202164,-0.707253,-0.818992,0.188304,0.545983,1.449802,0.569621,0.143911
validation,0,0,-0.308952,1.165031,-1.15863,-1.828725,1.468046,0.571871,-0.609188,0.7481,-1.098465,-0.226003
validation,0,0,-0.396588,-1.105009,-0.643245,0.507277,-0.344162,-1.741559,1.329465,-1.225855,0.079931,-1.589041
validation,0,0,-1.731299,0.993629,-0.425213,-1.628311,0.407247,-1.541255,0.010161,0.106609,-0.13702,-0.60272
validation,0,0,-1.603214,-0.966531,0.890411,-0.507224,0.7647,2.01447,0.347454,-1.252608,-1.200114,-0.209908
validation,0,1,0.500175,0.515998,1.424294,0.581523,-0.202943,-0.262291,0.523977,-1.540603,-2.124285,0.290603
validation,0,0,0.794787,0.944311,0.584433,1.198833,0.383892,-0.954086,1.814644,0.115001,-1.547608,0.415887
validation,0,0,-0.103891,-1.559461,0.833186,1.50779,1.063494,0.573353,-1.838813,0.169606,-0.645263,-0.198874
validation,0,0,-0.378037,-0.359358,-2.32287,0.541683,0.008301,0.764222,-1.006257,0.156359,1.956759,-0.662163
validation,0,1,1.17359,0.660083,1.453937,-1.88498,-2.217141,-0.186335,-1.172207,0.941267,-1.754457,-0.140358
validation,0,1,1.51675,-0.299509,-1.368529,0.973055,-1.17075,0.70599,-0.700724,0.01549,0.143314,-1.669477
validation,0,1,-0.088155,1.208152,-1.296586,-0.131162,1.542157,1.156456,0.304548,-0.58454,0.327526,-1.043719
validation,0,0,-0.71883,0.108531,-0.185225,-0.351132,-0.17059,-1.361227,1.322335,1.930796,-0.010555,0.557661
validation,0,1,-0.50556,1.459077,1.213441,1.023161,1.157504,-0.843928,-0.036566,-1.462702,0.108266,1.201512
validation,0,0,0.493568,1.652496,-1.138009,-1.069274,-0.5638,-1.09864,-0.276433,-0.181971,-0.335976,-1.708862
validation,0,1,-0.194518,-1.341983,0.454533,0.956988,-0.332874,-0.445556,-0.165373,-0.516142,-1.044693,-0.252385
validation,0,1,2.371941,1.8873,0.486692,-0.054739,-0.518115,1.623451,-0.343984,1.389298,0.849762,-0.373786
validation,0,0,-0.535265,0.1625,0.505522,1.101584,0.877447,-0.909872,1.668417,-0.570422,-2.610263,1.352915
validation,0,0,0.111194,-0.406371,1.409978,-2.585227,0.313754,0.406212,0.292661,-0.379089,-2.087498,-1.249261
validation,0,0,-0.857851,-0.313223,-1.144095,-0.816176,-0.336775,-0.855632,0.399994,0.762195,0.809193,-0.100144
validation,0,0,-0.052284,-0.21222,-2.403348,-0.515812,-2.491199,-1.041805,0.415782,-1.451559,1.36009,-1.754037
validation,0,1,-0.28314,-1.384892,1.535336,0.521081,1.46341,-0.556355,0.608643,-0.17652,1.196764,1.376348
validation,0,0,0.345481,-0.299359,-1.075276,0.846188,1.100316,2.01128,-0.702578,0.962573,-2.197214,-0.610458
validation,0,0,0.691722,-0.150772,0.341318,1.663006,-1.432079,-0.143093,0.945067,0.180996,0.692819,1.282153
validation,0,0,-0.22921,-1.443066,0.458991,-0.587527,-0.303615,1.149114,-0.044739,-0.423952,1.146727,2.256024
validation,0,0,0.883963,0.028403,-0.439928,-1.079288,-0.148502,0.502016,-0.824193,-0.236312,-1.400446,-0.167338
validation,0,0,-0.363293,-1.277989,-0.193781,-0.395775,-0.078898,1.588376,0.991918,-0.421394,0.706692,-0.504758
validation,0,1,-1.067795,0.543412,0.355829,-0.064666,0.23815,-0.155483,1.001004,-0.415556,0.306803,0.557934
validation,0,1,-0.642057,-0.611201,-0.751819,0.457258,-0.413719,0.107891,0.929831,2.164212,0.806098,-1.251334
validation,0,0,-1.535564,-1.402854,-0.788769,-1.485928,0.039713,0.585914,-1.31946,-1.92365,1.053468,0.727951
validation,0,0,0.431167,1.090015,-0.717812,0.832983,-1.108489,-0.660745,-1.09374,-1.077877,1.737497,0.475185
validation,0,1,0.320638,1.902223,1.64456,-1.798045,-0.556177,-0.481778,1.53873,-0.56768,-0.652703,0.287488
validation,0,0,-1.18259,-1.036972,0.929286,-0.469534,0.712389,-0.316334,0.647879,0.02261,0.709368,-0.73708
validation,0,0,-0.868763,-1.086388,-0.847166,0.411041,-1.364343,0.072249,0.765746,0.131255,0.835836,-1.929076
validation,0,0,-1.374396,-0.924488,1.531846,0.007206,0.570347,0.433865,-1.020495,1.612358,1.414919,1.014088
validation,0,1,-0.086591,-0.041206,0.369128,0.95797,0.119363,-1.333205,0.358735,-0.447654,1.379969,1.158134
validation,0,0,-0.668033,0.801971,-1.207567,0.80762,1.09597,-0.703837,-0.355357,-0.663337,1.543038,0.078353
validation,0,0,-0.902459,0.172834,0.524468,-0.951026,-0.150714,-2.683843,-1.293804,-0.610193,-1.350086,0.710177
validation,0,0,0.125133,0.828872,-0.352042,-0.088062,0.419387,-1.031987,-0.996954,0.503422,0.322447,0.990335
validation,0,0,-1.237853,0.87547,-0.116177,0.652071,2.3526,0.570721,0.999676,-0.846792,0.642904,0.829704
validation,0,1,0.578278,2.193638,0.572628,1.281167,-0.105028,-0.698306,0.165185,-0.850818,0.172083,-0.087089
validation,0,0,-0.770094,0.714914,-1.671766,0.46926,0.132217,0.980326,0.436855,0.055699,-0.776946,-0.674266
validation,0,1,1.642391,0.868875,-0.001837,-1.042931,-1.623533,-0.76559,1.205529,0.200855,-0.414032,0.591855
validation,0,0,-1.573257,0.011387,0.15821,0.340652,-0.098305,-0.885427,-0.660082,1.737991,-0.002929,1.285445
validation,0,1,0.036286,-0.166451,0.869464,-1.153712,0.321098,0.913548,0.558124,-1.823357,-1.990493,0.739692
validation,0,0,0.428912,-1.296523,0.489582,-0.937334,1.968961,0.152286,-0.993946,-0.799673,0.937151,0.107965
validation,0,0,-0.00812,0.291816,-2.381459,0.015179,1.725807,1.152169,0.402687,1.983909,-1.122257,0.567191
validation,0,0,-0.709412,-0.92667,-1.049665,0.211401,0.80706,-0.919904,0.701685,-0.378374,-0.91753,-0.658312
validation,0,0,0.133184,1.383693,0.751506,0.31561,-1.341829,0.686446,-1.381509,0.915705,1.771349,-1.00244
validation,0,0,-1.117723,-0.223796,-1.366643,-0.591944,-0.898273,0.668239,0.519182,0.259495,-0.224007,0.216893
validation,0,1,1.592275,-0.804402,-0.016163,-0.898955,-0.908578,-0.648931,0.024017,2.359139,0.547312,0.183184
validation,0,0,0.922967,-0.835139,0.279129,0.236554,-0.265179,1.22394,0.492426,-0.958219,-0.377601,-1.880862
validation,0,0,-0.883059,-0.015023,0.085046,-1.982033,0.023463,-1.236593,-1.66407,-0.018323,-1.657742,0.068381
validation,0,0,0.161335,0.028418,-0.839706,0.693099,-0.248675,0.603385,-2.232578,0.109429,1.028429,-1.164446
validation,0,0,0.310893,-1.284858,0.776574,0.471585,-0.765099,0.022005,0.329558,0.622612,-0.938231,-1.627383
validation,0,0,-0.377928,-0.134902,-0.539576,0.051919,-0.280718,0.521987,-0.221167,-0.144415,-0.44457,0.800947
validation,0,0,0.683613,0.535712,-0.47966,-0.199027,-0.614085,0.213519,0.033066,-0.659361,-1.435976,-0.46762
validation,0,1,1.307862,0.221075,0.593026,-1.419994,0.537428,1.608114,0.024882,-1.003007,0.212846,-0.316367
validation,0,1,0.196402,0.460376,0.796774,1.625552,1.160789,-1.094084,-1.96505,0.19725,0.282255,-1.065929
validation,0,0,-1.947232,-1.183057,0.39999,0.411644,-0.314887,-0.760921,-0.593285,0.989422,-0.851405,1.087801
validation,0,0,-0.306706,-1.669506,-2.18982,2.094511,-0.110065,0.797149,-0.347278,-2.102694,-1.488108,1.190138
validation,0,0,-0.030775,0.198738,0.972589,-1.077097,-1.170997,-0.501803,-0.204009,0.371547,1.773719,-0.075441
validation,0,0,-0.598949,0.189291,0.327979,0.219942,1.498704,1.333983,-0.84879,-1.041985,-0.831589,0.645102
validation,0,1,0.964793,-0.562203,-0.424062,0.648212,-1.041678,-0.711175,-1.083248,-3.464199,-0.972971,-0.123855
validation,0,0,0.034977,0.106395,0.663712,0.491342,-0.046096,0.940504,-0.054018,0.015102,1.020546,1.013292
validation,0,0,0.872613,-1.35689,-0.309889,-2.100806,0.258291,0.772426,-0.675779,-1.062449,2.095328,-1.0251
validation,0,0,0.020776,0.748011,0.838092,0.069266,-1.135107,0.269057,-1.604771,-0.03458,-0.378586,0.762215
validation,0,0,0.44865,-0.858267,-2.149313,-0.444987,-0.804371,-0.628792,-0.092249,-0.248209,0.256538,-1.282501
validation,0,0,0.788332,0.870637,-0.648932,1.839632,-1.36122,2.31454,0.631369,-0.072383,0.275988,-1.418437
validation,0,0,2.091326,-2.7993,0.744646,-0.488553,1.406577,-0.749863,1.179773,2.072505,1.620865,0.644707
validation,0,1,1.448897,0.532971,0.565201,0.906081,1.141685,0.586269,-1.025723,0.652596,1.301002,0.797656
validation,0,1,0.435683,-1.208167,-1.678003,1.180209,-3.271512,-0.603494,-0.096104,-0.035232,0.071767,0.027484
validation,0,0,0.533029,-1.061155,0.984219,0.586787,0.665278,-1.437797,0.771884,-0.802143,0.174579,-0.347389
validation,0,0,0.951873,-0.691016,-0.508564,-0.370283,-0.452365,0.250151,-0.423193,0.593425,-0.426188,0.541552
validation,0,1,0.281336,0.76209,1.231847,0.713013,1.414422,0.688811,-0.703443,0.444777,-0.365583,0.42213
validation,0,0,0.724586,-1.081224,-0.241309,-0.469027,0.405807,0.603801,-2.798156,-2.114429,-0.361174,0.086384
validation,0,0,-0.638411,0.250232,-0.288999,-0.979455,-0.708257,1.19366,-1.173084,-0.254719,-1.16787,0.993923
validation,0,0,0.80002,-0.907679,-0.914954,-0.847918,0.72789,0.578371,0.422251,-0.448326,-0.304787,-0.426005
validation,0,0,-0.364071,-2.39491,0.110002,-0.281799,-2.670943,0.207828,0.324623,-1.06724,0.217909,-0.089519
validation,0,0,-2.342749,0.796118,1.45639,-0.512987,-1.204268,-0.278306,-1.137024,-0.452298,-1.179335,-1.022409
validation,0,0,-0.505853,0.061264,-1.136838,-0.640118,-0.053464,-1.14233,0.104027,0.123784,-0.684261,-0.174217
validation,0,0,-0.132086,-0.896053,0.323366,0.413629,1.488065,-0.214411,-1.207873,0.364247,-0.389292,-0.901464
validation,0,0,-0.28385,-0.8141,0.363957,-0.192811,-1.006285,-1.715296,-0.047639,1.014865,1.253913,0.431031
validation,0,0,0.827443,0.778621,-0.878146,-0.291355,-0.064836,-1.38506,-1.584913,-0.242945,-0.005862,-0.807789
validation,0,1,0.130882,-0.43229,-0.177391,1.063974,-0.466801,-1.266453,0.921514,0.30771,0.223865,-0.016924
validation,0,0,-0.249012,-1.197549,-1.693047,0.291496,-0.055131,1.944991,-0.453688,0.364461,-0.170077,-0.323291
validation,0,1,-0.008801,-1.164091,1.619805,-0.221849,0.736594,-0.975604,-0.257243,-1.381154,-0.686594,0.456495
validation,0,0,0.537651,0.902651,-0.606105,-2.165994,1.175185,0.962704,-0.485026,-0.684285,-0.723026,-0.116649
validation,0,0,0.440723,1.300894,-1.598324,-1.424016,0.035248,-0.018751,-0.490103,-0.910114,-0.394779,0.995883
validation,0,0,1.210296,-0.389387,0.367171,0.220476,0.165356,-0.895319,-0.419529,-0.485189,0.253376,-0.901648
validation,0,0,0.814628,-0.679555,0.067306,2.231288,-1.436844,-0.308878,-1.100435,0.021087,0.885036,-0.661615
validation,0,0,0.375639,-0.680013,0.468444,0.715455,-0.189029,-0.051514,-2.000837,0.154335,-0.584051,-0.742403
validation,0,0,-1.32278,0.750801,-0.964732,-0.575455,-1.14761,-0.580444,-0.79469,0.829403,0.43278,0.055519
validation,0,1,0.665765,1.891913,-0.113397,-0.110024,-0.407548,0.36539,-0.682874,-2.903746,-1.924883,1.462335
validation,0,0,0.042092,-0.965762,-0.799046,-0.536617,0.21949,0.373078,-0.518058,-1.256681,0.7626,-1.727082
validation,0,0,-1.251428,0.102398,0.384553,1.763881,-0.710752,-1.792258,-1.392394,0.554841,-1.331067,0.023463
validation,0,1,0.544422,1.128611,-0.11069,-0.465838,-1.09192,-1.034411,1.132431,0.350862,2.194048,0.840773
validation,0,1,-0.237586,1.180583,-0.367818,0.990655,0.905304,-0.796758,0.825077,-1.118906,0.673207,-0.404799
validation,0,0,0.337891,1.121189,-1.023828,-0.100473,0.382854,0.561327,-0.448111,0.452218,1.068873,-0.448274
validation,0,0,-0.629573,0.171706,-0.612439,0.34196,0.01171,-0.424754,1.113295,-0.268959,0.400546,-0.093096
validation,0,0,-0.261347,0.013813,0.681277,-0.867162,-0.785952,1.547772,-2.252591,-0.21472,-0.65607,-0.824609
validation,0,1,0.554891,0.934424,-0.224265,0.702329,1.093237,-0.417698,0.355997,0.466875,-0.913866,0.198159
validation,0,0,-0.922013,-0.611411,0.033926,0.309565,-1.615197,-1.74779,0.356147,0.201803,-2.036178,1.776369
validation,0,0,1.888282,-0.683459,0.108572,0.882425,-0.476449,-2.201655,0.915671,1.310744,0.962219,0.971482
validation,0,0,-0.603537,-2.69317,-1.725022,1.504201,1.729228,0.235724,-0.945365,1.335867,-0.56205,0.948375
validation,0,0,-0.322953,-0.682328,-0.709438,0.450652,0.426998,2.04861,-0.291053,0.126672,1.417363,-1.844495
validation,0,0,-0.060325,-0.283412,0.395863,1.187521,0.144594,0.005816,0.927164,1.41569,-0.398062,-1.145773
validation,0,0,0.16433,-1.897933,0.227131,0.062325,-0.141637,-1.343556,0.902384,-0.568206,-0.997257,-0.654313
validation,0,1,0.943074,0.000874,0.937915,-0.681007,-0.426942,0.64051,-0.353947,-0.385073,-0.632109,-1.690882
validation,0,0,0.210144,-0.607294,-0.036031,0.509484,2.275166,0.337753,-0.929691,-0.620891,-0.066176,-0.63267
validation,0,0,-0.981924,0.087473,0.370608,0.491391,0.7218,-0.12899,-0.848242,0.837265,2.015366,1.157076
validation,0,0,-2.684595,0.849856,0.366449,0.73579,1.919475,0.174085,-1.191758,-0.641506,-0.723588,-0.431526
validation,0,0,-2.3729,-1.457119,-1.143541,0.729459,0.523688,0.077333,0.824052,0.204093,1.633838,-1.084966
validation,0,0,-0.022408,-0.250874,-0.362329,0.82049,-0.753955,-2.923727,1.037262,0.074448,0.070733,-1.414409
validation,0,0,0.79338,0.722687,0.367876,-0.257852,0.814119,-1.728595,-0.396769,0.717992,-0.227481,-0.463007
validation,0,0,-2.626106,-1.143452,1.184177,0.214446,-0.281644,1.865677,-0.712595,-0.518365,1.308611,-0.281429
validation,0,1,1.002135,0.03438,0.573204,-0.461011,-0.63306,-0.016719,-0.26269,0.262707,0.357425,-1.003501
validation,0,0,-0.489433,-0.743584,-0.551965,0.155391,0.056125,-0.530624,0.356178,0.719664,0.821023,2.115295
validation,0,1,0.673985,-1.513259,-0.136303,-1.733596,1.339641,-1.952549,0.76065,-0.591864,-1.459834,2.062543
validation,0,0,-0.963908,-0.064316,0.99732,-0.887793,-0.675269,-0.099211,-1.306888,0.802037,-2.060878,-0.084582
validation,0,1,1.257264,1.609471,1.589857,-1.051451,-0.115651,-0.089795,0.796001,-1.006849,0.351598,-0.929044
validation,0,0,-0.978325,0.848303,-0.724258,0.135643,-0.445473,-0.499319,-0.153681,0.915755,-0.161202,0.134016
validation,0,0,0.273537,-0.128218,0.127057,-0.055064,-0.432376,-0.409152,1.048342,0.545833,-1.295614,0.187008
validation,0,0,-0.511373,-0.718208,2.661617,0.183892,0.734222,-1.526737,-2.387416,-0.009207,-1.045064,0.897729
validation,0,0,-3.164203,1.014628,0.613449,-0.975778,-0.986044,0.491936,0.582091,0.65932,0.99791,0.054754
validation,0,0,0.613465,-1.072858,-0.665298,2.054892,0.550187,0.798461,0.374144,0.634887,-0.96642,-2.07976
validation,0,0,0.966511,-0.097368,-0.801637,0.174643,-0.211884,1.899814,0.781641,-0.135066,-0.889962,-0.59808
validation,0,0,-0.258505,0.111838,-1.817111,-0.011304,-0.446997,2.282288,1.580391,2.094499,0.860974,0.578107
validation,0,0,1.510869,0.187437,0.778722,3.040842,-0.249594,-0.647582,-1.809081,-0.782942,1.017069,0.896098
validation,0,1,1.054219,-0.125367,0.77326,-2.360894,0.044641,0.335736,-0.58716,-0.495619,-0.300128,0.680574
validation,0,0,-0.18367,-1.063087,-0.533006,-0.146258,0.149419,0.092066,0.054193,-0.375782,-0.989607,0.387259
validation,0,1,-0.667452,-0.152889,0.890135,0.599124,0.583257,-0.355789,-1.377754,-0.834939,0.869918,-2.034698
validation,0,0,-0.565467,0.119988,0.484676,-0.071317,0.283579,0.932288,-0.627962,0.535917,-0.597262,1.308052
validation,0,0,-1.069779,-2.164123,2.471356,0.676746,-0.364625,0.424513,-0.694151,0.862427,-0.507703,0.512428
validation,0,0,-0.016656,1.205032,1.050832,-1.79713,-0.363319,0.665417,1.214207,-0.060934,1.093765,-1.432223
validation,0,0,0.658376,-0.271511,-0.073625,1.10199,-0.354159,-1.333529,-1.304147,0.026357,0.521483,0.425162
validation,0,0,-0.128343,-0.94824,0.219673,1.60438,-0.686824,0.030589,-0.183848,-0.322764,-0.598706,-0.395237
validation,0,0,0.750316,-0.065194,-0.647011,0.635977,-0.235318,0.463272,-1.167141,2.469978,-0.099489,-0.143625
validation,0,0,-0.454285,-0.479483,0.854529,-0.732346,-0.957017,1.431441,0.65915,1.179156,0.363509,1.284942
validation,0,0,0.356944,0.607418,-0.929834,0.303346,0.231813,-1.921507,0.725057,-0.552031,-0.963762,0.181047
validation,0,0,0.358318,0.710314,0.201271,0.575893,0.471433,-0.64712,0.489196,0.273159,1.909973,-1.102284
validation,0,1,1.201492,0.383481,2.324848,-0.028218,-0.230196,-0.104245,0.887754,0.194523,0.704357,0.205494
validation,0,0,0.630156,-0.85417,0.486343,0.394707,1.194739,-1.128178,-1.637688,0.654458,1.093762,-0.502791
validation,0,1,-0.361647,1.201197,-1.463562,0.505928,0.176533,0.631289,1.064402,0.581518,-1.427646,-2.375609
validation,0,0,-1.180279,-1.676189,-0.683326,1.425397,-0.507816,2.346563,-1.543169,0.656858,0.190095,-1.000585
validation,0,1,0.05143,-0.660398,1.252011,0.796359,0.975866,-0.398695,-0.213848,0.242134,1.533465,-2.237711
validation,0,0,-1.427603,-0.494445,-1.012797,0.529436,-0.173373,-0.264774,1.656497,-1.223136,-2.354424,-0.544837
validation,0,0,-0.748652,1.087213,0.096469,-1.36009,0.864359,-0.286951,1.591043,1.091195,0.008725,-0.88732
validation,0,0,-0.453857,-0.949621,0.58586,-0.310414,-1.657512,0.739432,0.937663,-0.471438,1.38423,0.249777
validation,0,0,-1.784947,1.867117,-0.126003,-0.078886,0.277465,-1.392967,-2.116005,-0.513872,-1.715758,1.914774
validation,0,1,-0.01636,1.514927,1.274581,0.965495,0.939085,1.42831,-1.121384,-0.224406,-1.210162,-1.335118
validation,0,0,0.117045,-1.494051,-1.056126,0.714552,-0.556618,-0.289119,-1.687557,0.63403,0.592958,-1.590503
validation,0,0,-0.833131,-2.407721,0.402746,0.087606,0.173661,-0.106306,0.830635,0.292505,0.598311,1.215425
validation,0,0,-1.839903,1.522121,1.863933,-0.426878,-0.974429,-0.055434,-1.115605,1.579836,-0.016195,1.397777
validation,0,0,-0.159915,0.397974,-0.183992,0.546013,-0.064931,-0.278492,0.207519,1.215808,2.763983,-0.150511
validation,0,0,-0.981743,-0.063509,-1.482866,0.459279,-1.750484,0.62084,-0.355446,-1.595908,0.956879,0.46256
validation,0,0,-0.495084,0.16187,1.173405,-0.223952,-0.549171,-0.391927,0.769439,0.5531,-1.092793,0.491788
validation,0,1,-0.594297,1.934617,0.428317,-0.419057,1.408415,1.001465,0.853054,-1.332994,0.158394,-0.062828
validation,0,0,-0.675598,-1.0181,1.328244,0.164282,-0.058964,-1.583456,0.108527,-0.225053,-0.800293,-0.077697
validation,0,1,0.230538,0.146019,1.004863,-0.456923,0.89113,-1.198151,-0.033044,0.496042,0.379893,0.020956
validation,0,1,-0.557694,-0.538204,-0.055664,1.000277,1.841648,1.046574,0.709707,-0.090004,0.301756,-0.352643
validation,0,0,-0.756102,0.993337,-0.604663,-0.055575,0.396503,0.27961,-1.389021,0.579242,0.586089,-0.352504
validation,0,0,-1.111818,-0.720193,-0.852323,0.456086,-0.606937,-0.356789,-0.564651,0.374959,0.749559,1.53678
validation,0,1,1.556009,-0.610781,-0.566396,-1.551582,-1.373454,0.822434,0.501365,-2.112158,1.282932,0.823859
validation,0,0,-0.175537,0.036736,-0.5098,-0.083928,0.349985,-1.476586,1.185984,-0.832772,0.507843,0.733312
validation,0,0,-1.160453,-0.012492,0.2214,0.598624,0.362081,0.678086,1.51152,0.86119,-0.682728,-0.104699
validation,0,1,1.389916,0.105556,0.059884,-0.403501,0.569649,-1.133948,-1.510753,1.325035,0.810422,0.388732
validation,0,0,-0.246807,-0.732715,0.088222,-0.192111,-0.289651,-0.068168,1.184646,-0.200589,-0.314085,0.127095
validation,0,1,1.383941,1.610529,-0.919338,-0.229234,0.520683,0.254956,-0.402907,-0.34098,1.069463,0.409131
validation,0,0,-0.05726,-0.547536,-1.79923,0.500478,-0.883978,1.902203,1.125148,-0.447104,-1.334334,-0.23346
validation,0,0,-1.582678,0.131613,-0.305371,0.629527,-0.500986,1.895898,0.069562,0.25836,-1.413903,-0.402481
validation,0,0,0.686721,-0.537394,-1.632825,-0.410413,-1.32111,-1.279734,0.596754,0.364239,-0.57592,-0.154283
validation,0,0,-0.089416,-0.05435,-0.454463,-0.142918,-0.325201,-1.448479,1.820747,0.600385,-1.566181,0.633744
validation,0,0,-0.63582,-0.63422,1.076033,-1.904861,-0.967893,0.871172,0.008597,-0.031773,0.573066,0.382041
validation,0,0,0.38722,1.671309,1.399588,-1.741978,1.020995,0.59992,-0.952354,-1.33596,-0.46022,0.971486
validation,0,0,-0.661095,-0.00061,1.507458,-0.021659,-0.315451,-0.075956,0.558655,0.743248,-0.411729,0.44272
validation,0,0,0.20616,-0.770481,-0.035548,0.494026,-1.694254,0.112483,-0.434019,-0.140135,-1.232047,0.298893
validation,0,0,-1.620749,0.189285,-1.723304,-0.450552,1.229714,-0.386754,0.733612,-0.721738,0.495311,-0.350991
validation,0,0,-0.383579,-1.139009,-0.13603,0.300484,-0.298517,-1.248159,0.779744,0.133151,-0.36566,1.276354
validation,0,0,0.065162,0.478553,-0.948958,-0.150674,0.935251,0.757871,-0.330533,-0.185596,0.588888,-0.425312
validation,0,0,-1.249976,0.905723,-0.210018,0.674176,-1.138495,-2.035451,1.296552,-1.512666,-0.639615,-0.167153
validation,0,1,1.795306,1.292287,0.050566,-0.872101,-0.071078,-1.34292,0.94761,0.319341,-0.71598,-0.756268
validation,0,0,-0.058263,0.716149,-1.166112,0.481617,-1.04413,-0.903021,0.172713,0.400657,2.160633,0.185322
validation,0,1,2.315105,-1.628888,0.281965,-0.494424,-0.11664,0.240995,-0.837623,-1.548462,-1.4765,-1.742775
validation,0,1,-0.265653,-0.051604,1.19036,2.093154,-0.496965,-0.573352,-0.996394,-0.681709,1.529506,-1.579866
validation,0,1,-0.390768,-0.83999,0.926635,0.540925,-1.595102,0.986915,0.755161,-0.268166,-0.372085,0.712737
validation,0,0,0.064523,1.400713,-0.388592,-0.381677,0.313642,-0.796006,-0.395514,0.564665,0.187843,-0.376052
validation,0,0,0.587338,0.035922,0.067953,1.269349,-0.323258,-0.375511,-0.288905,-0.923773,-0.003647,2.372809
validation,0,1,0.582555,1.279521,0.440817,-0.024143,0.38497,-0.908665,2.678902,-0.400371,2.475276,-0.181385
validation,0,1,2.251178,0.040553,-0.192138,0.967014,0.107293,1.769155,-0.111132,0.427055,0.344397,-0.577849
validation,0,0,1.358905,0.473302,0.708901,0.127196,-0.128461,-1.065543,-0.533788,0.305547,0.596712,0.691319
validation,0,0,-3.232445,-0.128328,-1.326217,-0.424848,1.467455,-0.363807,-0.370488,0.320591,-0.554084,0.516977
validation,0,0,0.205507,0.122085,-0.477443,0.69295,1.165396,1.653862,-0.492324,1.458592,-0.503596,-1.644117
validation,0,0,-0.094261,0.966373,2.197538,-1.030362,1.475838,-1.025988,0.713334,-0.2061,-0.517425,0.027681
validation,0,0,-0.183018,-0.389663,-0.28318,0.98378,-0.220113,1.025638,0.60087,-0.354236,-0.778853,-1.422513
validation,0,0,-0.973859,-0.261484,0.809843,-0.35206,0.114282,-0.562005,1.623552,-0.066589,1.273448,1.135173
validation,0,0,-0.899655,-0.477085,0.730711,0.43909,-0.632664,0.646108,-1.805715,0.236384,-2.372081,-1.257828
validation,0,1,1.038645,-0.297948,1.36093,-0.829383,-2.516826,-1.800448,0.623261,0.49875,-1.657705,-0.125239
validation,0,0,0.994795,-2.179237,0.499318,-0.281935,0.462128,0.310074,0.086632,0.431536,-0.129743,-0.858815
validation,0,0,-0.3297,1.029505,1.895984,-0.384459,1.536849,0.164114,0.400064,-1.330248,-0.740983,-0.305298
validation,0,1,1.64357,1.061339,-0.641593,-0.66115,-0.151395,1.094476,0.568462,0.635931,0.722837,-1.002936
validation,0,0,0.171526,-0.800069,-0.113265,-2.103225,-0.45234,2.103242,0.177893,0.870453,-1.121938,-0.375747
validation,0,0,-0.777547,-0.85772,-0.615104,1.037898,1.259196,-0.177898,0.330138,-0.09658,-1.791826,-0.319893
validation,0,0,-0.434619,0.745099,-0.294382,0.883666,0.153437,0.683014,0.743769,-0.2206,-1.952026,1.400262
validation,0,0,-0.439369,1.503826,0.480797,1.264721,1.148317,1.460796,1.014548,0.894745,0.666741,1.598559
validation,0,0,-0.258659,0.980467,0.996052,-0.312924,0.931125,1.159101,-0.686711,-0.431119,-1.657471,0.070051
validation,0,1,0.498962,-1.156479,-0.458577,1.493679,0.20509,2.822912,-0.71116,1.12901,-0.617762,-1.534042
validation,0,0,-0.584229,0.721427,-1.282737,-1.794032,-0.771575,-1.692831,-0.689571,-1.597049,0.328707,-0.585009
validation,0,0,-0.950259,0.659906,-0.732262,1.032385,-0.565142,-0.585102,-1.686511,-0.103013,1.978503,0.488128
validation,0,1,0.606767,0.260755,0.441,1.270521,0.489029,0.233597,-0.860146,-0.520099,0.233255,-0.727419
validation,0,0,0.270098,1.031393,-0.535212,0.528489,1.089474,-1.144919,-0.08324,-2.136757,3.074154,-0.623527
validation,0,1,1.020681,0.0281,1.195086,0.546312,-0.395999,1.696133,0.233807,1.503479,-0.262936,-0.110016
validation,0,0,0.609242,-0.333886,0.201752,0.040832,0.442307,0.046929,-1.689003,1.814597,0.900202,0.727931
validation,0,1,2.225012,-0.550134,0.629881,1.422897,0.525247,-1.110585,-0.601447,0.959354,0.867673,0.028359
validation,0,0,-1.804141,0.620804,-1.597976,-2.052147,-0.260869,0.323124,0.158337,-0.333343,0.660362,1.028531
validation,0,0,0.373985,0.850941,0.167819,-4.270209,0.342453,-0.186297,2.404805,-0.855379,0.766914,1.434525
validation,0,0,-0.209749,-0.086357,-0.313727,-0.26555,-0.631732,-0.713781,-2.085234,-0.712494,0.278834,-0.683682
validation,0,0,-0.226052,-0.849702,0.7243,-0.484369,-0.923573,-0.55629,0.713102,-0.637996,-0.522466,1.098181
validation,0,0,0.054974,1.154288,0.311393,0.062945,-1.170512,0.457784,-1.599799,0.879607,-0.608942,1.587404
validation,0,0,-0.239696,0.552463,-1.969363,-0.011255,0.289809,0.047553,1.151344,-1.116398,0.63349,-0.658742
validation,0,0,0.040047,-0.074752,1.640076,-1.031161,-0.225198,-0.061592,0.758832,1.325692,-0.892807,-1.757373
validation,0,1,-0.238604,0.502124,0.629346,-0.191669,1.1296,-0.09011,2.021028,0.404453,-0.521709,0.42284
validation,0,0,-1.634492,1.283526,0.280733,-0.254013,-1.831046,1.182954,0.858563,-0.483942,0.23669,-0.097229
validation,0,0,1.096096,-1.651405,1.23258,1.046416,0.078339,-1.223224,-0.019817,0.798129,0.797381,1.211074
validation,0,1,1.948178,-1.63366,0.144548,0.805463,0.048652,-0.499384,0.665262,1.121479,0.926529,-0.711835
validation,0,0,-1.081485,-0.478447,1.087046,-0.339085,-0.685915,-0.4868,0.255104,1.103743,-0.922454,0.17463
validation,0,0,1.488907,-0.15655,-0.6421,-1.106165,-0.063286,0.557585,-2.022662,-0.946601,-0.966997,-0.247952
validation,0,0,0.003963,-0.685019,0.696911,-0.387955,0.87719,-0.312764,-1.606529,-0.611321,0.109469,0.250782
validation,0,1,1.520902,-0.04835,0.356575,-2.021967,-0.701924,2.310963,0.618064,-0.708581,-0.361851,-1.289352
validation,0,0,1.731473,-0.016773,-0.200052,-1.711489,1.780558,-2.124336,-1.740349,0.133681,-0.50643,0.885035
validation,0,0,0.450564,0.515032,0.055156,-3.456735,2.195392,0.263338,-0.311956,1.981237,-1.074293,0.299377
validation,0,0,0.96153,1.467204,0.38604,-0.049165,-0.551227,1.248026,-1.565135,-0.985431,-0.837666,-1.021657
validation,0,1,0.5686,0.840941,0.355385,0.409423,0.398181,-1.735251,-1.941028,-1.179762,0.531573,1.076589
validation,0,0,0.175735,-1.794369,0.400146,1.8338,-0.803029,0.940138,1.298235,1.217263,-1.706202,0.445799
validation,0,0,-1.102049,0.010796,-0.419306,-0.032666,0.262032,0.566109,-0.782637,-0.460719,1.538866,-0.016109
validation,0,1,-0.096597,0.837585,-1.102231,-0.441416,-1.497623,-1.21224,-0.05211,0.411842,-1.260021,1.601446
validation,0,0,-0.301699,-1.240215,-0.100538,-2.202425,-0.138749,-0.597734,1.003065,0.034388,-1.238748,-0.279307
validation,0,0,-0.641107,-0.748354,-2.03885,0.717569,-1.456527,-1.526062,1.593114,-0.27047,-1.722366,0.326461
validation,0,1,-0.140692,0.964728,0.804144,-0.634358,0.570684,-0.245012,-0.179731,-1.403802,1.458786,1.111855
validation,0,0,-1.428989,1.079912,1.575606,0.770494,-1.093917,0.250194,-0.297142,-1.226596,0.646251,0.368405
validation,0,0,-0.388173,0.629597,-0.999743,-1.192099,-1.415516,1.155851,-1.212398,-2.207969,1.166834,-0.436842
validation,0,1,-0.397986,-1.772672,0.613177,0.877165,-1.237187,-1.21974,-0.39792,-0.588745,0.407596,0.801265
validation,0,1,1.370107,-0.318918,1.469493,-1.103143,-1.037192,-1.630776,-1.371048,0.237345,-0.000414,1.456731
validation,0,0,-0.699038,0.379153,-1.327209,0.474362,-0.470178,0.4374,1.15704,-1.616965,0.240888,0.282075
validation,0,0,-0.963267,-0.307041,0.709959,-2.09724,0.017534,0.301244,-1.892594,1.628468,2.609926,-0.997823
validation,0,1,1.017998,1.869013,-1.21589,-0.460072,0.655452,0.141517,0.354972,0.019848,0.519799,0.541372
validation,0,0,0.936025,-0.237411,0.100626,-1.438901,-0.972824,-0.122134,-1.199259,0.430615,0.602066,1.414153
validation,0,0,0.1132,0.699954,0.066961,-0.313291,-0.763417,-0.535662,0.248154,0.393611,-0.293998,-0.249494
validation,0,0,0.259645,0.116667,-0.253273,-1.052112,1.662051,0.140892,0.668117,-0.991641,-0.289085,-0.81853
validation,0,1,0.304239,-0.124822,1.309955,0.199521,1.131843,-1.857537,-0.780557,1.017103,-1.19778,0.627075
validation,0,0,-0.523236,0.629919,1.710297,1.234515,0.414162,-0.025265,-0.605793,-0.039535,0.834466,2.162783
validation,0,1,0.412169,-1.385071,-0.108632,0.097169,-0.46763,0.492741,-0.617443,1.852669,0.202009,0.110741
validation,0,0,-0.168418,-0.637222,1.395816,-0.712112,1.547369,0.516428,0.330825,-0.302627,-0.340887,0.124964
validation,0,0,-1.529626,-1.221399,0.041478,1.252937,0.959067,2.15964,-0.499848,-0.988647,-1.040575,0.207887
validation,0,0,-0.299308,0.207053,-0.009248,-0.742739,-0.860494,-0.305434,-0.71702,-0.809939,-0.48094,1.089048
validation,0,0,-1.674113,-0.455873,0.437633,-0.001027,0.42446,-0.174989,-0.220849,-1.257813,-0.590295,1.336131
validation,0,0,-0.574397,0.761764,-0.072106,-1.747848,-1.867875,-2.189213,0.357451,-0.328675,-0.725759,-0.604349
validation,0,0,0.542803,-0.647668,0.367823,-0.680328,0.048985,-0.190234,1.422677,1.159803,-0.078309,-0.82894
validation,0,0,-0.961695,0.061052,1.026244,-1.112729,0.628753,0.730635,0.093249,0.402442,-0.848972,0.640726
validation,0,1,2.017714,2.219357,2.295178,0.649267,-0.211714,0.430666,-0.186561,1.180532,0.412374,0.224773
validation,0,1,0.420117,0.193014,0.701212,1.392907,1.081929,-0.13114,0.402735,0.450406,0.089744,-1.14729
validation,0,0,-0.938761,-0.277667,-0.718311,1.200793,0.109045,-1.817578,-0.543839,0.665028,0.77775,1.597284
validation,0,0,0.75665,-1.05989,-0.992349,1.666173,-0.542041,-1.326104,-0.17297,-0.347036,0.928024,0.307828
validation,0,1,0.127578,0.547759,-0.270616,-1.386492,-0.910568,-0.545703,1.102766,2.130329,-0.490087,0.508503
validation,0,1,0.435837,-1.04111,-0.862735,2.027482,-0.023795,2.192998,1.328009,-1.100025,0.610879,-0.774112
validation,0,0,-1.63271,1.434613,1.573651,0.601266,1.314861,1.47601,-1.736568,0.789274,-0.265928,1.215877
validation,0,1,1.733469,-0.481852,0.970999,0.646319,-0.45418,-0.048277,0.098552,-1.07211,0.826995,-0.514127
validation,0,1,1.64016,1.95545,0.027108,1.228725,1.251547,0.92499,-0.75785,0.097501,-0.512942,0.885413
validation,0,0,0.081415,0.27641,-0.464334,0.813937,1.209959,0.155211,-0.517992,-0.29151,0.37827,0.331741
validation,0,0,0.171451,-0.219396,-0.788194,0.162433,0.425057,-0.628212,1.586505,-2.74321,-0.49867,-0.823271
validation,0,1,-1.310437,0.651716,1.729993,-1.181115,-2.0913,2.415112,0.603543,0.218825,1.001447,2.208375
validation,0,1,-0.461246,0.421588,-1.446016,1.259779,-0.617897,-1.187933,-0.054615,0.208474,-0.405248,-1.708484
validation,0,1,0.08043,-0.606037,0.42514,0.715367,1.411606,0.941146,-1.573627,0.358789,0.038164,0.604412
validation,0,0,0.978571,0.014457,-0.982827,0.405853,0.847964,0.491882,-1.703821,-1.713589,0.300942,1.655777
validation,0,0,-0.328156,-0.237969,1.575348,-2.128609,1.772171,1.978097,0.750495,0.674704,-0.304349,0.26152
validation,0,0,0.057018,-0.975326,-0.542482,0.531517,-0.925223,0.713538,0.308735,0.609411,-1.096951,0.733445
validation,0,0,-1.572305,1.375953,-0.259217,-0.748518,0.586084,-0.019568,0.898106,1.8667,0.268885,0.899109
validation,0,0,-1.058658,-0.646608,0.643685,-0.312394,-0.010756,-0.204018,-0.015283,0.050856,0.331554,0.324327
validation,0,0,-0.349597,-0.35676,-0.019787,-0.758896,-0.633333,0.487115,0.375746,2.245206,-0.33735,1.981141
validation,0,0,-0.308897,0.836843,0.357115,0.363805,0.618664,0.569223,0.787013,0.239954,-0.040726,-0.269748
validation,0,1,-0.233914,0.202054,-0.126887,1.411768,-0.432956,-0.623737,-0.965596,0.724501,1.098341,0.733234
validation,0,0,-0.256199,-0.784311,-0.57016,-0.190778,-0.163826,0.155256,0.58739,-0.490806,-0.515826,0.784076
validation,0,1,1.510755,2.361438,0.695599,-1.281648,0.953014,-0.065208,0.562428,0.347787,-0.694977,1.423163
validation,0,0,-0.326309,-0.643479,0.309105,-0.60163,1.157973,0.499373,0.779802,0.418124,0.540809,0.398219
validation,0,0,-1.364823,0.13539,-1.214394,0.961516,1.0017,0.390098,0.876269,-0.825383,-0.385541,0.245009
validation,0,1,0.880588,0.157566,1.431931,0.991757,1.050815,-0.376912,-1.247075,-0.621174,1.546142,-0.819696
validation,0,0,0.319908,-0.768066,0.869021,-0.706242,1.034916,0.905813,-0.1559,0.667871,0.533047,1.451626
validation,0,0,-0.05229,-0.254618,-2.048921,-0.666143,1.320597,-1.190335,1.512332,-1.144805,-0.139248,-0.352053
validation,0,1,0.922992,-0.485746,-1.785602,-0.336287,1.857355,-1.826351,-0.932117,-1.213785,1.219071,0.752413
validation,0,1,0.948294,1.215093,1.071936,-0.798415,0.85403,-0.775577,-0.465736,0.065121,-1.304342,1.571079
validation,0,0,-0.772013,0.288576,0.280684,0.06399,-0.888694,0.818348,-0.769246,-0.9141,-0.709013,-0.584645
validation,0,0,-0.552102,0.034808,-1.413539,-1.011706,1.329275,-1.425552,0.243584,-0.246703,-2.01402,0.667471
validation,0,0,1.364383,-0.398699,0.347994,-1.064536,-1.737291,2.259145,-1.365118,0.042539,-0.197317,2.027313
validation,0,1,0.800922,0.786162,0.46246,0.087231,-1.303432,-0.625559,1.543077,-2.038845,0.398214,-0.714409
validation,0,0,-0.668731,-0.297959,-0.191552,-0.686913,0.144206,0.064166,0.690256,0.809099,0.141616,0.894218
validation,0,0,0.104108,-0.021235,1.345278,-0.156395,-0.213485,1.701572,1.120332,-0.698868,0.082096,0.453065
validation,0,1,-0.028729,1.152212,-0.161397,-1.03652,0.843889,0.067382,-0.643862,-0.197733,-1.025988,-0.926648
validation,0,0,-0.301468,-0.185964,0.316401,-1.834086,1.399653,0.962222,1.652253,0.295336,-0.53485,-0.592604
validation,0,1,1.162525,1.795796,2.3002,0.538532,-1.191887,-0.301864,0.427749,-0.216281,-1.998929,-1.029346
validation,0,1,0.010003,-0.375655,0.715551,-0.945709,-0.034834,-1.285542,-0.952072,-1.574682,-0.294597,-0.738396
validation,0,0,0.617323,-0.704303,-0.77828,-0.782153,1.366896,0.345779,0.270244,0.589882,0.176521,-0.273353
validation,0,0,-1.234099,0.984409,0.117754,-1.285932,1.432733,-0.361507,1.580815,0.802099,-0.077288,-0.167999
validation,0,0,-1.239259,1.507486,1.049903,1.456823,0.084706,-0.339043,-1.050239,0.23012,-0.323964,0.4521
validation,0,1,-1.142185,-0.667497,0.693924,-0.468649,1.824542,-1.617881,-0.88927,-1.242991,-0.849201,0.83308
validation,0,1,1.409527,1.552964,-0.157204,-0.105153,0.893985,0.273273,1.83865,-1.010696,0.716267,-0.351069
validation,0,1,-0.802109,0.789864,-0.20318,0.556021,-1.272496,1.225434,-0.721656,-0.741192,-0.655693,-0.951335
validation,0,1,2.328405,0.948602,0.498729,-0.467285,0.442936,0.697482,1.386722,-0.431364,0.596064,-0.280826
validation,0,1,1.462724,-0.497235,-0.596282,-0.122321,1.420892,-0.491114,0.020948,0.841719,-2.049218,-2.93451
validation,0,0,-0.145455,-0.412757,0.523368,-0.919332,-0.897005,0.155778,0.819904,2.06579,-0.262066,0.375521
validation,0,0,1.198174,-1.136385,-1.475712,0.055472,-2.053282,-0.366698,0.652809,-0.463698,-0.380461,0.682294
validation,0,0,0.395691,3.122741,-0.411865,0.310048,-0.112445,0.087417,-0.687031,-1.038856,-0.822861,0.476366
validation,0,0,0.230982,-0.623999,-0.299698,0.370131,-1.84043,0.803101,-0.027023,-0.125157,-1.648099,0.073856
validation,0,1,1.358434,-0.368251,0.506117,-1.513063,-0.555017,0.054569,1.557043,-1.272668,-0.432718,0.858078
validation,0,0,0.506336,-1.847362,-0.584307,0.586345,1.241803,0.365875,-0.879241,-0.700645,0.390869,-0.187399
validation,0,0,0.113067,0.383958,0.370073,1.575212,0.324488,1.219578,0.341074,-0.582702,0.789121,-1.568785
validation,0,1,1.535211,0.069622,0.787365,0.254039,-0.822279,0.008835,-0.560631,-0.453819,-0.41723,-0.574273
validation,0,0,0.833696,-1.346172,-0.937053,0.427704,-1.72659,-0.448344,0.88814,-0.20218,-0.911957,0.270364
validation,0,0,-0.124527,-0.228923,-0.284906,0.356489,-2.031059,1.430801,-0.032752,0.650271,0.394708,-0.724749
validation,0,0,-0.453167,-0.016333,0.414206,-0.045776,1.913973,-0.22113,-0.633941,0.281925,-1.319541,-0.489665
validation,0,0,1.115784,0.791321,-0.461333,-1.827961,0.783129,0.920292,-0.333786,1.075699,-0.791864,-1.104643
validation,0,0,-0.210572,-1.157621,-0.434319,-2.507089,-0.277384,1.207744,-2.965709,1.003451,-0.645022,0.062374
validation,0,1,1.155036,1.912304,0.806549,0.261555,-0.814904,-0.641966,-0.498334,-0.338209,-0.106224,-2.417967
validation,0,1,1.734589,-0.208096,0.500341,1.293587,1.185315,-0.432813,0.215757,0.287522,0.228237,0.962338
validation,0,0,-1.361411,-0.457517,-0.346002,-0.231036,-2.579325,-0.905916,0.808402,1.540196,1.115708,-0.600376
validation,0,0,-1.542548,0.241467,-0.718785,-0.384442,-1.155379,2.187967,-1.434512,0.206046,-0.221798,-1.470332
validation,0,0,0.495838,-0.945506,0.395474,1.286815,1.632218,0.475106,0.846388,1.487752,0.381603,0.562388
validation,0,0,-0.497474,0.600417,-1.197792,-0.362635,-0.332427,0.187726,1.16563,-1.733881,1.389047,0.327399
validation,0,0,0.98049,-1.309325,-0.216102,0.250066,-1.493461,1.802108,-0.148965,0.399335,-0.878653,0.759977
validation,0,1,1.138,-2.10874,-0.127603,2.592781,-0.348001,-1.154823,0.866129,-0.315774,0.64774,-0.753672
validation,0,1,-0.467564,1.379378,-1.326243,1.164049,0.714156,-0.345216,-0.269324,-1.616261,0.560244,0.684416
validation,0,0,-1.767838,1.345426,1.189456,1.025698,2.332583,-1.412422,-0.664775,0.255749,0.27329,0.131341
validation,0,0,0.170328,-0.740281,-2.030615,-1.790227,-0.097916,0.538659,-0.990411,2.292913,-0.004414,0.171653
validation,0,1,1.428638,0.636663,-0.196841,0.476226,0.625089,-0.261647,-0.671085,1.272436,0.696445,-1.395653
validation,0,0,-0.592992,0.040631,-0.120205,-0.451072,1.051854,-1.684596,0.028461,1.59101,-1.517352,-0.67134
validation,0,0,-1.838072,-0.034205,-0.272134,-1.320477,0.659872,-2.895457,-0.198116,-0.188022,2.141892,-0.082824
validation,0,0,0.493218,-1.239273,0.989725,0.033878,0.677187,-0.123556,0.319123,-0.357431,-0.303968,-0.220887
validation,0,0,-1.188035,-2.027611,-0.498363,0.240359,1.453327,1.044872,0.853878,-0.748066,-0.558678,-1.849902
validation,0,0,0.267012,-0.376028,-0.330399,1.77761,0.319222,-0.092528,-0.807637,1.376912,-1.238716,-0.194271
validation,0,0,0.140997,0.699941,0.130664,-0.41926,-0.695444,-1.797481,-1.647537,1.881599,1.432438,0.398867
validation,0,0,0.552514,-0.243934,0.04929,-1.446854,-0.47395,-1.231958,-0.015321,-0.061847,0.727355,-0.269318
validation,0,0,0.733512,-1.907257,-0.665509,0.129336,-0.919546,-1.301035,1.578008,-1.059042,-0.16768,0.659634
validation,0,0,0.174395,-0.244779,0.37499,-1.838039,0.148321,0.048017,1.354789,-2.207174,0.020785,-0.87511
validation,0,1,1.654454,-0.199783,-0.111494,1.857229,0.282485,-0.422481,2.323654,-0.642308,-0.871599,-0.165162
validation,0,0,-0.514328,0.734472,-0.353848,-0.365102,-0.025379,-0.753157,1.749934,-0.341421,1.38209,-0.501368
validation,0,0,0.639285,0.028349,-0.352195,0.267479,-1.152557,0.411584,-1.615415,0.019671,-0.611862,-0.424545
validation,0,1,2.223841,0.307341,-0.658865,-0.264159,-0.667145,-1.242587,0.540491,-1.002533,-1.097607,1.15966
validation,0,0,-0.945742,0.926875,0.592719,0.161863,-1.442081,-0.899614,-0.779628,-0.122167,0.219054,-0.930823
validation,0,0,-0.456429,1.678557,0.667063,2.173549,1.005879,1.029386,-0.732801,1.502632,0.807903,0.28085
validation,0,1,0.181948,0.749978,-1.92506,0.664036,-0.728413,-0.162486,0.229845,-0.105098,2.469481,-0.297146
validation,0,0,-0.026066,-0.225257,-0.192313,0.97078,0.313448,0.782989,-0.509616,3.471064,-1.023647,1.382243
validation,0,1,-0.090504,0.567175,0.524734,1.958259,0.29301,0.633694,0.026448,0.896989,0.1429,0.41184
validation,0,0,-1.934743,-0.671995,1.061785,-0.800145,0.332449,0.449872,-0.338513,0.666404,-0.921845,-0.02042
validation,0,0,0.499453,-1.025682,-1.431947,-0.358109,0.515283,2.261645,0.171811,-0.043846,-1.139759,0.122248
validation,0,0,0.624697,-0.596621,-0.110892,1.417494,-1.905225,0.858222,0.288431,0.437979,-1.576674,-0.596591
validation,0,0,-1.11918,1.651523,-0.00456,-0.31388,-0.964016,-2.016921,0.792645,1.315765,-0.605841,1.197538
validation,0,1,0.942452,-0.65558,0.585663,1.068758,-0.907115,0.681647,2.442597,0.387421,-1.151893,0.18801
validation,0,0,-0.841423,0.018429,-1.522127,0.801235,0.066974,-0.099512,0.303391,1.207221,-1.048413,-0.176762
validation,0,1,1.670772,1.069835,1.296213,-0.134646,-1.274457,1.124293,-0.103747,0.654225,-0.292949,-0.392112
validation,0,1,0.823543,2.594963,-0.6929,1.278898,-0.864246,-0.126397,1.436629,0.859179,-0.01354,3.041151
validation,0,0,0.986081,1.228203,-1.120118,-0.771942,0.27255,1.536875,-1.072842,1.031024,0.348282,-0.293944
validation,0,0,-0.779955,1.249321,0.267109,-1.326771,0.345321,1.630552,-1.409048,0.109615,-1.533327,1.068227
validation,0,0,-0.322218,-1.667328,-0.67897,-1.742294,1.196267,-0.626286,-1.267857,-1.531481,0.725467,-0.676116
validation,0,0,-0.038707,0.720436,-0.772015,0.009327,-0.791006,0.983784,-0.475214,1.007875,-1.101008,-1.764201
validation,0,0,0.41017,0.665057,0.400544,-1.708638,0.599614,2.040447,0.166987,0.217614,-0.824609,0.077058
validation,0,0,-0.196663,-0.196469,0.267171,-0.273843,0.069225,0.364774,-1.373781,0.443736,-0.861753,0.407425
validation,0,1,0.300724,1.196344,1.182942,-0.268667,0.549848,-0.320744,-3.313793,1.40245,-0.277334,1.22174
validation,0,0,-0.6944,0.174997,-0.490743,0.007122,-0.3333,-1.590981,-0.44833,2.313838,0.346891,0.125948
validation,0,0,0.230483,0.568374,0.004949,-1.510057,1.047464,0.392086,-0.44538,-0.903661,-0.639486,0.440181
validation,0,1,2.759506,-0.231163,0.187065,-0.610161,-0.940694,-2.229065,-0.275032,-1.164203,0.724113,-0.79355
validation,0,0,0.091572,0.071633,0.06527,-0.202742,0.289975,-1.243627,-0.965911,0.174649,0.289298,-2.098115
validation,0,0,0.514728,-0.536474,-0.386824,0.096987,0.819633,-0.908364,1.91598,1.002741,-0.365747,-0.238472
validation,0,0,-1.128633,-0.546479,1.494916,0.151132,0.66351,0.002092,1.596423,-0.123993,0.590283,-0.271258
validation,0,1,-1.169606,0.036618,-0.452854,1.211912,0.655816,-0.301641,-0.811709,0.558924,0.656553,1.07385
validation,0,0,0.933704,-1.582757,-0.642534,0.697092,-1.204244,2.231238,0.869735,-0.504616,1.207852,-0.360803
validation,0,0,-0.548833,-2.136684,0.405024,-0.922152,1.431601,-0.921984,2.545869,1.584957,-0.002462,0.508056
validation,0,0,-0.454881,-0.681226,-0.498681,0.034227,-0.655936,1.810506,0.417971,-0.026567,0.651806,1.270039
validation,0,0,-0.343943,0.68165,-0.614812,-0.736623,0.629962,1.042906,-0.102586,0.434387,-0.36049,-0.823169
validation,0,0,0.634747,0.299079,-0.378846,1.03917,1.635449,0.821875,-0.398565,-0.321382,0.432383,-0.15232
validation,0,0,1.11912,1.283102,0.456766,-0.995525,0.88929,1.338071,-1.135681,-1.592685,-0.624193,-0.438857
validation,0,1,1.437182,-0.465214,0.215125,1.155023,0.903307,0.37959,-1.067622,-0.430213,0.632671,-0.336459
validation,0,1,1.297314,1.294071,-1.093253,-0.445494,-2.843726,-0.151401,-1.244927,0.712735,1.124031,-0.631893
validation,0,0,-0.094419,-0.700976,0.726104,0.421827,0.924327,-1.333635,1.426834,-0.262647,1.250017,-0.026954
validation,0,1,1.662268,-1.880554,-0.227768,0.649515,-0.895113,-0.412448,0.236377,0.251747,-0.681965,1.843631
validation,0,0,0.286953,-0.892836,-0.449883,-0.315418,1.532787,1.182269,-1.002099,0.485362,1.565631,0.468308
validation,0,0,-0.175307,1.242115,1.237339,0.877523,-1.083625,-0.648256,-0.003576,1.86487,-0.456618,1.20298
validation,0,0,-1.542016,-0.511049,-0.358785,0.955095,1.118907,-0.291506,-0.704987,-0.161108,1.446465,0.130084
validation,0,0,-1.564406,-0.047383,0.840027,0.35659,1.303988,1.713411,1.557488,-0.749919,0.594772,0.907248
validation,0,0,1.178046,-0.894845,1.089397,1.745518,-0.558138,0.301484,-0.607265,-0.399871,0.968214,-1.05385
validation,0,1,1.168364,-0.470277,0.256492,1.216311,1.647844,1.50933,-0.068927,1.402146,0.088718,0.435607
validation,0,0,0.872377,0.767556,2.007649,-0.205892,-2.536817,-0.099571,-0.141314,0.36938,0.539164,-0.215278
validation,0,1,0.430053,2.501321,0.146621,0.734224,-1.159547,1.0277,-0.121787,-0.44942,-0.885908,0.454182
validation,0,0,-0.561783,0.219191,1.693368,1.213004,-0.487923,0.889499,-1.347909,-1.729808,-1.582343,1.688284
validation,0,0,-0.379058,0.675835,0.726249,-0.613363,-0.539366,-1.453118,-0.197045,-0.796324,-0.9507,-0.663434
validation,0,0,-0.119212,0.188582,0.318847,0.751102,1.693156,-1.223574,1.132599,1.087432,0.209482,-0.204724
validation,0,0,-0.752679,-0.219488,-0.97222,-0.336751,-0.035834,-0.761352,0.69886,-0.646642,-0.682996,0.59566
validation,0,0,-1.711954,0.932347,1.425859,0.871773,0.531243,-0.447496,1.384124,-0.395141,1.396686,-2.778979
validation,0,0,-0.629347,1.649191,-0.840602,-0.687796,-1.930705,1.144839,1.114353,-1.079608,-1.396094,-1.028447
validation,0,0,-0.260885,1.172702,1.413311,0.091052,-0.614303,0.24655,0.093167,2.47035,-1.251603,-0.277668
validation,0,1,-1.021456,0.416282,0.771966,0.905081,0.204573,2.015963,0.47689,-0.455942,-0.094279,0.377114
validation,0,0,-2.407353,0.594734,-0.947639,-0.680541,-0.688394,-0.890082,1.715155,0.366661,0.454302,-1.299709
validation,0,0,0.286905,-0.184246,0.425391,0.125159,0.520484,0.127053,0.321059,-1.10153,-0.165724,1.240973
validation,0,0,-0.168484,-0.670937,-1.163415,-1.862546,0.955119,-1.072353,-1.335129,0.219379,0.396717,0.085159
validation,0,0,-0.527085,-0.464222,-0.736744,0.737148,0.005622,-1.711722,-1.784334,0.831707,-0.640544,0.366106
validation,0,0,0.825375,-0.423712,1.024512,-0.774014,-0.100515,-0.432219,-1.840755,-1.729331,0.69233,2.106532
validation,0,0,-0.528488,1.313651,0.386822,-1.160132,-0.452222,-1.890136,-0.772224,0.254791,-0.710274,-0.557311
validation,0,1,0.014169,0.950572,1.235207,1.004608,-0.216659,0.363771,-0.691996,1.769946,0.863005,0.996292
validation,0,0,0.24719,2.408097,1.001241,0.79277,0.609365,0.368061,-0.625796,1.437524,0.092822,-0.237667
validation,0,1,-1.535072,1.073315,1.814504,-0.480688,-0.147478,-0.38092,0.653173,-1.226278,-0.30315,-0.407086
validation,0,0,0.941289,-0.91414,0.522117,-1.268066,1.101255,0.342522,-2.094582,0.519647,1.07761,-1.630467
validation,0,1,0.667167,0.640878,-0.287514,0.138908,-0.224758,-1.453081,-0.224693,1.324696,0.737437,0.339618
validation,0,0,1.987465,-0.694227,-0.324622,0.948303,1.35265,0.800958,0.798567,0.842415,-0.027066,0.714185
validation,0,0,-2.545384,-0.322686,1.178408,1.514725,-0.113776,-0.417775,0.047166,-0.157361,-0.183771,-0.396579
validation,0,0,0.473137,0.330403,-0.452728,0.371206,0.151009,-1.683336,-1.780825,-0.328502,1.535856,0.687882
validation,0,0,-0.661906,-1.718057,1.433613,-0.860296,-0.773981,0.010214,-1.434366,-2.246296,-0.325401,-0.670543
validation,0,1,0.205635,1.210819,-1.145797,-0.92385,-0.706956,0.422192,-1.29519,0.360857,-0.112828,1.797622
validation,0,1,-0.536474,-0.299966,-0.539275,0.763752,2.248703,-0.272114,-1.006149,0.125995,-0.312735,1.064029
validation,0,1,1.047549,1.530624,-0.910653,1.42188,-0.155854,0.677947,-1.83662,-0.051042,0.00451,2.482794
validation,0,1,0.486037,0.569172,0.222522,-1.422818,-1.835054,-0.180533,0.570076,0.513396,0.504285,-0.206147
validation,0,1,-0.480986,1.093754,1.242239,0.618368,-1.225188,-0.041782,-0.695907,2.010426,-1.562577,0.870914
validation,0,0,3.003947,0.842212,-1.171031,-2.139312,-0.669608,-1.728989,1.305071,-0.698437,-1.085008,0.309755
validation,0,0,-0.049352,0.079771,-0.183681,0.841918,-0.042702,-0.143414,1.325084,0.062703,-0.153364,-0.446953
validation,0,0,-0.429203,-0.433131,-0.708282,2.086343,0.487095,-1.025197,0.540702,0.760287,-0.694618,0.121912
validation,0,1,0.65753,0.259585,1.475502,0.489017,-1.202508,1.343689,-0.201062,1.556341,1.361724,0.402462
validation,0,0,-0.788611,-0.331651,-0.391836,0.07173,0.394849,1.129889,1.188099,0.538446,0.105812,0.040801
validation,0,0,-0.827317,-1.584732,0.681596,-0.272793,-1.003454,0.388393,0.695538,-2.258586,-0.368782,-1.163063
validation,0,0,-0.44785,-0.39119,-1.01957,-0.636449,0.340763,-0.725713,-0.029647,1.258925,2.831987,-1.605258
validation,0,0,-1.784905,-0.3922,0.791986,0.943846,1.13571,0.247294,-0.510868,-0.834834,-0.705596,1.277598
validation,0,0,1.003359,-1.443775,-0.13609,-0.836569,0.968804,-1.338015,0.569924,0.747822,-0.791272,0.621719
validation,0,0,-0.064849,0.12515,-0.097707,2.0779,0.176268,1.370979,0.189878,-0.81728,1.388668,-1.086339
validation,0,0,-0.886169,-2.011993,0.507207,-0.767201,0.874197,0.370233,0.644657,-1.119144,0.466338,0.828196
validation,0,0,-0.424455,-0.508478,0.333068,-0.137411,0.039444,0.164812,0.550244,1.413944,-1.28858,0.737562
validation,0,1,1.310008,-0.731037,0.592543,-0.644149,1.104002,-0.099868,-1.07234,0.896813,0.740776,-1.368334
validation,0,1,-0.037963,0.556619,-1.971833,-1.32083,0.010003,1.690129,-1.382267,-0.268557,1.674536,0.650976
validation,0,0,0.610045,0.679415,0.099832,-0.300253,-1.327177,0.941522,-0.071049,-0.767532,0.369536,0.393161
validation,0,0,0.118981,-0.659791,0.886366,0.83798,-0.513627,-0.069449,0.546501,-0.095025,1.29954,-0.258441
validation,0,0,-0.428749,2.913826,1.413398,-0.435091,-0.922292,0.441021,0.575163,-1.303498,1.625266,0.338959
validation,0,0,0.025306,1.348547,-1.653987,-0.345015,0.717791,1.400189,-0.837294,0.055404,0.219722,1.416479
validation,0,0,-2.523717,0.118639,-0.631,-0.542559,-0.05415,-1.726557,-0.321256,-0.731011,-1.48927,0.421665
validation,0,0,-0.513625,2.567294,-1.103997,-0.730974,1.538718,-1.003523,-0.1977,-0.408885,-1.779857,-0.077402
validation,0,0,0.58081,-1.525932,0.976225,1.223684,0.568407,-0.33096,1.983215,1.064682,-0.970658,-1.342751
validation,0,1,-0.361877,-0.285094,0.456287,0.141708,0.287584,0.856322,0.340883,0.782652,0.00486,-0.956055
validation,0,0,2.152822,0.692267,-0.708193,-0.886308,-2.842426,1.292179,0.375554,0.343147,0.272577,0.065283
validation,0,0,-0.864656,-1.740373,-0.252205,1.203961,-1.484981,0.416598,0.028157,-0.110781,1.353933,0.05752
validation,0,1,0.675559,0.072209,1.674227,2.137809,-2.114162,0.530769,0.429953,-1.073569,1.332702,0.122028
validation,0,0,1.180813,0.328387,1.273182,0.421004,0.252566,0.9507,-0.428542,-0.500187,-0.107696,-0.548358
validation,0,1,0.794931,0.471853,-0.774626,1.105893,-0.674176,-1.781648,0.331419,1.701275,1.617706,-0.966861
validation,0,1,0.820849,-0.661019,-0.740286,0.019341,0.478667,-0.975061,-0.213173,0.906229,-0.329503,-0.889786
validation,0,1,0.725822,-0.52604,-0.759437,-0.200015,0.296786,-0.853557,2.412903,0.961121,0.721679,-0.213685
validation,0,0,0.42293,-1.224994,-0.855687,-1.388216,-0.26419,1.120833,3.006346,-1.627567,1.719015,0.337202
validation,0,1,0.972697,1.042953,-1.260799,0.96453,-1.686541,0.865797,0.889671,-0.397735,-0.763627,-0.162203
validation,0,1,0.546915,-1.319649,1.143451,-0.061363,0.7364,-1.267258,-0.495574,0.124147,1.054496,-1.651577
validation,0,0,-0.247705,-0.355209,-0.592591,-0.021094,0.138147,-2.300028,0.669463,1.288191,0.018162,-0.297822
validation,0,0,0.536409,-0.20563,0.287612,-0.301021,0.909219,1.489891,0.006416,-0.772603,-0.335443,0.818984
validation,0,0,-0.039749,1.148714,-0.475133,-0.09217,-1.907308,-1.07317,-0.079432,0.232148,-0.63229,-0.436076
validation,0,0,-1.670622,0.785973,0.909587,-0.261214,-0.541504,1.445969,0.376324,-2.188911,-0.174467,1.635262
validation,0,0,0.933807,-1.57586,0.152027,0.605018,1.395963,-1.043537,1.053779,0.547832,-0.360052,-1.44386
validation,0,0,0.661722,-0.5209,-1.779879,1.260224,1.349361,-0.240876,0.443754,0.341069,0.6684,-0.92412
validation,0,0,-0.556635,-0.027919,0.16845,-0.24834,1.673961,-0.037106,0.561484,0.725569,-0.710714,-0.525514
validation,0,0,-0.835148,0.20565,-0.545092,0.587315,-0.147201,-0.699049,-0.452558,0.63082,1.616114,-0.264202
validation,0,0,1.226827,0.273645,1.436807,1.456679,1.388645,-0.371553,1.229938,-0.293276,-0.441116,0.3658
validation,0,0,-0.47432,-0.682929,-0.146746,0.918894,1.644635,0.267119,-1.721983,1.361768,0.387177,0.816659
validation,0,0,-0.709266,1.524992,-0.881212,-1.087826,-1.036495,3.071668,-0.300116,-0.666978,0.252086,0.041263
validation,0,0,0.211687,0.423678,1.018789,-0.719018,-0.878485,-2.188408,-1.026368,-0.426751,1.07404,0.64428
validation,0,0,-0.320874,0.520975,0.081612,-0.163486,-1.812817,-1.318947,-0.736948,0.455844,-0.501639,0.476295
validation,0,1,1.465403,1.443892,-0.449434,-0.364946,-0.263292,-2.650961,0.032527,0.95824,1.664129,-0.562736
validation,0,0,-0.217555,0.073765,-2.234425,0.247455,0.498039,-0.324861,-0.635178,1.267683,1.529949,-0.549028
validation,0,0,-2.387477,0.048254,1.227001,1.439161,-1.759522,0.29926,1.541415,-0.890606,-1.190877,-0.579542
validation,0,0,-1.725031,-0.259515,-0.851777,1.149674,0.926741,-0.859363,0.839618,-0.468661,0.623953,0.830837
validation,0,0,0.182276,-0.668974,0.859429,0.378179,-0.728886,0.226754,0.383083,0.785203,0.358801,1.19658
validation,0,0,0.696427,-1.499427,0.087512,0.864498,-0.07255,-1.685749,1.228327,0.244406,-0.08079,-0.371602
validation,0,0,0.398739,-1.13712,-0.120235,-1.012058,-0.04373,0.525729,0.116974,-1.101182,-0.470422,0.779726
validation,0,1,-1.779231,1.077444,0.797514,0.159923,-0.746799,-0.312617,-0.141514,2.168051,0.431661,-0.860257
validation,0,0,-0.18378,-0.114853,0.52264,0.231509,1.24562,0.460736,-0.228468,-0.152409,-0.514595,0.641824
validation,0,0,0.3732,-1.127068,0.534976,1.159687,-0.11033,-1.510593,-1.394779,0.155156,-2.681807,-0.324765
validation,0,0,0.154006,-0.651871,-0.769888,-1.755094,0.147189,-0.727689,1.694696,-0.404483,0.075029,-0.514143
validation,0,1,2.195354,-0.07413,1.019137,-0.749091,-0.494422,-1.361537,-0.64983,-0.082806,0.345127,0.637847
validation,0,0,0.005125,-0.096642,0.307207,0.554839,0.880718,1.34543,1.079064,-1.663564,0.761219,-1.853249
validation,0,1,0.447004,-1.301796,-0.871089,0.956002,-1.252376,0.017,1.253173,0.22369,-0.711559,1.046056
validation,0,1,-0.242573,-1.943142,0.522493,-0.083343,-1.969182,0.593027,0.19671,-0.337016,0.361787,-0.492466
validation,0,0,-0.209315,-0.496262,0.155776,-1.172397,0.147453,-0.344803,-0.610255,1.229735,0.130153,0.555741
validation,0,1,0.906159,0.27725,1.370657,-0.108149,-1.803783,-0.681416,1.423412,-1.689145,-0.790068,-0.002857
validation,0,0,-1.228778,-1.695331,0.021655,-0.922967,0.757635,0.870944,-1.831141,-0.159777,-0.311204,1.773245
validation,0,1,-0.265722,0.256358,0.569843,0.143309,0.090426,-0.663925,-0.797828,0.894095,0.456786,-0.321866
validation,0,0,-0.27362,-0.046339,0.823021,-1.228328,0.266385,-0.151301,0.510696,-0.07535,-0.442989,0.276998
validation,0,0,0.273246,0.053226,0.757894,1.448676,0.866081,0.646769,-0.187011,0.606799,1.545181,-0.692638
validation,0,0,-0.814542,-1.407953,0.538012,-1.3597,1.159853,1.742561,-0.038913,-0.83458,-0.864086,0.447991
validation,0,0,0.15663,-0.377599,-3.582008,-1.046897,-0.108469,-0.569713,-0.405128,-0.681192,-2.052287,0.114698
validation,0,0,-0.883783,-2.294092,-0.145148,-0.66869,-1.137698,0.288398,-2.737978,-0.895271,0.145558,-0.773318
validation,0,0,-0.49801,-0.6052,1.030972,0.87204,-0.366774,0.307659,0.40833,0.04933,0.126198,-0.711583
validation,0,0,0.084733,0.262043,-1.243763,0.493552,0.18115,-1.884135,-0.102328,-0.600618,0.495893,0.859989
validation,0,0,0.113113,-0.110006,-0.408341,0.631419,-1.545194,0.699877,1.712516,-0.172841,-1.680016,-1.146626
validation,0,0,1.627717,-2.713877,-0.771537,-0.247528,-0.663076,-0.401116,0.005663,0.804477,0.28914,-0.126501
validation,0,1,2.078059,1.234022,-0.656335,0.761497,-1.051095,-1.803847,-0.513873,1.037703,-1.862953,0.930306
validation,0,0,-0.225192,0.01813,0.297495,-0.242287,0.084427,1.047837,1.190895,-0.357249,1.466009,0.50226
validation,0,0,0.342188,-1.645642,-1.522379,-0.053814,-2.370631,1.129895,-0.932446,0.571997,0.72919,1.273643
validation,0,0,-1.347776,1.037128,-0.97124,0.539274,0.407343,-1.110765,0.26469,2.362031,-0.85209,1.366911
validation,0,0,-2.654157,-0.418604,0.605765,-2.819878,0.170772,-0.582219,-0.842079,0.320212,1.30552,0.809608
validation,0,1,1.125569,0.860473,0.226297,1.657768,-0.993449,0.858791,-0.338803,-1.340862,0.780598,-1.13752
validation,0,0,-1.348048,0.308821,-0.61256,0.261982,-1.355696,-1.58314,-0.440208,1.359889,-0.331684,-1.378638
validation,0,1,0.145773,0.680268,-0.02814,-0.452306,0.664353,0.212377,-0.033524,-0.055823,0.646502,0.845347
validation,0,1,-0.373237,0.935395,-0.424461,-1.63703,-0.509786,-0.282978,0.101967,1.115392,1.728676,-1.11284
validation,0,0,0.182749,-0.13334,-0.038928,0.279364,-1.310261,-1.280979,-0.728739,1.106658,-1.235383,-1.515135
validation,0,0,-0.539506,-1.028898,0.598763,-0.560945,1.268698,0.17802,-0.631914,1.288043,0.356757,-0.269481
validation,0,0,-1.598282,0.691226,0.870546,-0.397633,0.709972,-0.635076,-2.099112,-0.769818,0.262698,2.187999
validation,0,1,-0.323862,-0.559594,0.724594,-0.413014,0.649804,0.72051,-1.086858,0.542394,-0.492957,-0.954516
validation,0,0,1.627226,-0.204048,-0.550851,1.053373,-2.365118,1.796852,1.296407,-1.196356,-1.176547,-2.028532
validation,0,1,0.416721,0.082405,1.379341,0.575013,0.095094,-0.593277,-1.287046,-0.730389,-0.789281,0.367105
validation,0,0,-1.584904,-0.06438,-0.280314,0.832115,-0.041443,-1.438031,0.891387,0.334784,0.826682,-1.130663
validation,0,1,0.12226,1.453935,0.428819,0.362191,-0.243398,1.334293,0.375569,1.369011,-0.65901,0.962609
validation,0,1,0.958009,1.333365,1.892674,0.997331,-1.152047,1.489848,-2.691639,-1.309602,-0.534274,-0.514169
validation,0,0,0.106324,-0.360032,0.502059,-1.526553,-0.017018,1.309177,-1.893681,-0.491651,-0.685115,-0.449971
validation,0,0,-0.042686,-0.260589,-0.101254,-0.138248,-1.56079,-0.59774,-0.850331,0.698695,-0.989468,0.855091
validation,0,0,0.5609,-0.227148,0.297493,0.324909,1.597644,-1.218663,0.376682,-1.184151,-0.66966,0.780902
validation,0,0,-1.014283,0.110808,0.027347,-1.184593,-0.521354,-0.84043,-0.655491,0.684309,1.113445,1.696954
validation,0,0,-0.434517,1.508709,0.617384,0.134751,-0.176313,-1.030486,1.216511,-0.962145,-0.240251,-0.9592
validation,0,0,-0.062901,0.411701,1.370852,-1.713461,0.052787,-1.147762,0.22164,0.158695,0.413014,-0.991754
validation,0,1,0.016827,-0.00395,-0.056631,0.099422,1.887651,-0.176027,-0.038799,0.566003,-0.297442,0.535698
validation,0,1,1.527826,-0.316881,1.32986,1.694879,-0.431005,-1.089802,1.3745,-0.050541,1.883109,-0.844567
validation,0,1,0.047263,1.61548,-0.443284,0.210786,0.038718,-0.208673,-0.463215,1.082313,-0.528735,-0.187129
validation,0,0,-1.556725,0.162555,0.617355,-0.543528,2.216902,-2.556593,0.557565,0.291568,-0.435859,-0.331831
validation,0,0,1.430046,0.405146,-0.618675,-0.720851,-0.633361,0.040826,0.690088,1.086324,-0.171455,0.225491
validation,0,0,-0.03648,-1.127067,-0.83386,0.8816,-0.674149,-1.860737,-0.579574,1.670282,0.401561,1.059659
validation,0,0,-0.34271,-0.011684,1.387261,1.685549,-2.294121,-0.062126,-0.4448,-0.537006,-0.616431,0.617156
validation,0,0,-0.421666,0.710017,-0.316694,-0.041521,0.738064,0.148941,2.166192,-0.364598,-1.321278,0.130622
validation,0,1,0.116774,-0.925648,0.949609,-0.304321,-0.916659,0.190894,-0.818356,1.716442,0.264791,0.88923
validation,0,0,-2.121453,-0.152268,1.014498,0.221036,1.478695,-0.270226,-0.195859,-0.718725,-0.897473,-0.391496
validation,0,0,1.589691,-0.624786,0.293561,-0.510156,0.482786,-0.387506,0.537757,-0.65107,-0.963519,0.567876
validation,0,1,0.653789,0.259656,0.875253,-0.514556,-0.65712,0.438098,2.224527,-0.593403,-1.269438,-1.411302
validation,0,1,-0.196614,0.505684,0.524288,1.44875,0.285482,0.883284,-0.782481,0.866403,-0.328988,0.08906
validation,0,1,-0.44748,0.244245,0.403715,-0.713787,-0.440947,1.522009,0.524711,1.288697,0.597214,-0.186484
validation,0,0,0.922495,0.228087,-1.174457,-0.235595,1.020624,-0.529858,-0.433867,-0.689126,-0.855289,-0.479396
validation,0,1,1.622734,-1.120342,-2.005234,-0.503834,-0.038628,-0.177452,2.201829,0.484869,0.037574,0.232605
validation,0,0,-0.398681,-0.854514,0.241239,-0.473644,0.186407,-0.95067,0.156884,0.186287,-1.025891,-0.311039
validation,0,0,-1.356371,-0.923678,0.854646,1.187381,-1.537553,-0.107687,0.269683,-0.130805,-0.465957,-1.520667
validation,0,0,-0.879469,0.374184,-1.5602,-0.487956,-0.382583,0.487407,1.31505,-2.159125,-0.967825,0.24351
validation,0,1,0.635937,0.357671,-0.100111,-0.550263,0.770579,0.667568,0.087751,0.987076,-0.726633,0.423225
validation,0,0,-0.575839,-1.241144,-0.536276,1.695933,1.430403,-0.966184,-0.767413,0.648866,-0.279829,-0.727295
validation,0,0,-0.070548,-0.669339,0.602833,0.311015,1.447027,-1.22216,-0.366291,-0.4561,-0.432557,1.95604
validation,0,1,0.94368,1.465018,0.694683,0.542688,0.064112,-0.947276,-0.518179,-1.496368,1.02833,-0.809916
validation,0,0,0.233271,0.870417,0.392897,1.054633,0.963138,0.48299,1.424946,-1.00745,0.169574,0.414021
validation,0,0,-0.224195,-0.436514,-1.672903,1.452142,0.099989,-0.264418,0.2317,0.63292,-1.080063,0.969131
validation,0,0,0.451145,-0.140291,0.677168,0.597462,0.822346,0.622321,-0.738972,-0.238398,0.441811,-1.760736
validation,0,1,0.915292,1.308505,-0.777782,0.026155,0.537406,-1.665183,1.613941,2.148787,1.081374,1.041478
validation,0,0,-0.500249,-0.332595,1.616943,0.754279,-0.095066,0.075171,-1.254857,-1.755225,-1.695116,0.309706
validation,0,0,-1.291983,-0.038805,-1.135914,-0.715842,0.744832,-0.384139,-0.122075,0.029216,-0.07091,0.142712
validation,0,0,-0.194231,-1.466925,-1.101862,-1.172841,-1.127534,-0.926751,1.275416,-0.214954,1.699652,-1.024629
validation,0,0,0.326256,1.206408,-1.299441,-0.772335,0.273965,-0.882619,0.305841,1.855416,-0.079786,-1.63715
validation,0,1,1.295567,0.303296,-1.944295,-1.025061,1.495258,-0.039932,-0.857743,0.063216,-0.240968,-2.303144
validation,0,0,-0.22551,0.233706,0.105778,0.367772,0.306407,0.349791,0.325645,-0.077461,-0.229726,0.294359
validation,0,1,0.826048,1.646502,0.79146,-0.533479,-0.593059,-1.29312,-2.053262,-1.800433,-0.648215,0.204494
validation,0,0,0.62778,0.749372,-1.254274,0.495343,-0.138813,-1.591717,0.988157,0.545872,-1.360765,0.099522
validation,0,1,0.57624,0.480085,0.151306,0.342529,0.033625,-1.728128,1.256247,-1.961914,0.428219,1.156699
validation,0,0,0.699714,0.231125,-0.064901,0.60529,-0.905731,-0.028859,-0.436526,0.223239,-1.926027,-0.347409
validation,0,0,-0.720566,-0.330147,-1.830376,-1.858076,-1.402372,0.900382,-0.375831,-0.052386,0.230669,-0.162346
validation,0,0,1.322864,0.69248,0.115846,-1.823053,-0.376534,1.271557,1.348392,0.504757,0.445644,1.125752
validation,0,0,0.701282,-0.517129,0.682013,-0.473754,-1.266833,0.443869,-0.162568,-0.149924,0.269883,-1.531795
validation,0,0,0.652992,1.135552,-1.607595,-1.068896,-0.902273,-0.930659,0.315769,0.351018,-1.333713,0.032504
validation,0,1,1.440894,0.485622,0.652059,1.204009,-1.35808,0.145991,-1.567359,1.18916,-0.725086,-0.354754
validation,0,0,0.355011,-1.868519,0.180556,-0.074092,-1.320013,0.64225,1.287147,0.242674,-0.658013,-0.504483
validation,0,0,-0.31635,-0.742213,1.351869,1.849105,1.076118,-1.481159,1.021617,-1.796655,0.644826,-1.419127
validation,0,0,-0.115946,-0.49152,2.167393,0.470052,0.447454,0.031161,1.876873,-0.273151,-0.562305,0.242045
validation,0,0,-0.611994,0.336365,-2.208163,-2.13937,1.073597,-1.431735,-1.706989,0.553677,0.122899,0.810715
validation,0,1,-0.480486,1.518377,2.803036,0.405569,1.639527,1.018951,-0.88906,1.186805,-2.004,0.486915
validation,0,0,0.104449,-0.634369,-0.896402,0.910065,-0.803846,0.448487,0.213492,-1.591367,1.512081,0.074499
validation,0,0,1.211096,-0.04492,-0.390398,-0.388715,-0.206907,-1.238199,0.328061,0.560376,0.001462,-0.151425
validation,0,1,1.103546,-0.590809,1.035042,-1.091165,1.383516,0.322559,0.522077,0.255212,-0.811312,-0.831386
validation,0,0,-0.045278,-0.514899,0.25579,1.499354,1.603239,0.161205,0.690968,2.038391,-2.158328,-0.391897
validation,0,0,0.0231,0.979891,0.690674,-0.103128,1.265279,-0.565068,1.373801,1.650045,-1.393775,0.766114
validation,0,1,1.560225,2.352719,-0.490737,-2.106046,-0.102651,0.368338,0.973574,0.830529,0.751506,-0.344834
validation,0,0,-0.447039,-0.515187,-0.177337,-0.910979,-1.048809,-0.476005,1.037369,-0.43108,1.44437,-1.828031
validation,0,0,-1.576069,-0.208518,0.882145,-0.497155,-1.872265,1.989171,-1.695504,-0.547627,0.431384,0.239274
validation,0,0,-1.751413,0.003921,-1.323282,1.695748,-0.962327,-0.122791,-1.152871,1.32718,-1.00189,-0.035412
validation,0,0,-0.439561,-0.91856,-0.355251,0.138581,0.790675,-1.187441,0.620637,1.224023,0.033419,0.114447
validation,0,0,0.288834,0.709354,-0.801095,-0.664029,-1.177947,0.57265,-1.579636,-1.954639,0.219545,1.063097
validation,0,0,-0.330859,0.387669,0.516173,1.255436,0.445918,0.952566,-1.781566,0.365613,0.295337,-2.263421
validation,0,1,0.373384,2.461414,1.388809,2.539739,0.546844,-0.762048,0.059667,-0.026235,0.320025,-1.935754
validation,0,0,-1.459567,1.039069,0.096609,-0.013567,1.524223,0.453156,-0.877603,-0.199794,-0.898509,0.358778
validation,0,0,-0.152419,0.737378,0.014817,-0.309597,0.632383,-0.874373,-0.053572,0.911889,0.255669,-1.490353
validation,0,1,0.358399,-0.65485,-0.659649,0.668166,-1.447377,0.441424,-0.170708,-1.512411,-0.635842,1.609168
validation,0,1,-0.084062,0.351787,0.537117,1.396452,1.126035,-1.573143,1.34849,1.292338,0.302857,0.622335
validation,0,0,-0.198721,-1.396088,-0.42341,0.305141,0.205071,0.612132,-1.127514,-0.078758,1.183771,0.712177
validation,0,1,1.102697,0.600237,0.305964,0.810877,-0.455432,-1.292025,-0.438359,-0.581651,-0.625242,-0.416749
validation,0,0,-0.861354,-0.772849,-0.324984,0.127271,0.325415,-1.252537,-0.056143,-0.205389,-0.581361,1.500723
validation,0,0,1.541443,-0.479898,-0.72601,-0.025242,-0.954987,1.346573,1.854885,1.330062,0.376179,1.551652
validation,0,0,0.373468,-2.396596,-0.51121,1.177277,0.256457,1.121728,0.372517,1.412578,1.921488,0.063922
validation,0,0,-0.498707,-0.717614,1.148414,0.931218,-1.096506,-0.436462,0.589867,0.76583,-1.409396,0.012659
validation,0,0,-0.397941,-0.520429,-0.340851,-0.791003,-0.5817,0.917279,-0.192191,-0.899389,0.868963,0.693872
validation,0,0,-0.280735,1.054233,0.346573,-1.065685,-0.822819,-0.280631,-2.198513,0.804874,1.443763,-0.201228
validation,0,0,-1.379555,1.486298,0.542449,0.765034,-0.105022,-0.65036,1.109056,1.562496,-0.38987,0.595131
validation,0,0,-1.183397,-1.905932,1.546533,0.877492,0.189139,-1.270127,-0.982181,-0.189305,-0.673897,1.464893
validation,0,0,0.509789,0.251928,1.457737,-1.546804,-1.408111,-0.853238,0.212209,0.76108,-0.054216,1.861643
validation,0,1,0.819664,2.029327,-1.229793,-0.413806,2.244086,0.393349,1.042011,0.51182,-0.076313,-1.507449
validation,0,0,0.165252,-0.577404,-0.23731,1.556528,1.310561,-0.229319,-0.746944,-1.53448,0.937261,0.413943
validation,0,0,-1.118492,1.224043,-0.004834,-0.461331,-1.290674,1.06842,0.764591,0.817522,-0.099782,0.532046
validation,0,1,-1.052668,-0.9608,1.380197,-0.151636,2.043149,1.68172,0.386584,0.575071,-0.103618,-1.210504
validation,0,0,0.915092,-0.571512,0.436664,-0.573543,0.652357,0.222785,1.503277,0.583814,1.166774,-1.598743
validation,0,0,-0.262562,-0.525267,0.093147,-0.248079,-1.265866,0.234053,1.214639,-0.259883,0.278883,-0.525574
validation,0,1,0.506665,1.30959,0.553391,0.870033,-1.009824,0.148264,-0.589201,0.16571,0.888311,-0.881783
validation,0,0,-1.073161,0.185704,-0.25869,0.637812,-0.380575,0.652172,0.912165,-0.13586,1.096932,-0.184989
validation,0,0,0.055925,-0.91704,0.249921,-1.237022,0.835554,-1.422162,0.523653,1.672477,-0.926691,-1.309953
validation,0,0,0.863988,-1.245249,-1.011038,0.25895,0.229725,-0.980928,0.205013,-1.323963,-1.924188,0.991952
validation,0,1,0.295252,-0.795903,0.061668,-0.010941,-0.117112,-1.955019,0.203467,-0.548856,0.214926,0.099651
validation,0,0,0.112166,0.008933,0.007208,0.804251,-1.243378,0.065164,-0.359063,-0.17932,0.339637,-0.289192
validation,0,0,0.234731,-0.016938,-0.860705,1.245761,-0.303829,0.805896,-0.250619,-0.778638,0.721038,0.341693
validation,0,1,0.939491,1.052453,-0.426092,0.076465,0.173221,1.572747,0.16318,1.028141,1.411712,-2.235052
validation,0,0,1.463994,0.988455,2.956802,-0.386509,1.043694,-0.157376,0.080793,-0.009589,-0.099899,-0.968674
validation,0,0,0.969583,-0.267172,0.187062,1.40523,-0.394387,0.045406,-0.946933,0.465824,-0.230905,-0.179688
validation,0,0,-0.105292,-0.217955,1.353393,-0.723917,1.667217,-0.44755,-1.299304,-0.762419,-0.968711,-0.165349
validation,0,0,-1.709669,0.52672,0.054579,0.93655,0.890045,0.058839,1.184838,-1.89917,-0.781801,-1.325923
validation,0,1,1.369214,-0.707561,1.395875,-1.836171,-0.47457,-0.401434,-0.232859,1.042719,0.046816,0.784189
validation,0,0,-0.082418,-0.112356,-0.120365,-0.270514,-0.853342,-0.483696,-1.50422,1.469619,-0.375788,1.809357
validation,0,0,-0.948871,0.719613,0.535577,1.83338,0.909757,-1.013616,0.819277,0.614577,0.669808,0.334056
validation,0,0,0.005314,0.423439,-1.540465,-0.553237,0.022748,-1.012041,-0.222234,-1.948161,0.591706,-0.985246
validation,0,0,-0.750332,-0.493516,0.319743,0.137207,-0.345762,0.844781,0.524956,1.011393,1.869528,1.332636
validation,0,1,-0.455441,-0.467179,1.054803,1.330143,0.598914,0.381904,-0.469199,1.077619,-0.707252,0.121587
validation,0,0,-1.461525,-1.226375,-0.634062,-0.047572,0.731843,-0.496413,0.441626,-0.611152,-0.199727,-0.159061
validation,0,0,0.311095,0.606124,-2.593994,-0.065762,-0.821805,0.448356,2.512885,2.525075,-1.294849,0.240457
validation,0,0,-1.659448,-1.762132,0.99627,-0.214778,0.565757,2.304852,0.756085,0.192132,-1.084676,-0.993992
validation,0,0,1.734514,-0.029295,1.614679,-2.126194,0.163617,0.419502,-0.702073,-0.047405,0.584461,0.777859
validation,0,0,-1.664303,-0.708965,0.464746,0.728168,-0.608026,-0.749788,-0.405542,-0.544903,1.616461,-0.477604
validation,0,0,-0.063144,-0.828292,-0.868807,-0.111059,0.976813,1.286515,-0.81336,1.055215,-0.020259,1.08875
validation,0,0,-0.534899,-0.31616,0.425031,-0.88027,-0.007618,0.737379,-1.242769,2.478368,0.601442,0.716701
validation,0,1,0.106755,0.875645,-1.002027,-0.896447,0.291251,1.263271,1.412006,1.722546,-0.082845,0.861637
validation,0,0,0.144089,-0.67269,-1.141389,-0.329966,0.295399,1.317845,0.354424,-0.102183,-0.191113,-0.863774
validation,0,0,1.1902,0.443675,1.497316,-0.417838,1.209376,-1.339326,0.493357,-1.118323,-0.071202,-1.437838
validation,0,0,0.249604,-2.471645,0.90589,-0.190393,0.170529,0.317992,0.467229,-0.145387,0.631224,1.248368
validation,0,0,1.040882,-0.968442,-0.426503,1.526859,0.936106,-0.883595,-0.879316,1.203818,-0.356905,-0.559397
validation,0,0,-1.361333,0.692246,0.976134,0.863115,-1.252282,-1.445504,-0.550344,-1.202998,-0.526913,0.647629
validation,0,1,0.225877,1.538308,0.311789,2.6752,0.924901,-0.277454,-0.10778,1.148108,-0.246998,1.310558
validation,0,0,1.290851,-1.073298,-1.551421,0.408617,-1.614266,0.270637,1.251218,-1.453868,0.253449,0.252436
validation,0,1,2.736809,-0.428013,-1.244041,-0.308824,-0.196326,0.005381,1.237453,0.943747,0.612262,-0.41242
validation,0,1,0.437029,0.45601,-0.303279,-0.24424,0.201132,0.222134,-1.317761,0.704819,0.350269,0.199737
validation,0,0,-0.547654,-0.503031,0.669664,1.321683,1.10336,0.872924,0.114729,2.432973,0.966864,-2.390366
validation,0,0,-0.027553,-0.685089,0.196612,0.325411,-3.379719,-1.153429,-0.673406,-0.379231,-0.393035,-0.437039
validation,0,0,-1.623357,1.008331,1.185023,-1.33553,0.515455,-0.376711,0.976008,-0.114754,1.151718,-0.608565
validation,0,0,-0.483331,-1.307729,0.708971,0.735924,-0.279475,-0.309209,-0.480529,0.137689,-1.651082,-0.16786
validation,0,0,0.160626,-0.404274,-0.265008,-0.077588,0.235679,-1.721012,-0.38948,1.088262,0.749868,-0.378928
validation,0,0,0.252828,-0.476133,-0.236655,-0.693964,0.59708,-2.030603,1.296383,-0.710359,0.147354,0.494148
validation,0,0,-0.444105,1.87604,-0.182189,0.90551,0.192381,-0.543356,-0.473402,-0.71224,-0.128997,-0.808563
validation,0,0,-0.906277,0.420699,-1.419896,-0.931622,1.115872,1.063228,0.586064,0.187953,0.277884,-2.078984
validation,0,1,1.153054,1.318454,-0.258331,-1.338874,-0.64032,-1.838883,-2.265683,0.502901,-0.941168,-2.077169
validation,0,0,1.362708,-0.572166,-0.611701,-0.975924,0.044642,-0.690815,-0.018984,-0.878687,0.119149,0.81685
validation,0,1,0.538245,1.135954,1.676792,0.950689,1.061131,0.129399,1.434931,1.088907,0.360518,1.601035
validation,0,1,-0.03093,-1.235863,0.93046,-1.957296,-1.124787,-1.304946,-0.183378,-0.636156,-0.312859,-0.299365
validation,0,0,-2.923995,0.228642,-1.257256,-0.835764,1.49545,0.555963,-0.285837,1.16259,0.922957,-1.013058
validation,0,0,-1.012154,0.784191,1.720024,0.922947,-0.682076,0.397828,1.297258,0.119486,-1.212313,-1.741397
validation,0,1,1.908581,0.742588,-0.383308,0.117984,-0.534011,-0.72357,1.138757,0.809716,-0.330562,-0.28488
validation,0,0,0.320444,0.172758,0.226331,-0.626315,-0.121979,0.146232,-1.857651,1.148527,-2.461501,0.517973
validation,0,0,-1.530621,0.044216,1.017531,-0.515208,0.839733,0.243835,-0.430595,-0.488847,0.034152,2.082489
validation,0,1,0.578831,-0.863863,-1.125774,-0.196213,1.010851,-0.66638,-1.445213,-0.11254,0.084806,-0.115271
validation,0,0,1.29121,-1.262818,-0.515505,-0.672366,-1.483976,0.172541,0.20469,-0.718064,0.669152,-0.338298
validation,0,1,1.982602,1.252273,-0.783495,-0.713566,0.929605,-0.168127,-1.255054,-0.878036,-0.02833,0.806639
validation,0,1,0.631372,0.453326,-1.137024,-0.632604,0.043695,-0.45873,-1.220835,-1.118427,-0.803597,-1.800883
validation,0,0,-1.459921,1.360539,-0.014228,-0.292595,0.581669,0.457062,1.592435,-0.150396,0.549228,1.189242
validation,0,0,-0.424023,-0.528135,-0.789455,0.492481,0.8518,1.277682,-0.001977,-1.995192,0.604159,0.703646
validation,0,1,2.220946,-0.496939,2.371681,2.235797,-0.063762,-0.837992,1.216877,1.638502,0.075285,0.444331
validation,0,1,0.493147,-1.041136,-2.215367,1.200613,0.937577,0.307158,1.407839,0.283771,1.326035,0.287271
validation,0,0,-0.250487,1.874374,-0.682903,0.932537,-1.855175,0.907034,1.028947,0.341368,-1.274545,1.25999
validation,0,1,1.542059,-0.545339,1.065763,-0.674941,0.945994,-0.408796,-1.440838,-0.350765,-1.259841,-1.251943
validation,0,0,0.593433,-1.130762,-1.256419,-0.031392,-0.318398,1.727266,-1.424261,0.053886,-1.655547,-0.363162
validation,0,1,0.241997,0.965438,0.98637,-0.967399,2.158875,0.668752,0.512016,-1.029852,1.25661,-0.162976
validation,0,0,-1.199345,-0.505567,0.874122,0.947976,-0.824875,0.365517,0.636005,-1.325812,0.337109,-0.974086
validation,0,0,0.36401,0.522726,-0.829055,0.462287,-1.356665,-0.801712,1.237811,-1.657085,-0.148385,-1.128978
validation,0,1,0.548006,0.760505,0.588596,0.60649,1.464168,-0.243895,-0.410504,0.469951,0.565749,1.150422
validation,0,0,-0.674133,-0.737596,-0.03609,1.194984,-0.877513,1.665613,1.397491,-1.28819,0.257715,-1.438384
validation,0,0,-1.176075,-0.623635,1.4006,-0.789702,-1.103772,0.212262,-0.038717,-0.04623,0.599707,-1.357699
validation,0,1,0.75559,0.969121,0.405737,1.010474,0.081255,0.019168,1.629059,-0.46275,-0.531929,-1.344978
validation,0,0,-0.188011,0.897464,-0.67161,-0.209452,1.128089,-0.174911,1.293982,0.634363,1.179186,0.955451
validation,0,0,1.994908,0.684659,-0.751237,-0.607592,-0.400692,0.485675,-0.293776,0.071259,-0.386882,-0.500609
validation,0,1,1.076222,0.353102,1.331992,2.103011,-0.93541,-1.099188,2.554865,-0.076431,0.517715,-1.700121
validation,0,0,-0.969113,-1.114925,1.03802,-0.21657,0.619731,-1.16454,-0.424027,-0.907845,1.447363,0.437134
validation,0,0,1.589159,-1.553629,-0.213846,-1.462097,-1.900325,0.234836,0.476334,0.29912,-0.149591,0.747329
validation,0,0,-0.695992,-0.387499,-1.642897,-0.250289,0.483052,2.937669,1.331637,0.24504,0.073138,1.682768
validation,0,0,1.266828,-0.477923,-1.475374,0.626702,0.5065,-0.573646,-1.29981,0.982712,-1.034746,0.344839
validation,0,0,-0.378995,-1.515052,-1.175982,1.0414,1.7848,1.726312,2.027614,1.801521,-1.571653,-0.390246
validation,0,0,-0.718779,1.434435,-0.066085,-0.464746,1.859166,0.203268,-1.978394,-0.3962,-0.033049,1.347701
validation,0,1,0.435666,0.176764,0.225534,1.312614,1.250979,-1.005027,2.204723,-0.425498,0.671654,0.652814
validation,0,0,-0.844629,0.186781,-0.914261,0.276376,0.777932,-0.416381,-0.640219,2.036303,-0.598865,-0.252318
validation,0,0,0.382297,0.346402,-1.057067,-1.386663,-1.366879,1.204946,-1.264756,2.022221,-0.918558,0.80943
validation,0,1,-0.284846,1.345574,-1.273248,-1.015222,-1.142865,-1.040506,0.559177,-0.383511,-0.801234,-0.148872
validation,0,0,-0.255464,-0.303543,1.220793,-1.172837,1.35862,-0.495404,-0.22492,-0.225742,0.540219,-1.753986
validation,0,1,0.177685,1.788328,-0.518548,0.294447,0.710442,-1.636267,-0.18454,-0.168838,-0.30304,-0.476521
validation,0,1,0.189322,0.399889,-0.032017,0.773087,0.740667,0.49622,0.478618,0.270108,0.98468,0.150118
validation,0,0,0.841586,0.843941,-0.761206,0.692025,0.446078,0.864516,-1.465135,0.589964,-1.77647,-1.256686
validation,0,0,0.490034,-0.620714,-1.11397,1.742688,-1.055203,1.635319,-0.984106,-1.152709,0.113651,-0.047078
validation,0,0,-0.090547,-1.23193,-0.564036,-0.471083,-1.534656,0.631925,-1.207161,-0.918211,0.353132,-0.110736
validation,0,0,-0.170155,-2.375613,-0.448965,-1.218492,0.312406,2.613883,-0.169994,-0.230737,0.54483,1.173932
validation,0,0,-1.079079,0.761977,0.341799,-0.136763,0.213394,-0.825479,-0.612424,0.470458,0.399541,-0.056042
validation,0,0,0.342239,1.234007,-0.398031,0.272586,1.721733,-1.129562,0.060797,0.25628,-0.931531,-1.08065
validation,0,0,-1.572513,0.527864,-0.279822,-0.147204,-1.618388,0.775774,-0.755709,-1.285916,0.639669,-0.49722
validation,0,0,-1.823526,0.503753,-1.067634,0.61669,-0.667371,-0.409646,-0.123362,-0.363457,0.095328,0.596426
validation,0,0,0.636933,-1.149935,-0.898632,-0.624785,1.46523,-0.724768,2.038613,-0.83211,-2.184219,0.401191
validation,0,1,2.769386,-0.178606,-0.583671,1.655198,-0.937703,0.266969,-1.533097,-0.741747,-1.500103,0.898196
validation,0,1,0.327309,1.550222,1.843705,-1.499873,-0.245998,-0.557001,-1.549813,0.975328,-0.74695,-0.627266
validation,0,1,0.937082,2.25597,0.736884,0.63056,0.346666,0.015553,-1.373026,0.206929,0.543586,1.364174
validation,0,0,-0.017084,0.305027,0.859974,0.675524,-0.726405,-1.129124,-0.593951,-0.066869,0.181324,-2.852526
validation,0,0,-0.973564,-0.506156,0.362093,0.926194,0.162264,-1.832565,-0.351942,-0.206792,-1.739099,0.565058
validation,0,0,0.976969,-0.681177,0.101608,-0.833842,0.347332,1.467259,0.708148,-0.017342,-1.047887,-2.074343
validation,0,0,-0.085337,-0.161849,-0.909671,0.068248,-0.957085,0.213878,-2.095381,-1.856093,0.494318,-0.755927
validation,0,1,1.399145,0.389671,0.172471,-0.395378,0.262865,-0.141752,-0.063138,-0.195755,1.094039,-2.088771
validation,0,0,1.414472,-0.620681,-0.72114,0.785062,0.069246,-0.98114,-1.075595,1.079667,-0.983513,0.765717
validation,0,1,1.077656,1.080071,-0.206005,-0.435581,0.672924,-0.248121,0.638458,-0.65102,0.144144,0.164133
validation,0,1,0.181173,0.170124,-0.157904,0.143779,1.021113,0.145736,1.489483,-0.587404,-0.139401,-0.730185
validation,0,0,0.850388,-0.256672,1.254498,-0.4518,-0.256074,0.337447,-1.120932,-1.265167,0.143587,-0.280683
validation,0,0,0.032608,-0.175061,1.991154,0.362719,0.220169,0.716647,0.942765,0.239529,-0.109296,-0.143019
validation,0,0,-0.850719,-0.959479,-1.38448,0.132168,0.966871,0.916717,-0.150328,1.862377,-1.373077,0.229847
validation,0,0,-0.40338,-0.97155,-0.000467,0.957489,-0.346129,-0.011566,-1.767475,-1.171034,0.187235,-0.218293
validation,0,1,-0.252653,0.380487,-1.286352,-0.891869,-1.899872,0.195309,0.156917,-0.541432,0.871939,-1.26976
validation,0,0,0.971299,-0.636354,1.671216,1.486463,-0.641765,-0.712523,0.732541,-1.399679,1.133888,-1.070837
validation,0,0,0.891765,-0.445962,0.653901,1.044188,-0.630902,0.399092,-1.173962,-0.832136,-0.622475,1.604796
validation,0,0,-0.2352,-1.026282,1.323017,0.130167,0.372893,0.861992,1.273217,0.173474,-1.070997,1.72334
validation,0,1,1.678685,1.542703,0.444307,0.495807,-0.546764,-1.543657,-0.03836,-0.534918,0.122034,-1.01279
validation,0,1,0.011537,0.458805,0.776431,1.791226,-0.057517,0.022072,0.287274,-0.743896,0.880908,-0.880855
validation,0,1,0.524394,-0.001352,0.164178,-1.523652,0.76756,-1.637195,0.498887,0.402739,-2.259908,0.91843
validation,0,0,-0.257624,0.267805,0.635694,-0.244417,-1.215045,0.048165,0.178335,-1.161657,1.12498,-0.23635
validation,0,0,-1.997252,1.545924,0.0709,-1.474753,-0.800235,0.49755,1.291837,1.264917,-1.18738,0.231849
validation,0,0,0.597481,0.575561,-1.162382,-0.589979,0.770428,-0.372424,0.422733,0.692132,-1.186731,-0.365261
validation,0,0,-1.895387,-0.648442,0.52726,0.29531,-1.279531,1.016701,0.194123,0.961888,-0.601031,0.116135
validation,0,0,-1.744306,-0.250875,-0.097045,0.219839,-2.138991,0.764582,1.534492,-0.618961,0.793037,0.143773
validation,0,0,0.645422,-0.844649,1.499155,-1.200534,1.804692,0.379771,-0.673493,0.516543,0.291777,0.891832
validation,0,0,-2.236222,-0.216948,-0.252979,-0.160436,0.225321,0.887767,1.506462,-0.917462,-0.431497,-0.745154
validation,0,0,-0.205104,0.595548,0.031023,0.079269,-0.83087,0.509414,0.856386,-1.025657,-0.34668,1.533708
validation,0,1,-1.68821,0.865696,0.124496,0.379187,1.488433,1.26007,2.454908,-1.93403,-1.06262,0.882725
validation,0,1,-0.565669,1.146862,0.333762,-0.605518,1.109906,-0.456432,-0.830073,0.189581,1.997044,-2.312078
validation,0,1,0.554577,1.026032,-0.133831,0.545464,0.512506,-2.05171,0.707776,-1.404116,-0.30782,-0.248142
validation,0,0,-0.779835,0.739697,-0.411677,1.130335,0.871485,0.27057,0.577822,1.004232,-0.682278,0.500222
validation,0,0,-0.240201,1.031901,-0.500412,-0.980178,-0.455751,1.054094,0.984394,-0.893565,1.209944,-0.581889
validation,0,0,0.128723,-1.411515,0.192685,0.8116,-1.202827,0.136092,-0.624825,1.366287,0.369097,0.740087
validation,0,0,0.405664,-0.820022,-0.547285,-0.631958,-0.991702,0.656924,0.469371,0.928139,1.460979,-0.642204
validation,0,0,-0.693906,-0.285438,-0.190123,1.003172,-1.718894,-1.930489,-0.955536,0.374199,1.677045,-0.865399
validation,0,0,-2.190301,0.466656,0.734381,0.825047,-0.942039,-0.017332,-0.979578,-1.758111,0.034994,-2.119468
validation,0,0,1.323962,-1.267466,1.410883,1.099713,-0.106731,-1.228146,-0.738101,0.853138,0.868253,-0.429143
validation,0,0,-0.576644,-0.380722,1.321558,-0.656668,0.612825,0.946113,0.060285,-1.040095,-1.901941,0.137268
validation,0,0,-0.058411,-0.847204,-0.244976,0.346282,-0.387915,-0.492271,0.158665,-1.027113,0.683396,0.030145
validation,0,0,-0.215962,1.306771,0.885451,-1.828918,-1.378001,-0.098274,-0.113655,-0.387118,-1.135266,-0.832517
validation,0,0,-0.395053,-0.606027,-0.869208,2.110861,0.316901,-1.662204,0.777347,-0.801727,0.068231,0.013815
validation,0,0,-1.248755,0.467895,-0.093433,-0.673496,0.452868,0.610551,-0.258531,1.227983,0.144994,-1.714473
validation,0,0,-1.252901,-1.358827,-0.060692,0.786733,-0.417182,-0.084963,-0.345679,1.835787,-1.032286,1.309022
validation,0,0,0.067635,-1.223126,-1.084516,-0.808076,-2.788827,-0.837385,0.711788,-0.06815,-1.033065,-0.999195
validation,0,1,0.329085,-0.062462,-0.467729,-1.4659,-1.205182,1.479282,-0.341229,-0.586076,0.339461,1.295249
validation,0,0,2.021165,0.430877,-1.394724,0.180888,0.150318,-0.567093,0.254257,-0.446669,0.007355,1.18424
validation,0,0,-0.036152,-0.758395,0.896038,-0.060258,1.227204,-0.46155,-0.351014,0.311722,-0.743242,0.470656
validation,0,1,0.616285,1.182872,-0.256416,0.69029,1.904204,-1.366263,-0.100769,0.446918,1.931809,-1.567929
validation,0,1,-1.401686,0.301333,0.40289,0.555373,-1.087753,-0.183728,-2.613226,-2.008199,0.574944,0.137909
validation,0,1,0.731502,0.753286,-0.814888,-0.405146,-0.315201,0.562535,-0.041407,-0.353452,-0.904792,1.199694
validation,0,0,-1.118686,-0.127194,-0.963745,0.335467,-1.289142,-1.387943,-0.720495,0.206929,1.463064,-0.516601
validation,0,0,-0.283249,-0.001259,0.7715,0.039912,-0.072052,1.293055,1.434247,0.26289,0.458309,0.451632
validation,0,0,-0.765993,-0.643677,0.247873,-0.77582,-0.110933,-1.50458,0.565614,0.075963,0.606961,0.097331
validation,0,0,-0.996308,-0.70447,-0.632332,-0.287817,-0.355778,0.388444,1.315198,-1.077502,0.204734,0.263244
validation,0,0,-0.399542,-0.779401,0.313711,-0.367517,-0.339185,-0.986753,-0.314214,1.335492,-0.630982,0.457991
validation,0,0,-0.446618,-1.864209,0.631321,-0.623903,-0.564942,0.677505,0.578731,-0.11204,-0.178918,-1.926972
validation,0,0,-0.721437,-0.991012,-1.065046,1.839836,-0.122387,1.11635,-0.372713,-0.316778,2.081374,0.431812
validation,0,0,-0.7354,-1.264243,-0.460804,-0.810164,-1.944534,-2.19302,-0.034073,-1.920484,1.283662,1.492517
validation,0,0,0.557981,-0.128353,0.067182,-0.038202,-0.26376,-0.29249,0.914154,-0.177091,0.533731,0.405457
validation,0,1,-0.474461,-0.134699,-1.536562,-0.859574,-1.122926,0.098899,-1.67504,0.043475,-1.395755,-0.522957
validation,0,0,-0.568795,-0.495155,-1.030569,0.79484,-2.246489,-1.002343,-0.238813,0.449695,-0.213745,-0.849782
validation,0,1,-1.104407,-0.101415,-0.619066,-2.290156,0.639697,0.026768,-0.401732,0.640452,1.142246,1.306769
validation,0,0,-0.662249,-0.891276,0.370452,1.010477,1.038203,-0.090682,0.436751,-2.05042,1.021702,1.379657
validation,0,1,1.735027,-1.275702,0.283323,0.131757,0.425287,0.769778,-2.150026,-0.551463,-1.074457,-0.154634
validation,0,0,-0.742747,-0.399499,-0.20769,0.294262,-0.569973,-0.286225,-1.412588,0.280301,-0.878137,-0.609131
validation,0,1,0.556866,-0.255922,-0.848859,-0.502411,0.470603,-0.309141,1.046527,0.15369,-0.504702,0.207432
validation,0,0,-0.794911,2.014476,-0.322357,-1.016869,0.244661,1.057939,0.385093,0.071602,0.311636,0.213835
validation,0,0,-0.502017,-0.425342,0.14835,-0.334212,-1.352898,-0.518977,-0.612434,-0.835952,1.67858,0.59871
validation,0,0,-0.042889,0.694547,0.141976,-0.152757,-0.527406,0.259255,-2.202658,-0.190039,0.64211,-1.873467
validation,0,0,1.175492,-1.178083,-0.317093,-0.092671,-0.63928,-0.73323,-0.743836,-0.797681,0.310913,-0.824877
validation,0,0,0.575233,-1.636772,-0.86111,0.392803,-1.480064,-0.470309,-1.07325,0.612585,-0.371973,-0.268635
validation,0,0,0.258014,-0.846856,-1.090605,-0.260035,-1.399326,-0.484827,0.03078,0.545077,-2.836233,0.741094
validation,0,0,-1.793814,-0.025351,-0.055133,0.293652,1.183721,-0.711584,-0.904853,0.971048,-1.059074,-0.058024
validation,0,0,-1.353836,1.203569,0.04577,0.300746,0.357329,-1.351691,-0.238135,-0.377502,1.687434,-1.937618
validation,0,1,0.407093,0.521347,0.182184,-0.455951,0.012673,-0.661101,1.551446,-0.335491,-0.874422,1.348475
validation,0,0,0.183766,-0.485442,-0.573078,-0.02075,-1.58966,0.081826,-0.083256,-0.213569,0.190269,-2.134949
validation,0,1,0.664424,0.833438,1.565629,0.557519,0.03504,1.176643,-2.613307,-1.111808,0.260866,0.582679
validation,0,1,0.80676,0.903894,-2.075876,-1.627386,-1.095107,0.773538,1.080836,-0.177969,-1.394023,-1.621976
validation,0,0,-1.239617,0.807127,-0.821671,-1.53543,1.882497,2.490743,-0.077293,0.624224,-0.399088,-0.482019
validation,0,0,-0.342348,-1.643006,1.308742,-1.160636,1.097993,1.319742,-0.615638,1.276507,0.352799,-1.512079
validation,0,1,-0.042306,-1.126079,0.840501,-0.549579,1.30223,1.185492,-1.542232,-0.028691,0.280928,-1.00223
validation,0,0,-0.51227,3.141596,0.276019,0.254033,0.820638,0.033711,2.556287,-0.027987,0.705856,-0.083374
validation,0,0,0.907122,0.410031,1.142293,-0.00507,-0.501561,-0.322301,-0.731913,-1.120724,-1.308495,2.183695
validation,0,0,-0.275591,0.532269,-1.564979,-1.735228,-1.200669,1.326496,-0.433451,0.271799,-0.711019,-0.484957
validation,0,0,-0.239641,-1.652502,-0.570396,-0.228446,-0.37583,-0.46991,-0.743916,-1.069765,0.666709,0.789319
validation,0,0,1.072536,-2.338788,-0.261526,0.240875,-0.44552,-1.455454,-1.725022,0.25003,-0.580414,0.488596
validation,0,1,1.146505,1.643632,0.849636,-1.300464,1.515647,-0.576041,-0.418126,-0.104881,-0.884465,0.168806
validation,0,1,1.521457,0.324183,-1.052785,1.358817,0.600347,0.501983,-0.079287,-0.161724,-0.231926,0.261372
validation,0,0,-1.743177,-0.558813,-0.118878,-0.779327,0.985131,1.623433,-0.347916,0.800921,0.598216,0.179582
validation,0,0,-1.558229,-1.66763,1.013234,1.996562,-0.684539,0.617297,0.794376,-0.945736,0.603918,1.344752
validation,0,0,-1.256344,-1.606664,-0.161285,-0.804446,0.000651,0.697232,0.361711,-0.684775,0.614932,0.921281
validation,0,1,0.830782,0.734188,0.892393,1.610395,0.04061,0.087292,0.024208,0.096149,-0.826067,-0.299919
validation,0,1,0.491179,-0.232775,-0.615865,-0.544639,-1.701248,-0.675495,0.58883,0.294899,1.306737,-0.549596
validation,0,0,0.814823,-0.077585,-0.98813,-1.148666,-0.415851,1.564416,0.342078,-0.570235,2.463176,1.260797
validation,0,0,-0.911964,-1.051502,0.350015,0.347663,-0.181271,-1.525629,1.032801,-1.055606,-0.845951,0.381483
validation,0,0,0.533214,-0.305379,0.459549,-0.894712,0.75205,0.148584,-0.120925,-0.761845,0.201229,0.25509
validation,0,0,1.523452,0.224027,0.54369,0.491951,-0.568551,0.245364,1.309867,-0.795531,-1.159211,-0.364451
validation,0,0,0.36711,-0.845434,-0.807264,2.479256,-0.472848,-0.215015,-0.879721,0.54253,-1.00063,-0.247824
validation,0,0,-0.877659,-0.718684,0.680855,0.010781,0.42678,0.084475,0.15205,-0.684991,-0.931818,-1.886705
validation,0,1,-0.027076,0.334729,-0.035026,0.936542,2.515521,-0.509612,-0.173934,-0.468617,-0.412027,0.566537
validation,0,0,-0.206549,-0.006227,-0.340177,0.403567,-1.594478,-1.060486,-2.150027,-0.635493,-0.720037,-0.43287
validation,0,0,-1.068383,0.358908,0.949665,-0.143581,-1.182404,-0.47538,0.309075,0.451467,-0.376337,0.256479
validation,0,0,1.632382,-2.607789,0.035712,0.419435,-0.341634,0.385277,-0.367573,0.064848,0.830089,-0.698303
validation,0,1,1.104739,0.953202,-1.142419,-0.472821,0.791749,0.029261,-0.891629,-0.888872,0.926886,-0.481994
validation,0,1,1.482609,1.633624,0.271999,0.138877,1.403062,-1.094301,0.738812,0.05683,-0.15144,0.248497
validation,0,1,0.061859,0.9897,-0.037775,-0.729584,-0.564394,0.982122,0.426367,-0.50711,1.086915,1.068003
validation,0,0,0.179154,0.680472,-0.079987,0.990446,-1.25474,1.813684,-0.106288,1.262884,-0.397912,-0.50188
validation,0,0,0.586564,-0.305145,-1.827219,-1.129477,-1.473156,-0.993632,-1.346368,-1.372732,-0.116291,1.040025
validation,0,0,0.47138,1.13865,-0.867381,1.928508,1.615459,-2.008481,1.366136,-0.507776,0.851076,-0.225825
validation,0,0,0.090688,0.541911,-0.755911,0.297474,0.615131,0.313973,1.559449,2.629026,1.534076,0.319655
validation,0,0,-0.083766,-0.21669,0.462927,0.091476,-0.511269,-0.3962,1.032731,-0.713941,-0.907505,0.959415
validation,0,0,-2.636664,0.480355,0.688517,-0.934849,0.100758,0.455964,-0.028106,0.942693,-0.990409,-1.009268
validation,0,0,0.300837,0.907144,0.03675,0.794919,-0.431659,-0.275178,0.639039,0.016401,-1.084582,-0.716178
validation,0,0,0.265777,-0.610304,-0.372822,-1.131843,-0.291206,-0.715087,0.981608,1.047563,-0.299257,1.942722
validation,0,1,0.710765,0.617833,-1.50386,0.837467,-0.783308,-0.379296,1.037877,2.496699,1.314323,1.179657
validation,0,1,1.534993,-0.14295,1.513321,2.166896,1.20621,2.623434,-1.15707,-1.80328,0.482769,0.132122
validation,0,0,-0.09118,0.009295,0.496679,-1.409511,0.373765,-0.141495,1.108043,-0.224166,-1.478722,-0.362767
validation,0,0,-0.545111,-0.733592,0.682381,-0.240418,0.827891,-0.294876,-1.001083,-0.116074,-1.017983,1.107007
validation,0,1,1.320924,-0.467714,-0.033604,-0.290903,-0.085092,1.916656,1.743595,1.50778,0.693653,0.22019
validation,0,0,-2.137558,0.770002,-0.458144,3.470719,1.638222,0.98392,0.11431,0.537287,1.095684,-0.216167
validation,0,1,-0.445446,-0.732028,0.892033,-0.453299,-0.217671,0.932792,0.83856,-0.557756,-1.259909,-0.310764
validation,0,0,1.246776,-1.001628,0.340391,0.375058,-0.013198,1.073235,2.859305,-1.471034,0.220844,1.530705
validation,0,1,0.307365,0.075213,-0.326229,0.582614,1.177449,1.76631,-0.291753,1.209573,1.54965,0.046969
validation,0,0,0.043389,-0.586033,-0.348804,-1.753016,0.891103,0.836693,-2.057218,0.804835,0.565236,-0.627709
validation,0,0,-1.634809,0.025237,-0.370832,0.352641,-1.722846,-1.028523,0.315921,0.883464,-0.700255,0.629388
validation,0,1,-0.860261,0.291018,0.45166,0.15634,-0.743553,0.526221,-0.269744,-1.43976,-1.048434,-0.626812
validation,0,0,0.751056,0.710782,-1.025156,0.413852,0.242053,-1.223373,0.446992,-0.868001,1.463236,0.985812
validation,0,0,-0.207818,-0.276559,-0.475659,1.452885,4.250371,0.675541,0.814166,-1.54263,-0.618517,-0.880702
validation,0,0,1.14799,-0.173062,-0.353166,1.438162,-0.322555,-0.125875,-2.56023,1.051101,-0.511787,0.682223
validation,0,1,0.072123,1.305919,-0.055719,-0.388423,-0.77461,-0.033293,-1.334179,-1.28917,-1.17511,-1.613439
validation,0,0,0.803502,1.021165,0.011212,-0.572007,-1.964511,-0.620919,1.002773,0.288942,0.078556,-1.490926
validation,0,0,-0.552075,-0.325036,-0.457785,0.681634,1.193686,-0.777128,-1.065569,-0.616078,0.367355,-0.029304
validation,0,1,1.163915,-0.457924,1.894667,1.160459,1.216728,-1.998769,-0.625973,0.229728,-1.425387,-0.339437
validation,0,0,0.325313,-0.414687,0.807863,0.16237,-0.29263,0.091146,-1.343372,-0.492462,-0.527178,-0.132227
validation,0,1,0.164947,0.402659,0.368012,-0.109944,-0.573536,0.509938,0.699366,-1.622264,0.165324,0.216869
validation,0,0,-0.178729,-0.272028,-0.275101,-0.491081,2.001001,0.986483,-1.267032,-1.345217,0.30599,-0.590031
validation,0,0,-0.406458,-0.383186,-1.256974,0.565692,-1.386548,-0.751329,-0.157833,-0.849041,0.522491,-2.121879
validation,0,1,0.775625,0.041263,-0.170804,-1.597795,-0.024325,-2.703332,-1.228902,-1.389854,1.021956,-1.098037
validation,0,0,-0.210358,-1.29616,-0.887061,0.453747,0.094067,0.914555,0.622357,0.444442,1.45875,-0.786281
validation,0,0,-0.331154,0.385074,1.139831,-0.467483,0.315145,0.661878,-1.111962,0.571328,0.447121,0.662569
validation,0,0,-0.692476,1.137332,-0.735977,-0.477094,-0.313046,1.192044,-0.23997,0.489517,0.285536,0.240843
validation,0,0,0.701862,-1.241974,-0.700197,2.551548,-1.463063,-0.747469,-1.416647,1.486125,-0.454808,-0.052777
validation,0,1,-0.714667,0.74038,2.394864,-0.298794,0.315778,0.231058,-0.917087,0.07615,0.740784,-1.131831
validation,0,0,1.655409,0.523325,0.792053,-0.202073,1.398733,0.318207,1.902271,-0.523954,-0.23934,-0.544786
validation,0,0,-0.49362,1.854159,-0.280278,-0.567083,-1.384095,-1.078261,-0.241847,-0.569291,0.128428,-0.749838
validation,0,1,-0.837279,0.032764,1.444892,-0.219677,1.183817,2.056633,-0.884459,1.562936,-0.574347,0.210118
validation,0,0,-0.062433,-1.28443,-0.283783,-0.926776,-2.91654,-0.862937,1.431527,0.081711,-0.199685,0.460858
validation,0,0,-0.568645,-0.100659,-2.402624,0.607896,1.644677,0.323275,-1.183825,0.714065,0.408186,-0.832832
validation,0,0,1.078309,-1.066394,-0.343814,-0.047643,-0.947363,-0.492182,-0.918648,-0.959399,-0.502106,-0.502027
validation,0,0,0.134174,-1.755642,-0.677754,0.118337,0.274495,-1.000938,0.150374,-0.415267,0.993242,0.604133
validation,0,1,-0.318802,-0.354363,2.705031,0.416067,-0.274692,0.144419,-0.920965,-2.261838,-1.156144,-1.399207
validation,0,0,0.016685,-0.202952,0.287497,0.140889,1.064288,-2.722967,0.689165,0.368341,-0.03319,0.283579
validation,0,0,0.72566,-1.731202,-0.872795,-0.275717,0.028762,0.170617,0.096737,-0.93669,-0.141134,-0.784426
validation,0,1,0.538794,0.739218,1.079729,-0.521037,-1.042303,-1.691899,0.220902,1.080414,-0.822228,0.922564
validation,0,0,0.222107,0.744664,-1.720503,-1.125592,-3.200003,-0.637038,1.612011,-1.284778,2.2782,2.205951
validation,0,1,0.924588,-0.297823,1.346882,1.052166,-0.38299,-0.678978,0.867539,-0.690485,-0.382688,-0.677973
validation,0,0,0.09202,-0.13991,0.656719,-1.146999,0.060369,-0.161829,0.360632,-0.462267,0.05285,0.139206
validation,0,0,-1.063232,-0.649871,-0.782277,-0.784698,1.090428,-1.218044,0.06631,0.749019,-0.502432,0.378613
validation,0,0,0.339176,-0.840183,-2.664192,-1.157005,-0.388589,-0.055438,0.441414,-1.207933,-0.876053,-0.272979
validation,0,0,0.834424,-0.033861,-0.399821,-0.250298,0.68276,-1.721504,-1.945358,-0.61431,-0.738274,-0.797418
validation,0,1,0.352768,-1.044893,0.768966,-0.05097,0.572924,0.363157,0.404342,1.162481,-1.05925,-0.651573
validation,0,0,0.443553,0.211398,-0.283709,1.642156,0.392278,-1.786632,-0.274894,0.629436,-0.672789,1.938306
validation,0,0,-0.832275,-0.809419,-0.017016,1.47312,-1.570262,0.694021,2.451045,1.321153,-0.364948,0.419331
validation,0,0,-1.719401,-0.67251,0.562881,1.167835,1.081662,-0.681132,0.437779,2.257006,0.376254,2.001006
validation,0,0,1.047374,-0.784739,-0.548203,-2.046714,-0.05326,-0.287546,-2.190657,-0.042326,-1.743135,-1.311741
validation,0,0,1.291356,-0.281431,-0.350905,-1.041615,-1.897015,0.251654,-1.263571,1.671944,0.8967,-0.255717
validation,0,0,-0.930501,-1.148575,1.436858,1.253965,1.314515,-0.395777,0.031347,-1.868967,-0.727752,0.011734
validation,0,0,-1.596842,0.75719,0.935659,-0.794864,0.123715,-1.203079,-0.330819,1.136566,0.640245,-0.198513
validation,0,0,-1.876652,0.44109,-0.174386,2.057013,-0.385532,1.069685,0.538431,0.674299,-0.294641,2.699188
validation,0,0,-0.20364,-1.085531,0.883187,-0.484046,-1.083484,-1.173703,2.294124,-0.831438,-0.367909,-0.931604
validation,0,0,0.005385,-0.713182,0.486551,0.755995,0.702304,0.829652,-1.711958,0.209286,2.017189,-0.678996
validation,0,0,-0.841257,0.793268,1.148645,0.132435,-1.291538,-0.821105,-1.451293,1.055265,-0.537519,-1.045613
validation,0,1,1.2159,-0.049022,1.768655,1.88385,-1.020687,0.902774,-0.787583,1.237215,-0.102544,0.124257
validation,0,0,-0.468957,0.762562,-0.987534,-1.096439,0.35786,-1.381824,1.075806,-0.027213,-0.174553,-0.420444
validation,0,0,-0.339535,-1.683084,-1.465273,-0.815213,-0.89583,0.412911,-0.540499,2.208945,-0.955323,-0.614393
validation,0,0,-0.464513,0.35578,0.370531,0.798287,0.37361,-0.507761,0.446035,-3.748952,-0.297393,0.890713
validation,0,0,-1.289728,1.240933,-1.487838,-0.546928,-0.058202,0.562859,1.441939,-0.418803,0.248699,1.225724
validation,0,1,0.912025,-0.833848,1.642573,-0.521685,0.518483,0.464266,0.93275,0.056775,2.922081,0.214408
validation,0,0,0.499525,0.683137,1.126837,-1.419324,-0.408027,-1.249367,-0.672778,0.452488,0.477562,0.377017
validation,0,0,0.193422,1.059443,3.121617,-0.701852,0.237588,-0.943522,-0.036348,-0.22414,1.685339,1.463588
validation,0,1,0.656556,1.833721,0.353402,-1.638664,0.030903,0.639,-1.081764,-0.022363,-1.137977,-0.845425
validation,0,0,1.005489,0.706609,-1.268415,-0.963634,-1.486047,0.955173,-1.437514,0.317168,-0.567769,2.129363
validation,0,0,-0.727898,-0.9719,0.299222,-0.950618,-2.426197,0.001945,-1.076963,-0.254268,-1.049613,0.986553
validation,0,1,1.473246,-0.135636,1.860799,-0.225835,-0.51419,-1.705345,-1.023518,0.802526,-1.849479,0.765457
validation,0,0,0.389631,0.193855,2.391399,-1.359538,0.659268,-0.581191,0.04892,-0.475682,-1.468161,0.485856
validation,0,0,-0.951138,-0.635902,-0.31818,-0.539279,-0.711994,0.975842,-2.119403,-1.155255,0.027176,0.00881
validation,0,0,-0.441971,0.551058,0.600881,-1.229414,0.068384,2.617861,1.139331,2.254156,-0.227407,-0.027923
validation,0,1,0.670246,0.86188,0.361304,1.119884,-0.095802,-1.296166,2.165508,-0.862755,1.382871,1.222212
validation,0,0,0.619569,0.570129,-1.399651,-0.865602,0.434959,-0.373661,0.171725,1.88279,0.880771,-0.561626
validation,0,0,-1.104974,-0.157454,0.377363,-2.037611,0.780251,0.287034,-0.876209,-0.762663,0.975601,2.392727
validation,0,0,0.09386,1.464606,1.50187,1.795429,-0.751788,1.234256,-0.560514,-1.255464,-0.033044,0.715194
validation,0,0,1.237899,0.319237,1.07641,-0.952671,0.886468,-0.152589,0.365746,0.131637,-0.890179,-1.15486
validation,0,1,0.856966,0.007539,-1.081108,-0.422015,0.763204,0.723998,0.304565,2.028982,-2.037046,2.813278
validation,0,1,0.09556,0.207169,2.22184,-1.435833,-2.180981,0.567038,-0.344317,-0.875238,-0.045679,0.190372
validation,0,0,-0.358321,0.563507,1.565542,1.690586,0.80039,-0.8961,1.273387,-0.122261,1.559412,-0.394614
validation,0,0,-2.212477,-0.790992,-1.170989,0.457133,0.984907,-1.003152,0.154134,0.525288,0.96098,-0.910677
validation,0,0,-1.838465,0.385242,1.785075,-0.755316,0.438222,-0.466637,0.75319,0.779964,0.498918,-0.908872
validation,0,0,-1.085,-1.370394,0.907623,0.572985,0.230614,-1.330906,0.764483,-1.234085,-1.675126,0.618956
validation,0,0,1.105429,0.651634,0.749752,-0.054843,-0.798239,-0.068449,1.787915,-1.01413,-1.624481,-0.624592
validation,0,1,0.881082,0.260338,-0.228839,0.57655,1.570867,0.679591,-0.459265,-0.370409,-0.709271,-3.595696
validation,0,0,-1.069237,-0.137181,-0.167781,0.313934,1.456974,0.918296,-0.922625,-1.428459,-0.546875,-0.535543
validation,0,1,0.564169,0.515978,-1.087794,-0.914173,0.709157,-0.055901,0.585593,-0.481123,0.521067,-0.803359
validation,0,0,-0.789213,0.636376,-0.262257,-2.053018,0.299048,0.691996,0.385553,0.074609,0.305477,-0.547039
validation,0,1,1.394423,0.768941,-0.898535,1.095492,-2.20813,-1.243624,-0.004933,-0.437207,-1.469185,-0.005902
validation,0,0,-0.436023,-0.630332,-1.012045,0.348316,0.170476,0.137237,-1.072478,-0.35013,0.60427,-0.150174
validation,0,1,0.835222,0.728176,-0.349302,-1.014946,-0.812113,0.432652,-0.500515,-0.62816,-1.974071,-0.177781
validation,0,0,-0.375918,1.009922,-1.276885,0.802725,0.483352,2.201632,2.425547,0.677265,-0.855166,-1.915243
validation,0,0,-1.22132,-1.253214,0.964532,-1.940861,0.301071,0.091858,1.054426,0.846763,-0.493135,-0.595626
validation,0,1,0.069085,-0.394963,0.387658,-1.203182,1.225861,-0.762155,1.140156,0.610745,0.574774,-0.443079
validation,0,0,0.040379,0.682122,0.436122,0.365663,0.234311,0.334677,-0.193802,-0.549347,-0.209764,0.446789
validation,0,0,-1.002252,-0.642138,-0.17307,-1.643435,0.475389,0.154498,0.584352,-0.594246,-1.529264,-0.282345
validation,0,0,-1.148826,-0.679639,0.815362,-0.73301,1.096592,0.429348,0.899076,-1.607544,1.892096,1.681674
validation,0,1,-1.210771,-0.045827,0.338783,-1.208617,0.866986,0.132523,0.843185,0.514554,-0.354993,-0.863947
validation,0,1,2.825662,0.598629,-0.409502,0.397776,0.793842,0.447226,-0.782712,0.219003,1.425869,0.432697
validation,0,0,0.568112,0.145524,-1.491126,-0.461936,0.742045,-1.392398,-0.219334,0.635997,0.73199,0.980836
validation,0,0,-1.066563,-2.875991,0.092427,-1.726616,0.600088,-0.470493,0.355196,-1.705331,-0.43401,-0.475177
validation,0,1,0.541668,0.321366,1.325257,0.077309,0.75,-1.633941,1.61488,-0.707153,1.007011,1.076613
validation,0,0,-0.723427,-1.230317,-0.156033,-2.206693,2.066216,1.696843,1.747364,-1.877627,-0.932108,-0.383478
validation,0,1,0.869819,-0.813807,0.704459,-0.092465,-2.095235,0.610555,-0.637265,-0.916755,-0.71646,-0.707892
validation,0,0,1.018876,-0.692194,1.393953,-0.907319,0.599748,-0.679026,-0.945288,0.064103,0.341612,1.845719
validation,0,0,0.795654,-1.858088,0.06817,-0.141334,-0.578966,-1.24576,1.870746,0.046305,-2.085498,1.0638
validation,0,1,-0.760855,-0.620785,1.913744,-0.406476,0.377846,-1.319147,-0.384287,0.343742,0.677737,0.143391
validation,0,1,1.32445,-0.05755,0.32131,-0.862951,0.7128,1.786251,-0.026146,-1.683221,0.114151,0.785466
validation,0,0,0.527899,0.665151,-2.081117,-0.707949,-0.285164,-1.299369,1.306131,-0.183901,-0.114586,1.067165
validation,0,0,0.347463,0.857318,1.151386,-0.345801,0.802665,-1.529451,-0.983339,2.333768,-0.036778,0.421855
validation,0,0,0.728219,-0.963991,-0.746013,-0.520105,0.802497,0.251535,0.306293,-0.215167,1.722582,0.193155
validation,0,0,-0.361376,0.092754,-0.032501,-1.741013,1.037649,-0.815573,-0.122306,-1.300632,0.79487,0.918968
validation,0,0,1.539956,-0.513164,-2.381096,0.212329,-1.801763,-0.455975,0.501674,0.233015,0.368525,1.718404
validation,0,0,0.815721,-0.231109,1.101474,1.454029,2.638003,-0.833522,0.272632,1.699981,-0.722595,-0.028918
validation,0,0,0.419814,-0.529689,-0.29577,0.618608,0.356235,-0.994245,0.103634,0.079268,-0.022356,-1.652751
validation,0,1,-0.249417,0.592079,1.626886,-0.624402,-0.004173,-1.451209,1.191806,1.190659,2.448663,1.211217
validation,0,0,1.212889,-0.713135,0.471956,0.100623,-0.358052,0.304057,1.821095,-0.517927,-0.227393,-0.525864
validation,0,1,1.89714,0.48738,0.344249,0.877205,-1.850363,0.736935,-0.103502,-0.20867,0.961963,0.767531
validation,0,0,-1.491834,-0.1306,0.659837,-0.551081,-0.012497,0.638189,-0.40262,0.583401,0.293069,-1.021672
validation,0,0,-0.354454,-0.507037,-0.30505,-0.613813,-1.296759,0.826194,-1.24071,-1.887306,-1.754673,-0.436913
validation,0,0,0.855777,-0.162119,0.197726,-0.121889,-0.550754,-0.803828,0.666984,0.074308,1.761523,-0.794383
validation,0,0,0.015906,0.518115,0.214006,0.303613,-2.761874,0.748308,-0.395304,-1.029874,-0.399401,-0.193218
validation,0,0,-0.585035,1.39385,-0.126769,-2.071776,-1.98349,1.510114,-0.651189,-0.457916,0.927632,-0.052507
validation,0,0,-0.005414,0.509862,0.357956,-1.142963,0.805469,-0.722337,0.019725,-0.193696,-0.579484,-1.376233
validation,0,0,-0.86683,-0.646484,-0.110185,-1.482816,-0.905396,0.351339,-0.494888,-2.011782,-0.799294,-0.06131
validation,0,0,0.614067,0.264562,0.524599,1.147371,-0.967154,1.809325,-1.78717,1.116882,2.076056,-1.321558
validation,0,1,1.214216,-0.012712,0.825282,0.357656,1.782715,-1.595219,-1.201723,0.50193,0.409795,-3.172188
validation,0,0,-0.349528,-0.917245,0.177348,0.133698,1.197373,0.896668,0.616762,-2.117148,1.70238,0.388834
validation,0,0,0.048638,1.507099,-1.627001,-0.033676,-0.77474,-2.03079,-0.116832,1.394164,-0.134299,-0.950797
validation,0,0,-0.022893,-1.397763,0.29534,-1.168352,-0.817205,-0.872501,-2.035693,1.980418,-0.077457,-0.582132
validation,0,1,-0.091924,0.98344,0.092068,-2.094153,-0.357564,-0.235091,-0.739548,0.380339,-1.187763,0.868069
validation,0,0,0.190764,-1.842679,-0.393306,-1.082417,1.656429,1.099079,-2.442446,0.436058,-0.566598,-1.571719
validation,0,0,-1.26087,0.557049,-0.193876,-0.364796,0.653667,-1.38485,-1.298971,-1.037949,-0.019492,1.646364
validation,0,0,-0.877485,-1.495546,0.053314,1.482161,0.502458,0.882327,-0.117966,1.666903,0.663671,-1.697674
validation,0,1,-0.450902,-0.757132,1.164521,-0.534832,-0.6379,-1.733593,-1.904037,1.318441,-1.17184,-1.449505
validation,0,1,-0.560415,1.138982,-0.452237,0.777477,0.598106,0.33025,0.703801,0.753432,-0.367094,-1.388733
validation,0,0,0.090581,-0.895435,0.017236,-1.410913,0.064792,0.582358,1.220178,-0.571469,1.077631,2.166683
validation,0,0,0.26586,1.918396,-1.449321,-0.502189,-0.209031,-0.880075,0.417001,0.459225,-0.442376,-2.020718
validation,0,0,-0.670892,-0.596659,-0.702039,0.235163,-0.436302,-0.146409,-1.090806,-1.066806,1.378329,1.034495
validation,0,0,1.865611,-0.031086,-1.991459,0.310592,-0.693833,0.259703,-0.013186,-1.410216,-0.525744,-0.813
validation,0,0,0.468982,1.477861,-0.40524,0.550113,0.487208,1.275369,-0.372787,-0.907456,-0.275471,1.643845
validation,0,0,0.609825,-0.29579,2.848177,-0.966756,1.547884,0.132679,1.033946,0.186049,0.21545,1.498932
validation,0,0,-0.45497,-1.0914,0.29071,-0.175873,-0.314737,-0.360275,0.570018,0.05509,-0.560159,-0.520126
validation,0,0,-0.088177,-1.224098,0.558765,-0.829368,0.994921,1.060305,1.002206,-1.509425,0.062893,0.250514
validation,0,0,-0.722497,-0.352707,1.677945,1.273887,0.646967,-0.322052,0.314082,0.195386,-1.070334,-0.442836
validation,0,0,-0.381545,1.114471,-1.887535,1.418545,0.584198,-0.041283,-0.606794,-1.454497,0.96179,-0.83752
validation,0,0,-0.101271,-0.249492,-1.463673,0.671426,0.159455,-0.720825,0.336907,-0.293843,0.390168,-1.442389
validation,0,1,2.286215,0.273176,1.804992,-0.428583,-0.861973,0.553267,1.697279,-0.972265,1.453277,-0.316704
validation,0,0,-0.247886,-0.059788,0.464194,-0.059754,-0.254531,-0.435665,0.21285,-2.359986,-0.337566,-0.19444
validation,0,1,1.838875,0.706607,-1.345909,0.087724,1.252351,-0.202274,-1.218327,-1.095607,-0.735397,0.650816
validation,0,1,2.055392,-0.898701,1.403936,0.066413,0.721485,0.199918,1.164137,-0.126554,-0.779965,-0.199977
validation,0,0,-1.203497,0.742369,-1.646322,-0.525594,0.336854,0.286179,0.201917,0.202732,-0.543595,-1.10032
validation,0,0,-0.050975,-0.538697,-0.886321,0.999512,1.289587,0.978563,-0.049712,-0.017587,-1.758435,-2.659608
validation,0,0,-0.852104,2.208942,1.63938,0.006218,-0.323083,-0.783707,2.446295,-1.881612,-0.317558,-0.527267
validation,0,0,-0.076219,-0.212919,0.115089,0.094847,0.027594,0.448991,-0.224919,-1.771959,0.51577,0.565043
validation,0,1,1.850046,0.280582,-1.820527,0.129925,1.25936,0.151695,0.570822,1.294397,-1.955746,0.004045
validation,0,1,1.703768,0.877352,-0.837437,-0.887327,-0.47613,0.944721,0.170727,1.263839,0.829254,1.252418
validation,0,0,-0.778316,-0.257131,-1.445053,-0.698024,0.999078,0.119344,1.183196,2.492448,-0.195146,-0.616305
validation,0,0,-1.055748,-2.009194,-0.162013,0.186662,-0.194068,1.414008,-0.88389,0.914802,1.416322,0.151758
validation,0,0,-0.470261,-0.098848,-0.496416,0.877612,1.910104,1.238244,-0.192604,0.588499,0.511974,0.400434
validation,0,0,1.34553,0.823056,-0.697333,1.365557,0.168997,-1.598768,-0.85672,-0.881989,0.23822,-0.769831
validation,0,1,1.113481,-0.669599,0.695131,1.232166,0.826786,-1.063788,-0.369041,1.080361,2.466174,-0.624985
validation,0,1,-0.825374,1.101457,3.10667,-0.363905,0.151815,-0.456188,-0.023975,-1.95866,0.010226,-0.593848
validation,0,0,0.033062,-0.493169,-0.730039,-1.282039,0.498075,1.169419,1.335141,1.401027,0.340791,-0.208009
validation,0,1,0.802647,0.390615,1.46694,2.290973,-0.666118,0.411855,-2.074494,-0.469513,-1.290055,1.511944
validation,0,1,0.023802,1.497467,-0.770043,0.924793,-0.035655,-1.157037,0.923057,0.269971,1.20657,0.177321
validation,0,0,-0.559044,1.874909,-1.316781,0.641408,0.31754,0.430938,1.146695,-0.800783,0.353533,-0.121547
validation,0,0,1.785718,0.444421,-0.118362,-0.308396,0.006442,-0.36893,0.229464,-0.001299,-0.166166,0.472501
validation,0,0,0.06364,0.372327,-1.961259,0.37363,2.24198,-2.148172,0.735203,1.581787,0.978997,0.455045
validation,0,0,-1.193788,1.248529,2.210138,-0.67509,-1.682412,-0.10796,-0.531858,-0.594342,-1.08499,-0.868066
validation,0,0,-0.150686,1.167697,-1.402458,-1.047919,-0.111759,-0.637052,-1.520338,-0.347995,-0.946147,-0.100994
validation,0,1,1.56683,-0.007636,0.962913,-0.504418,-1.526502,-1.270506,0.472287,1.627129,0.048323,-0.476661
validation,0,0,-0.244392,-0.567267,-0.614293,0.27377,0.150811,-1.531645,-0.172926,0.334359,1.102401,1.569541
validation,0,0,0.006144,-2.081603,0.91031,0.937231,-1.304429,0.624692,-1.337331,-0.668234,0.06278,0.286265
validation,0,1,0.812363,1.247887,-1.34454,-0.347505,0.788982,1.199744,1.32241,0.217353,0.114701,-1.227724
validation,0,0,0.625811,-1.454423,0.342596,0.18229,0.749642,-0.121914,1.452446,-1.520742,1.19866,1.003477
validation,0,0,-0.470728,1.145036,-0.522155,-0.630644,0.102726,0.108978,-1.210486,-0.516973,-1.729512,0.217265
validation,0,1,1.760187,-0.107048,-0.464863,0.082939,-1.065774,-1.020441,-1.352607,0.201098,-0.770225,-0.883562
validation,0,0,-0.385428,-0.026459,0.244194,0.85977,-0.969133,1.261337,-0.38433,1.691027,0.859156,0.920447
validation,0,1,-0.454303,-0.320914,1.631735,0.729259,0.128603,1.483049,-2.288601,-0.5044,0.874935,-1.384404
validation,0,0,0.484957,0.553599,0.82163,0.39036,-0.506475,-1.343297,0.414988,1.0303,1.276993,-1.577675
validation,0,1,0.042975,0.677522,-0.31804,-0.88036,-0.470222,2.107487,1.885216,1.302883,0.251575,0.092149
validation,0,0,-0.381018,1.475819,0.439077,-1.378558,-0.296028,-0.151254,-0.886497,-0.569087,-0.85797,-0.949381
validation,0,0,-0.369643,-1.593181,1.250367,0.357134,-1.46008,-1.162555,-0.292302,-0.438275,0.664531,-1.84793
validation,0,0,-0.003984,-1.060746,-0.463611,0.875287,-0.63015,-0.382291,0.504206,0.476508,2.276346,-0.437072
validation,0,0,-1.062696,0.34907,-1.650133,0.066921,-1.159269,-0.515041,0.290568,1.476026,1.445501,-0.62546
validation,0,0,0.149846,0.933741,-0.354683,0.660646,1.113349,-0.207316,-0.388911,0.690553,-0.07039,0.89691
validation,0,0,0.329964,-0.173112,1.492132,0.703316,0.183711,-2.775869,0.866721,-0.910914,0.433799,0.327225
validation,0,0,0.255267,0.832078,0.571431,0.365287,-1.331302,-1.036305,-0.232966,0.082797,-0.212525,0.065158
validation,0,0,0.516341,-0.313418,-1.608356,1.235312,-0.301315,-1.70664,0.384911,1.930625,-0.755048,-0.882926
validation,0,0,-1.005016,-2.53712,-0.551985,0.416892,-1.10935,-0.038589,-0.121138,0.241873,0.564254,1.414714
validation,0,0,-0.929598,-0.565158,-0.047009,1.473592,1.229126,0.672241,0.928795,-0.113518,-0.063144,1.885202
validation,0,1,0.027207,-1.527066,1.227762,-0.030837,1.108395,-1.107834,0.829397,0.039203,-1.929083,1.747285
validation,0,0,0.179347,0.482928,-0.772115,1.285349,-1.212186,0.661327,-1.385973,1.387641,0.040976,-2.183699
validation,0,0,0.762625,-0.522117,-0.392341,-0.050809,0.497036,-0.231981,-0.020671,1.27056,1.001538,-1.662921
validation,0,0,-1.266765,-0.069163,-0.204739,-0.828875,-1.106946,0.545084,-0.230885,-0.394544,-1.593039,0.078931
validation,0,0,-1.428785,-0.619329,0.479821,0.482594,1.165667,0.268965,0.825011,0.229739,-1.037263,0.813385
validation,0,0,-1.506437,-0.500294,0.141427,-1.416045,-1.230177,-1.697685,0.967071,-0.26243,0.86285,-0.936909
validation,0,0,0.163182,0.356061,-1.379581,0.131611,0.613866,0.639796,1.237066,-0.539159,0.212718,1.215809
validation,0,0,-0.642331,0.088668,-0.629575,2.156423,1.439389,-1.470631,-0.483307,-1.890168,1.299979,-0.608191
validation,0,0,0.024853,-0.034522,-0.360153,-0.3156,-0.309044,-0.753843,0.805218,-0.480184,-0.651575,0.014008
validation,0,0,-0.33915,0.370937,-0.552839,-1.397818,1.271907,0.536577,0.686451,1.066062,-1.698634,1.151767
validation,0,0,-1.630229,1.267417,-1.842152,-1.415064,1.032737,-0.744086,1.281694,-1.884823,0.713669,1.298134
validation,0,0,-0.784283,0.690426,-1.612658,-0.647472,0.181109,-0.335933,1.879805,-0.730771,0.875451,-0.483476
validation,0,0,0.279629,0.158767,1.586766,-0.291477,0.537025,-0.062653,0.371458,0.908656,-0.39675,-0.555052
validation,0,1,0.035992,-0.078339,-0.13337,-0.124282,1.145099,1.124574,-1.547503,-0.918478,0.766397,-0.832199
validation,0,1,1.918447,-1.499345,-1.756534,-1.225776,-0.793155,1.639411,-0.167491,-0.43975,1.445067,-0.91777
validation,0,1,1.801545,-0.102004,-0.980019,-0.840672,-0.478941,-1.390228,1.808848,-0.002119,0.11811,1.072692
validation,0,1,1.081305,0.368296,-2.076398,0.571119,0.176382,-1.171774,0.030915,-0.05725,0.487878,-1.054178
validation,0,1,0.12751,0.532664,-0.481598,0.514404,-0.072428,-0.378029,0.600615,-0.703023,0.725086,-2.306636
validation,0,0,-0.208925,0.41992,-0.845704,-2.193533,0.228132,0.128045,1.113197,-0.830726,-0.184941,0.184653
validation,0,1,0.706451,0.18444,0.640484,0.884667,0.136286,-0.496988,0.35352,-1.325654,0.193348,0.629242
validation,0,0,0.008871,0.668713,0.491442,0.174136,0.638785,-0.252061,-0.466267,-1.362211,-0.477054,0.371658
validation,0,1,1.934019,1.396369,1.136047,2.1006,-0.914595,0.805153,-0.585232,-0.793283,-0.351354,-0.715558
validation,0,0,-0.106733,0.870546,0.333371,0.117401,0.328313,0.458767,-1.323366,0.904259,0.316691,-0.708604
validation,0,0,-1.57707,0.869923,-0.861968,0.680295,-0.702107,0.162706,-0.245652,-1.009342,0.32929,-1.160992
validation,0,1,0.611827,0.719275,1.827044,1.656141,0.528443,0.597956,0.474169,-1.730476,0.026198,-0.030243
validation,0,0,-0.898662,-0.520529,0.192543,-1.199188,0.083588,0.51529,0.022351,0.208468,2.046376,0.161873
validation,0,1,1.201247,1.347405,-0.671841,0.499171,-0.891781,-0.357352,1.408244,0.127158,-0.407517,-0.762162
validation,0,1,-0.409785,1.894792,0.034056,-0.969572,-0.354251,-0.825406,-0.057064,0.621455,1.351324,0.071641
validation,0,1,0.013362,-0.273317,-1.054851,-1.523676,-0.429584,0.469557,0.038606,-0.189363,0.245891,1.602144
validation,0,0,-0.577519,0.71684,1.173219,-2.142898,1.049248,0.310849,-0.181285,0.060864,-1.087487,0.324951
validation,0,1,0.215062,0.134869,-1.585556,0.211032,-0.61999,-1.073721,0.694891,-0.179576,0.212967,-0.85486
validation,0,0,-0.564292,1.196673,-0.449198,-0.060678,-0.607787,2.461143,-2.122313,0.493233,-1.674997,1.312038
validation,0,0,0.45688,-0.681282,-0.730722,0.8246,1.00324,1.193643,-0.332628,-1.635975,-0.074527,-0.742245
validation,0,0,-1.03808,0.000264,1.202721,0.741435,1.112699,-0.139319,-0.4375,0.036146,-0.572502,-0.303172
validation,0,0,0.466599,-0.612883,0.762397,0.142064,-1.089353,0.700959,0.650925,-3.144232,1.434063,-0.758959
validation,0,0,0.032422,0.435098,0.023586,-0.753234,-0.116749,0.613699,1.310426,0.709381,-1.35339,-0.440184
validation,0,0,-1.368748,-1.471498,0.374342,1.947141,-0.275581,2.496263,0.033624,-1.562418,-1.548065,-1.061024
validation,0,1,1.515136,-0.65384,-1.804721,0.327184,-1.5934,1.800614,0.070279,-0.820407,0.486477,0.708023
validation,0,0,-0.640308,-0.903305,-2.110363,0.502319,-0.594724,1.591693,0.162264,-0.287086,-0.578699,0.210881
validation,0,0,-0.069242,2.705323,-0.434082,-1.012528,1.776383,-0.038593,0.806266,-0.864523,2.682528,1.343534
validation,0,0,1.687289,1.829162,-0.806105,-0.198765,-0.641118,-0.868229,-1.095067,0.302079,-0.413105,-1.628663
validation,0,0,-0.926165,-0.451785,-1.852501,2.270524,-0.069929,0.142488,-1.651028,-1.035737,-0.443284,-1.443243
validation,0,1,0.176279,0.343045,-0.366423,-0.714278,-0.242556,1.362773,-0.992156,-1.298677,0.936661,2.035399
validation,0,1,0.681495,0.450995,0.561631,0.796891,-0.441569,1.678289,0.291886,1.201111,0.612281,-0.685695
validation,0,0,-0.127328,0.799438,0.077418,1.480861,-1.884996,0.840924,-0.011984,0.896433,0.729979,0.747187
